country,name,name_local,city,region,frequency_fm,type,genre,language,political_leaning,internet_only,stream_url,codec,bitrate,stream_status,votes,logo,notes,source,timezone
FR,Laurent DINE IGLESIAS,,69,69,,Music,Electronic / Dance,French,None,Unknown,https://radio7.pro-fhi.net:19141/milleniumfm.mp3,MP3,128,Working,7,https://milleniumfm.fr/wp-content/uploads/2023/01/Millenium-Vinyl-1280x768-3-e1673027437588.jpg,"tags: dance,electro,electro latino,electro pop,french touch,hits,house,mix,progressive house,techno",radio-browser,Europe/Paris
FR,Plein Air Oyonnax,,Ain,Ain (France),,Other,Other,French,None,Unknown,http://stream.pleinair.net:8000/dr_oyonnax.mp3,MP3,192,Working,9,http://pleinair.net/apple-touch-icon.png,"tags: ain,oyonnax,plein air,plein-air",radio-browser,Europe/Paris
FR,RCF Occitanie,,Albi,Albi,,Religious,Religious,French,None,Unknown,https://rcf.streamakaci.com/rcfoccitanie.mp3,MP3,320,Working,41,https://media.rcf.fr/sites/default/files/logo_rcf.webp,tags: religious,radio-browser,Europe/Paris
FR,TBM06.FR,,Alpes-Maritimes,Alpes-Maritimes,,News & Talk,News & Talk,French,None,Unknown,https://listen.radioking.com/radio/806511/stream/875226,MP3,128,Working,0,https://www.tbm06.fr/images/logo-tbm06-carre-1000.png,"tags: alpes-maritimes,cote d azur,french hits,hits,info locale,local news,nice,pop,talk",radio-browser,Europe/Paris
FR,France Bleu Alsace,,Alsace,Alsace,,Other,Other,French,None,Unknown,https://icecast.radiofrance.fr/fbalsace-midfi.mp3,MP3,128,Working,319,https://www.francebleu.fr/images/favicon-112.png,tags: public radio,radio-browser,Europe/Paris
FR,Ici Elsass,,Alsace,Alsace,,Other,Other,French,None,Unknown,http://direct.francebleu.fr/live/Fbelsass-midfi.mp3,MP3,128,Working,0,,tags: ,radio-browser,Europe/Paris
FR,Radio ThurTàl,,Alsace,Alsace,,Other,Other,French,None,Unknown,https://stream10.vestaradio.com/RadioThurtal,MP3,192,Working,0,,tags: ,radio-browser,Europe/Paris
FR,RCB,,Alsace,Alsace,,Other,Other,French,None,Unknown,https://radio12.pro-fhi.net/radio/9013/stream.mp3,MP3,320,Working,6,"https://assets.zyrosite.com/cdn-cgi/image/format=auto,w=450,fit=crop,q=95/AwvLXg02pQhzqaMQ/cropped-logo-rcb-transparent-web-redimensionna-c-e-A3QEZ6BJlKFnx09B.png",tags: ,radio-browser,Europe/Paris
FR,📻 Guadeloupe 1ère,,Aucun,Aucun,,News & Talk,News & Talk,French,None,Unknown,https://guadeloupe.ice.infomaniak.ch/guadeloupe-128.mp3,MP3,128,Working,17,https://blogger.googleusercontent.com/img/b/R29vZ2xl/AVvXsEjqjHQ4pI-PUmGn9DHdGORU-duQo9tA-MOWJyWl1CLOpE1vYbhthO4Za1ICfPQYtVmQ2oL-wADIGrP0jt4GzJ5kbZt3iQ3dE_8Xa_CN8EFo20N0ei4xeSC7RU0WyY7wUWxo3-2e7AuvVN5f2ehaZP1EfalWFEJ3_5XvumJOLEsgPLmO6Cet58Uer4G4SA/s320/Capture%20d%E2%80%99%C3%A9cran_2024-12-19_16-23-46.png,"tags: guadeloupe,information,zouk",radio-browser,Europe/Paris
FR,📻 Positively Meditation,,Aucun,Aucun,,Other,Other,French,None,Unknown,https://streaming.positivity.radio/pr/posimeditation/icecast.audio,MP3,128,Working,146,https://blogger.googleusercontent.com/img/b/R29vZ2xl/AVvXsEgtmuQxXsk4FaNYHUD5IPcExKD0y4EU8OU1rSzpdaIrX-0CrYddUFVaGixVG6WJDz7A5EYjo_UbJ-DSt56f9J5Z0rK4O_JhDCrH2nkc6BViZLmpa9gwh3ZUzyHavUE2Buz_DVrLMbwBX_VKxqxrDLCgV11NeUZmxbI4MTZ0KSkjhoWAePu_j2xXVuhTRA/s1600/Capture%20d%E2%80%99%C3%A9cran_2024-12-19_16-17-59.png,tags: méditation,radio-browser,Europe/Paris
FR,📻 Radio Reccord Deep,,Aucun,Aucun,,Music,Electronic / Dance,French,None,Unknown,http://radiorecord.hostingradio.ru/deep96.aacp,AAC,,Working,32,https://blogger.googleusercontent.com/img/b/R29vZ2xl/AVvXsEgqA_WHPybhM-WdsX_Qk-rdHqf9-UyfviwFTPx1mdag-c9R8M_l4M_yHFjysmB0MVBikiKBYCZCAAP-k-Lyin7TPsrcVo4WS4yfgFUgm4DaIg9rbIQ13D75a6oKRnPkhGJJSUWoiC8ECIC9pXKopdWMLBiIJy_Azm-OVmKx-10dE68lk3LJFhGrSYL4/s1600/Capture%20d%E2%80%99%C3%A9cran_2024-11-20_09-31-58.png,"tags: deep,deep house,deep techno",radio-browser,Europe/Paris
FR,Alpes 1 Grenoble,,Auvergne-Rhône-Alpes,Auvergne-Rhône-Alpes,,Other,Other,French,None,Unknown,http://broadcast.infomaniak.ch/alpes1grenoble-high.mp3,MP3,128,Working,82,https://grandgrenoble.alpes1.com/apple-touch-icon-120x120.png,tags: ,radio-browser,Europe/Paris
FR,Couleurs FM Nord-Isère,,Auvergne-Rhône-Alpes,Auvergne-Rhône-Alpes,,Other,Other,French,None,Unknown,http://mixie.fr:8000/Couleursfm,MP3,192,Working,6,https://www.couleursfm.com/wp-content/uploads/2020/01/logosite.png,"tags: local,local radio,varied",radio-browser,Europe/Paris
FR,Elise radio ,,Auvergne-Rhône-Alpes,Auvergne-Rhône-Alpes ,,News & Talk,News & Talk + Music,French,None,Unknown,https://elise.wanastream.com:25000/;stream.nsv,MP3,256,Working,12,,"tags: 90's,années 80,electro,emission,jazz,pop music,talk",radio-browser,Europe/Paris
FR,Ellebore,,Auvergne-Rhône-Alpes,Auvergne-Rhône-Alpes,,Other,Other,French,None,Unknown,http://ellebore.ice.infomaniak.ch/ellebore-high.aac,AAC,128,Working,1,,tags: ,radio-browser,Europe/Paris
FR,FC Radio,,Auvergne-Rhône-Alpes,Auvergne-Rhône-Alpes,,Other,Other,French,None,Unknown,http://fcradio.ice.infomaniak.ch/fcradio-128.mp3,MP3,128,Working,56,http://www.fcradio.fr/upload/5fe0af3ae23396.63174527.ico,tags: ,radio-browser,Europe/Paris
FR,France Bleu Drôme-Ardèche,,Auvergne-Rhône-Alpes,Auvergne-Rhône-Alpes,,Other,Other,French,None,Unknown,http://direct.francebleu.fr/live/fbdromeardeche-midfi.mp3,MP3,128,Working,74,https://www.francebleu.fr/img/logo-france-bleu-seo.jpg,tags: ,radio-browser,Europe/Paris
FR,France Bleu Isère,,Auvergne-Rhône-Alpes,Auvergne-Rhône-Alpes,,Other,Other,French,None,Unknown,http://direct.francebleu.fr/live/fbisere-midfi.mp3,MP3,128,Working,514,https://www.francebleu.fr/images/favicon-112.png,tags: ,radio-browser,Europe/Paris
FR,France Bleu Pays d'Auvergne,,Auvergne-Rhône-Alpes,Auvergne-Rhône-Alpes,,Other,Other,French,None,Unknown,http://direct.francebleu.fr/live/fbpaysdauvergne-midfi.mp3,MP3,128,Working,219,https://www.francebleu.fr/img/logo_francebleu.png,tags: ,radio-browser,Europe/Paris
FR,France Bleu Pays de Savoie,,Auvergne-Rhône-Alpes,Auvergne-Rhône-Alpes,,Other,Other,French,None,Unknown,http://direct.francebleu.fr/live/fbpaysdesavoie-midfi.mp3,MP3,128,Working,1072,https://www.francebleu.fr/favicons/apple-touch-icon-180x180.png,tags: ,radio-browser,Europe/Paris
FR,France Bleu Saint-Étienne Loire,,Auvergne-Rhône-Alpes,Auvergne-Rhône-Alpes,,Other,Other,French,None,Unknown,http://direct.francebleu.fr/live/fbstetienne-midfi.mp3,MP3,128,Working,144,https://www.francebleu.fr/favicons/apple-touch-icon-180x180.png,tags: ,radio-browser,Europe/Paris
FR,France culture 2,,Auvergne-Rhône-Alpes,Auvergne-Rhône-Alpes,,News & Talk,News & Talk,French,None,Unknown,https://icecast.radiofrance.fr/franceculture-hifi.aac,AAC,192,Working,197,,tags: informations,radio-browser,Europe/Paris
FR,Fusion FM,,Auvergne-Rhône-Alpes,Auvergne-Rhône-Alpes,,Other,Other,French,None,Unknown,http://fusionfm.ice.infomaniak.ch:8000/fusionfm-192.mp3,MP3,192,Working,323,http://www.fusionfm.fr/upload/54db3483c37db5.00076713.ico,tags: ,radio-browser,Europe/Paris
FR,Hot radio Chambéry,,Auvergne-Rhône-Alpes,Auvergne-Rhône-Alpes,,Other,Other,French,None,Unknown,http://st8.hotradio.fr/32,AAC+,128,Working,137,,tags: ,radio-browser,Europe/Paris
FR,Impact FM,,Auvergne-Rhône-Alpes,Auvergne-Rhône-Alpes,,Other,Other,French,None,Unknown,http://impactfm.ice.infomaniak.ch/impactfm-128.mp3,MP3,128,Working,193,,tags: ,radio-browser,Europe/Paris
FR,Les enfants du Rhône,,Auvergne-Rhône-Alpes,Auvergne-Rhône-Alpes,,Other,Other,French,None,Unknown,https://listen.radioking.com/radio/300/stream/1430,MP3,128,Working,27,,tags: ,radio-browser,Europe/Paris
FR,Lyon 1ère,,Auvergne-Rhône-Alpes,Auvergne-Rhône-Alpes,,Other,Other,French,None,Unknown,https://lyon1ere.ice.infomaniak.ch/lyon1ere-high.mp3,MP3,128,Working,163,http://i2.cdn-image.com/__media__/pics/468/netsol-favicon-2020.jpg,tags: ,radio-browser,Europe/Paris
FR,Lyon Demain,,Auvergne-Rhône-Alpes,Auvergne-Rhône-Alpes,,News & Talk,News & Talk,French,None,Unknown,https://listen.radioking.com/radio/93388/stream/131857,MP3,128,Working,45,https://i1.wp.com/www.lyondemain.fr/wp-content/uploads/2018/09/cropped-logo-1-1.png?fit=300%2C100,"tags: france,local news,lyon",radio-browser,Europe/Paris
FR,M2S Radio,,Auvergne-Rhône-Alpes,Auvergne-Rhône-Alpes,,Music,Hip-hop / Urban,French,None,Unknown,https://icecast.m2sradio.fr/radio.aac,AAC,128,Working,1,https://listen.m2sradio.fr/assets/logo-01.png,"tags: club,latino,pop,rap,variety",radio-browser,Europe/Paris
FR,Max Radio Grenoble,,Auvergne-Rhône-Alpes,Auvergne-Rhône-Alpes,,Music,Electronic / Dance,French,None,Unknown,https://maxfm.ice.infomaniak.ch/maxfm-945.mp3,MP3,128,Working,20,https://max.radio/player/img/logo.png,"tags: dance,dance music,electro,electronic,electronic dance music,pop,pop music",radio-browser,Europe/Paris
FR,Millenium FM Electro DJ Webradio,,Auvergne-Rhône-Alpes,Auvergne-Rhône-Alpes,,Music,Jazz / Soul,French,None,Unknown,https://radio7.pro-fhi.net:19141/milleniumfm.mp3,MP3,128,Working,29,https://milleniumfm.fr/wp-content/uploads/2022/01/Logo-Millenium-FM_2021_grand.png,"tags: dance,dance music,dubstep,electro,electronic,electronic dance music,house,progressive house,soulful house,techno,trance",radio-browser,Europe/Paris
FR,Montagne FM,,Auvergne-Rhône-Alpes,Auvergne-Rhône-Alpes,,Other,Other,French,None,Unknown,http://montagnefm.ice.infomaniak.ch/montagnefm-96.mp3,MP3,96,Working,182,https://www.montagnefm.com/wp2/wp-content/uploads/2022/07/cropped-montagne_fm-1-180x180.png,tags: ,radio-browser,Europe/Paris
FR,Néric Collection,,Auvergne-Rhône-Alpes,Auvergne-Rhône-Alpes,,Music,Jazz / Soul,French,None,Unknown,https://radio.neric-collection.fr/listen/neric_collection/radio.mp3,MP3,128,Working,1,https://neric-collection.fr/img/neric-logo-512.jpg,"tags: 80s,adult contemporary,chanson francaise,disco,france,funk,italian,new wave,oldies,pop,rock,soundtracks",radio-browser,Europe/Paris
FR,ODS Radio,,Auvergne-Rhône-Alpes,Auvergne-Rhône-Alpes,,Other,Other,French,None,Unknown,http://ods.ice.infomaniak.ch/ods-high.mp3,MP3,128,Working,1088,https://www.odsradio.com/apple-touch-icon-120x120.png,tags: ,radio-browser,Europe/Paris
FR,ODS Radio Légende du Rock,,Auvergne-Rhône-Alpes,Auvergne-Rhône-Alpes,,Music,Rock / Alternative,"English,French",None,Unknown,http://egwr-ods-ldr.ice.infomaniak.ch/ods-legend-du-rock.mp3,MP3,128,Working,7,https://www.odsradio.com/media/radio/thumb/360x360_691f2bd2af31f-plan-de-travail-1.webp,"tags: alternative rock,classic rock,hard rock,indie rock,pop rock,rock",radio-browser,Europe/Paris
FR,ODS Radio Rock,,Auvergne-Rhône-Alpes,Auvergne-Rhône-Alpes,,Music,Rock / Alternative,"English,French",None,Unknown,https://ods-rock.ice.infomaniak.ch/ods-rock.mp3,MP3,128,Working,13,https://www.odsradio.com/media/radio/thumb/360x360_691f2bc5851bf-plan-de-travail-1.webp,"tags: alternative rock,indie rock,pop rock,rock,soft rock",radio-browser,Europe/Paris
FR,Perrine FM,,Auvergne-Rhône-Alpes,Auvergne-Rhône-Alpes,,Other,Other,French,None,Unknown,http://perrinefm.ice.infomaniak.ch/perrinefm-high.mp3,MP3,128,Working,20,,tags: ,radio-browser,Europe/Paris
FR,PROJET XY,,Auvergne-Rhône-Alpes,Auvergne-Rhône-Alpes,,Other,Other,French,None,Unknown,https://flux.saaslys.com:8000/radio.mp3,MP3,192,Working,2,https://cdn-images.dzcdn.net/images/artist/bec649ded67ae4a1741650e148d9af6b/500x500-000000-80-0-0.jpg,tags: ,radio-browser,Europe/Paris
FR,Puissance Max la Radio,,Auvergne-Rhône-Alpes,Auvergne-Rhône-Alpes,,Other,Other,Franch,None,Unknown,http://ecmanager2.pro-fhi.net:1220/;?type=http&nocache=1784537822,MP3,192,Working,0,https://www.image-heberg.fr/files/17675323612993863926.png,tags: ,radio-browser,Europe/Paris
FR,RADIO 74,,Auvergne-Rhône-Alpes,Auvergne-Rhône-Alpes,,Religious,Religious,French,None,Unknown,http://radio74.ice.infomaniak.ch/radio74-low.mp3,MP3,128,Working,18,,tags: christian,radio-browser,Europe/Paris
FR,Radio Arménie,,Auvergne-Rhône-Alpes,Auvergne-Rhône-Alpes,,Other,Other,French,None,Unknown,http://direct.radioarmenie.com:9029/stream,MP3,128,Working,67,,tags: ,radio-browser,Europe/Paris
FR,Radio Campus Grenoble,,Auvergne-Rhône-Alpes,Auvergne-Rhône-Alpes,,Other,Other,French,None,Unknown,https://live.campusgrenoble.org/rcg112,MP3,,Working,27,,tags: ,radio-browser,Europe/Paris
FR,Radio Canut,,Auvergne-Rhône-Alpes,Auvergne-Rhône-Alpes,,News & Talk,News & Talk,Français - Lëtzebuergesch,None,Unknown,https://live.aurafm.org/radiocanut,MP3,128,Working,11,,"tags: musique,politics,rap,talk",radio-browser,Europe/Paris
FR,Radio Coquelicot,,Auvergne-Rhône-Alpes,Auvergne-Rhône-Alpes,,Other,Other,French,None,Unknown,http://str0.creacast.com/radio_coquelicot,MP3,,Working,18,http://www.radiocoquelicot.com/favicon.ico,tags: ,radio-browser,Europe/Paris
FR,Radio Espace,,Auvergne-Rhône-Alpes,Auvergne-Rhône-Alpes,,Other,Other,French,None,Unknown,http://radioespace.ice.infomaniak.ch/radioespace-high.mp3,MP3,192,Working,290,http://www.radioespace.com/favicon.ico,tags: ,radio-browser,Europe/Paris
FR,Radio ISA Bourgoin,,Auvergne-Rhône-Alpes,Auvergne-Rhône-Alpes,,Other,Other,French,None,Unknown,http://radioisa.ice.infomaniak.ch/radioisa-32.aac,AAC+,32,Working,19,,tags: ,radio-browser,Europe/Paris
FR,Radio ISA Grenoble,,Auvergne-Rhône-Alpes,Auvergne-Rhône-Alpes,,Other,Other,French,None,Unknown,http://radioisavoiron.ice.infomaniak.ch/radioisavoiron-128.mp3,MP3,128,Working,29,,tags: ,radio-browser,Europe/Paris
FR,Radio ISA Voiron,,Auvergne-Rhône-Alpes,Auvergne-Rhône-Alpes,,Other,Other,French,None,Unknown,http://radioisavoiron.ice.infomaniak.ch/radioisavoiron-32.aac,AAC+,32,Working,16,http://radio-isa.com/upload/60c70fc74cf8f4.23405983.ico,tags: ,radio-browser,Europe/Paris
FR,Radio Mont-Blanc,,Auvergne-Rhône-Alpes,Auvergne-Rhône-Alpes,,Other,Other,French,None,Unknown,http://radiomontblanc1.ice.infomaniak.ch/radiomontblanc1-128.mp3,MP3,128,Working,29,,tags: ,radio-browser,Europe/Paris
FR,Radio Passion,,Auvergne-Rhône-Alpes,Auvergne-Rhône-Alpes,,Other,Other,French,None,Unknown,http://91.121.62.121:8088/;stream.nsv,MP3,128,Working,33,http://www.radiopassion.fr/favicon.ico,tags: ,radio-browser,Europe/Paris
FR,Radio RMB,,Auvergne-Rhône-Alpes,Auvergne-Rhône-Alpes,,Other,Other,French,None,Unknown,http://rmb.ice.infomaniak.ch/rmb-high.mp3,MP3,,Working,34,,tags: ,radio-browser,Europe/Paris
FR,Radio RVA,,Auvergne-Rhône-Alpes,Auvergne-Rhône-Alpes,,Other,Other,French,None,Unknown,http://rva.ice.infomaniak.ch/rva-high.mp3,MP3,128,Working,314,https://www.radiorva.com/apple-touch-icon-120x120.png,tags: ,radio-browser,Europe/Paris
FR,Radio Scoop Bourg,,Auvergne-Rhône-Alpes,Auvergne-Rhône-Alpes,,Other,Other,French,None,Unknown,http://radioscoopbourg-en-bresse.ice.infomaniak.ch/radioscoop-bourg-128.mp3,MP3,128,Working,22,,tags: ,radio-browser,Europe/Paris
FR,Radio Scoop Clermont,,Auvergne-Rhône-Alpes,Auvergne-Rhône-Alpes,,Other,Other,French,None,Unknown,http://radioscoopclermont-ferrand.ice.infomaniak.ch/radioscoop-clermont-128.mp3,MP3,128,Working,45,http://radioscoop.com/favicon.ico,tags: ,radio-browser,Europe/Paris
FR,Radio Scoop Lyon,,Auvergne-Rhône-Alpes,Auvergne-Rhône-Alpes,,Other,Other,French,None,Unknown,http://radioscooplyon.ice.infomaniak.ch/radioscoop-lyon-128.mp3,MP3,128,Working,508,,tags: ,radio-browser,Europe/Paris
FR,Radio Val d'Isère,,Auvergne-Rhône-Alpes,Auvergne-Rhône-Alpes,,Other,Other,French,None,Unknown,http://radio.doubleclic.fr/radiovaldisere.mp3,MP3,160,Working,15,,tags: ,radio-browser,Europe/Paris
FR,Radio Zig Zag - Pays de Romans,,Auvergne-Rhône-Alpes,Auvergne-Rhône-Alpes,,Music,Rock / Alternative,French,None,Unknown,https://zig.syndicastream.fr:8443/stream,MP3,192,Working,9,https://www.radiozigzag.com/upload/players/5e8c9be47883d0.52483364.jpg,"tags: local,local radio,pop,pop music,pop rock",radio-browser,Europe/Paris
FR,RCF Haute-Loire,,Auvergne-Rhône-Alpes,Auvergne-Rhône-Alpes,,Religious,Religious,French,None,Unknown,http://rcf.streamakaci.com/rcf43.mp3,MP3,128,Working,9,,tags: christian,radio-browser,Europe/Paris
FR,RCF Haute-Savoie,,Auvergne-Rhône-Alpes,Auvergne-Rhône-Alpes,,Religious,Religious,French,None,Unknown,http://rcf.streamakaci.com/rcf74.mp3,MP3,128,Working,46,,tags: christian,radio-browser,Europe/Paris
FR,RCF Lyon,,Auvergne-Rhône-Alpes,Auvergne-Rhône-Alpes,,Religious,Religious,French,None,Unknown,http://rcf.streamakaci.com/rcf69.mp3,MP3,128,Working,142,,tags: christian,radio-browser,Europe/Paris
FR,RJL (Radio Judaica Lyon),,Auvergne-Rhône-Alpes,Auvergne-Rhône-Alpes,,Other,Other,French,None,Unknown,http://judaica.ice.infomaniak.ch/judaica-high.mp3,MP3,128,Working,84,,tags: ,radio-browser,Europe/Paris
FR,SOL FM,,Auvergne-Rhône-Alpes,Auvergne-Rhône-Alpes,,Music,Rock / Alternative,French,None,Unknown,http://stric6.streamakaci.com/solfm64.mp3,MP3,128,Working,78,,"tags: alternative,rock",radio-browser,Europe/Paris
FR,SUN101.5,,Auvergne-Rhône-Alpes,Auvergne-Rhône-Alpes,,Other,Other,French,None,Unknown,http://radiosun.ice.infomaniak.ch/radiosun-high.aac,AAC+,64,Working,16,http://generations.fr/apple-touch-icon.png,tags: ,radio-browser,Europe/Paris
FR,Token FM,,Auvergne-Rhône-Alpes,Auvergne-Rhône-Alpes,,News & Talk,News & Talk,French,None,Unknown,https://tokenfm.fr/live.mp3,MP3,128,Working,1,https://tokenfm.fr/static/brand/apple-touch-icon.png,"tags: ai,ai radio,artificial intelligence,news,news talk,talk,technology",radio-browser,Europe/Paris
FR,Tonic Radio Bourgoin,,Auvergne-Rhône-Alpes,Auvergne-Rhône-Alpes,,Music,Pop / Hits,French,None,Unknown,http://tonicradiobourgoin.ice.infomaniak.ch/tonicradiobourgoin.mp3,MP3,128,Working,47,,"tags: hits,pop,top 40",radio-browser,Europe/Paris
FR,Tonic Radio Villefranche,,Auvergne-Rhône-Alpes,Auvergne-Rhône-Alpes,,Music,Pop / Hits,French,None,Unknown,http://tonicradiovillefranche.ice.infomaniak.ch/tonicradiovillefranche.mp3,MP3,128,Working,134,,"tags: hits,pop,top 40",radio-browser,Europe/Paris
FR,Totem Cantal Haute-Loire Puy-de-Dôme,,Auvergne-Rhône-Alpes,Auvergne-Rhône-Alpes,,Other,Other,French,None,Unknown,http://aratotem.ice.infomaniak.ch/auvergne.mp3,MP3,128,Working,24,https://bocir-prod-bucket.s3.amazonaws.com/radios/totem/images/favicon.x-icon,tags: ,radio-browser,Europe/Paris
FR,Virage Radio,,Auvergne-Rhône-Alpes,Auvergne-Rhône-Alpes,,Other,Other,French,None,Unknown,http://virageradio.ice.infomaniak.ch/virageradio-high.mp3,MP3,128,Working,267,https://www.virageradio.com/apple-touch-icon-120x120.png,tags: ,radio-browser,Europe/Paris
FR,Virage Radio Nationale,,Auvergne-Rhône-Alpes,Auvergne-Rhône-Alpes,,Music,Rock / Alternative,French,None,Unknown,http://virageradio.ice.infomaniak.ch/virageradio-natio.mp3,MP3,128,Working,63,https://www.virageradio.com/apple-touch-icon-120x120.png,tags: rock,radio-browser,Europe/Paris
FR,Virage Radio Rock 2000,,Auvergne-Rhône-Alpes,Auvergne-Rhône-Alpes,,Music,Rock / Alternative,French,None,Unknown,http://virage-rock-2000.ice.infomaniak.ch/virage-rock-2000.mp3,MP3,128,Working,44,https://www.virageradio.com/apple-touch-icon-120x120.png,"tags: 2000s,rock",radio-browser,Europe/Paris
FR,Virage Radio Rock 80,,Auvergne-Rhône-Alpes,Auvergne-Rhône-Alpes,,Music,Rock / Alternative,French,None,Unknown,http://virage-rock-80.ice.infomaniak.ch/virage-rock-80.mp3,MP3,128,Working,120,https://www.virageradio.com/apple-touch-icon-120x120.png,"tags: 80s rock,rock",radio-browser,Europe/Paris
FR,Antxeta irratia,,Basque Country,Basque Country,,News & Talk,News & Talk,French,None,Unknown,https://streaming.antxetamedia.eus:8443/antxeta1,MP3,192,Working,18,,"tags: local news,news",radio-browser,Europe/Paris
FR,Radio Food,,Besançon,"Besançon, Doubs",,Other,Other,French,None,Unknown,http://streaming.radionomy.com/JamendoLounge,MP3,128,Working,12,,"tags: ambient,relaxing",radio-browser,Europe/Paris
FR,Radio Sud Besançon,,Besançon,"Besançon, Doubs",,Other,Other,French,None,Unknown,https://radiosudbesancon.ice.infomaniak.ch/radiosudbesancon-128.mp3,MP3,128,Working,2,,tags: ,radio-browser,Europe/Paris
FR,Radio Bar Sardine,,Bordeaux,Bordeaux,,Music,Jazz / Soul,French,None,Unknown,https://listen.radioking.com/radio/552908/stream/612230,MP3,128,Working,2,https://encrypted-tbn0.gstatic.com/images?q=tbn:ANd9GcTWtvbStzBwDUnWYoX8UJZQL7tgoSr8IZ6nPN77UMlLpwa-3Sbr6QMg_j4K&s=10,"tags: disco,folk,jazz,soul",radio-browser,Europe/Paris
FR,Radio Nunc,,Bouche De Rhône,bouche de Rhône,,Other,Other,French,None,Unknown,https://diffusion.radionunc.org:8443/stream,MP3,96,Working,4,,tags: field recording,radio-browser,Europe/Paris
FR,Radio sisko fm,,Bouche De Rhône,bouche de Rhône,,News & Talk,News & Talk,Franch,None,Unknown,https://stream.zeno.fm/nesckintyb8uv,MP3,128,Working,1,https://primary.jwwb.nl/public/o/l/o/temp-ibtrsekethdwduzkuoxo/reel-video-instagram-voyage-moderne-minimaliste-blanc-et-jaune-publication_20240929_182455_0000-high-high-t1jvz2.png?enable-io=true&enable=upscale&height=140&quality=70,tags: news,radio-browser,Europe/Paris
FR,21 RADIO DIJON,,Bourgogne-Franche-Comté,Bourgogne-Franche-Comté,,News & Talk,News & Talk + Music,French,None,Unknown,http://82.64.123.204:8001/21radio,MP3,128,Working,183,"https://static.wixstatic.com/media/d50cc2_204dcbcc38444c29a41fb23b0a5b4041~mv2.png/v1/fill/w_502,h_173,al_c,q_85,usm_0.66_1.00_0.01,enc_auto/Logo_21_Radio_bmp.png","tags: goldies,local music,local news,poetry,variety hits",radio-browser,Europe/Paris
FR,Air Connect,,Bourgogne-Franche-Comté,Bourgogne-Franche-Comté,,Music,Electronic / Dance,"English,French",None,Unknown,https://stream.airconnectradio.com/ac192.mp3,MP3,192,Working,23,,"tags: edm,house,pop,urban",radio-browser,Europe/Paris
FR,France Bleu Auxerre,,Bourgogne-Franche-Comté,Bourgogne-Franche-Comté,,Other,Other,French,None,Unknown,http://direct.francebleu.fr/live/fbauxerre-midfi.mp3,MP3,128,Working,263,https://www.francebleu.fr/favicons/apple-touch-icon-180x180.png,tags: ,radio-browser,Europe/Paris
FR,France Bleu Belfort-Montbéliard,,Bourgogne-Franche-Comté,Bourgogne-Franche-Comté,,Other,Other,French,None,Unknown,http://direct.francebleu.fr/live/fbbelfort-midfi.mp3,MP3,128,Working,61,https://www.francebleu.fr/favicons/apple-touch-icon-180x180.png,tags: ,radio-browser,Europe/Paris
FR,France Bleu Besançon,,Bourgogne-Franche-Comté,Bourgogne-Franche-Comté,,Other,Other,French,None,Unknown,http://direct.francebleu.fr/live/fbbesancon-midfi.mp3,MP3,128,Working,228,https://www.francebleu.fr/favicons/apple-touch-icon-180x180.png,tags: ,radio-browser,Europe/Paris
FR,France Bleu Bourgogne,,Bourgogne-Franche-Comté,Bourgogne-Franche-Comté,,Other,Other,French,None,Unknown,http://direct.francebleu.fr/live/fbbourgogne-midfi.mp3,MP3,128,Working,181,https://www.francebleu.fr/favicons/apple-touch-icon-180x180.png,tags: ,radio-browser,Europe/Paris
FR,Fréquence Plus,,Bourgogne-Franche-Comté,Bourgogne-Franche-Comté,,Other,Other,French,None,Unknown,https://freqplus.ice.infomaniak.ch/freqplus-high.aac,AAC+,64,Working,78,https://www.frequenceplus.fr/img/favicon-32x32.png,tags: ,radio-browser,Europe/Paris
FR,K6 FM,,Bourgogne-Franche-Comté,Bourgogne-Franche-Comté,,Other,Other,French,None,Unknown,http://k6fm.ice.infomaniak.ch/k6fm-128.mp3,MP3,128,Working,23,https://bocir-prod-bucket.s3.eu-west-1.amazonaws.com/radios/k6fm/images/favicon.x-icon,tags: ,radio-browser,Europe/Paris
FR,Radio Shalom Besançon,,Bourgogne-Franche-Comté,Bourgogne-Franche-Comté,,Other,Other,French,None,Unknown,http://radioshalombesancon.ice.infomaniak.ch/radioshalombesancon-128.mp3,MP3,128,Working,35,,"tags: community radio,jewish community,local radio",radio-browser,Europe/Paris
FR,RCF en Bourgogne,,Bourgogne-Franche-Comté,Bourgogne-Franche-Comté,,Religious,Religious,French,None,Unknown,http://rcf.streamakaci.com/rcf21.mp3,MP3,128,Working,23,,tags: christian,radio-browser,Europe/Paris
FR,RTS programme Fréquence Plus,,Bourgogne-Franche-Comté,Bourgogne-Franche-Comté,,Other,Other,French,None,Unknown,https://frequenceplus71.ice.infomaniak.ch/frequenceplus71-128.mp3,MP3,128,Working,19,https://www.frequenceplus.fr/img/favicon-32x32.png,tags: ,radio-browser,Europe/Paris
FR,Bretagne 5,,Bretagne,Bretagne,,News & Talk,News & Talk + Music,French,None,Unknown,http://bretagne5.streamakaci.com/bretagne5.mp3,MP3,192,Working,218,http://www.bretagne5.fr/sites/default/files/favicon.png,"tags: local news,local weather,music,news,regional radio",radio-browser,Europe/Paris
FR,Canal B,,Bretagne,Bretagne,,Other,Other,French,None,Unknown,http://stream.levillage.org/canalb,MP3,,Working,114,,tags: ,radio-browser,Europe/Paris
FR,Canal B - 94Mhz,,Bretagne,Bretagne,,Music,Rock / Alternative,French,None,Unknown,http://stream.levillage.org/canalb,MP3,,Working,51,,tags: alternative,radio-browser,Europe/Paris
FR,Canal Breizh,,Bretagne,Bretagne,,Music,Traditional / Folk,Breton,None,Unknown,http://cast.canalbreizh.bzh/canalbreizh-hd-mp3,MP3,192,Working,431,,"tags: breton,folk",radio-browser,Europe/Paris
FR,Carocelt,,Bretagne,Bretagne,,Other,Other,French,None,Unknown,http://carocelt.ice.infomaniak.ch/carocelt-128.mp3,MP3,160,Working,48,https://www.radiocaroline.bzh/upload/players/604f3f559d2c19.03659817.png,tags: ,radio-browser,Europe/Paris
FR,France Bleu Armorique,,Bretagne,Bretagne,,Other,Other,French,None,Unknown,http://direct.francebleu.fr/live/fbarmorique-midfi.mp3,MP3,128,Working,263,,tags: ,radio-browser,Europe/Paris
FR,France Bleu Breizh Izel,,Bretagne,Bretagne,,Other,Other,French,None,Unknown,http://direct.francebleu.fr/live/fbbreizizel-midfi.mp3,MP3,128,Working,399,,tags: ,radio-browser,Europe/Paris
FR,Fréquence Mutine,,Bretagne,Bretagne,,Music,Rock / Alternative,French,None,Unknown,http://icecast.infini.fr:8000/mutine,MP3,,Working,589,,"tags: electro,emission,hip-hop,punk,radio libre,rock",radio-browser,Europe/Paris
FR,Hit West Brest ,,Bretagne,Breizh Bretagne,,Other,Other,Francaise,None,Unknown,https://stream.rcs.revma.com/rdma79x0am3vv,MP3,,Working,13,,tags: ,radio-browser,Europe/Paris
FR,ici Armorique,,Bretagne,Bretagne,,Other,Other,French,None,Unknown,https://icecast.radiofrance.fr/fbarmorique-midfi.mp3,MP3,128,Working,18,https://www.francebleu.fr/favicon56.ico,tags: ,radio-browser,Europe/Paris
FR,MANARADIO,,Bretagne,Bretagne,,Other,Other,French,None,Unknown,https://radio.mana.bzh/listen/mana/radio.mp3,MP3,192,Working,1,https://mana.bzh/favicon.png,"tags: ambiance,ambient,associatif,breizh,bretagne,ess,nature,solidarite",radio-browser,Europe/Paris
FR,OceaneFM,,Bretagne,Bretagne,,News & Talk,News & Talk,"Breton,Franch",None,Unknown,https://stream.rcs.revma.com/4q26yzaf0v3vv,AAC,,Working,8,https://medias.lesindesradios.fr/t:app(web)/t:r(unknown)/filters:format(webp)/filters:quality(100)/radios/oceane/images/footerLogo_DreypbXRpp.png,"tags: breizh,bretagne,breton,jazz,local news,news,pop,pop rock,radio française,rock",radio-browser,Europe/Paris
FR,radio Activ',,Bretagne,Breizh Bretagne,,Music,Mixed music,French,None,Unknown,https://stream.radios.bzh/hls/radioactiv/live.m3u8,AAC,52,Working,9,https://www.radio-activ.com/wp-content/uploads/2025/03/cropped-LOGO-RADIO-ACTIV.png,tags: all of edm and all of music,radio-browser,Europe/Paris
FR,Radio BOA,,Bretagne,Bretagne,,Music,Mixed music,"Breton,French,Gallo",None,Unknown,https://stream.radios.bzh/hls/boa/aac_hifi.m3u8,UNKNOWN,,Working,30,https://radio-boa.bzh/_ipx/f_webp&s_250x329/logo_white_vertical.svg,"tags: breizh,bretagne,generalist,local music,local radio,music,radio associative",radio-browser,Europe/Paris
FR,Radio Bonheur,,Bretagne,Bretagne,,Other,Other,French,None,Unknown,http://radiobonheur.ice.infomaniak.ch/radiobonheur-128-1.mp3,MP3,128,Working,391,,tags: ,radio-browser,Europe/Paris
FR,Radio Caroline - La Radio de Bretagne,,Bretagne,Bretagne,,Music,Rock / Alternative,French,None,Unknown,http://radiocaroline.ice.infomaniak.ch/radiocaroline-128.mp3,MP3,160,Working,88,https://www.radiocaroline.bzh/upload/favicon.ico,"tags: chansons françaises,pop,rock",radio-browser,Europe/Paris
FR,Radio Evasion,,Bretagne,Bretagne,,Other,Other,French,None,Unknown,http://radioevasion.fr:8020/,MP3,192,Working,115,http://www.radioevasion.net/favicon.ico,tags: ,radio-browser,Europe/Paris
FR,Radio Kerne,,Bretagne,Breizh Bretagne,,Other,Other,French,None,Unknown,https://stream.radios.bzh/listen/kerne/radio.mp3,MP3,256,Working,20,,tags: ,radio-browser,Europe/Paris
FR,Radio Neptune,,Bretagne,Bretagne,,Music,Classical,French,None,Unknown,http://icecast.infini.fr:8000/neptune,MP3,320,Working,375,,"tags: classical,jazz",radio-browser,Europe/Paris
FR,Radio Rennes,,Bretagne,Bretagne,,Other,Other,French,None,Unknown,https://stream4.vestaradio.com/RADIORENNES,MP3,128,Working,15,,tags: ,radio-browser,Europe/Paris
FR,RCF Alpha,,Bretagne,Bretagne,,Religious,Religious,French,None,Unknown,http://rcf.streamakaci.com/rcf35.mp3,MP3,128,Working,33,,tags: christian,radio-browser,Europe/Paris
FR,RCF Côtes d'Armor,,Bretagne,Bretagne,,Religious,Religious,French,None,Unknown,http://rcf.streamakaci.com/rcf22.mp3,MP3,128,Working,25,,tags: christian,radio-browser,Europe/Paris
FR,RCF Sud Bretagne,,Bretagne,Bretagne,,Religious,Religious,French,None,Unknown,http://rcf.streamakaci.com/rcf56v.mp3,MP3,128,Working,49,,tags: christian,radio-browser,Europe/Paris
FR,RKB,,Bretagne,Bretagne,,Other,Other,"Breton,Brezhoneg",None,Unknown,https://stream.radios.bzh/listen/rkb/radio.mp3,MP3,256,Working,28,https://www.rkb.bzh/wp-content/uploads/2019/12/cropped-rkb_web-192x192.jpg,tags: radio communautaire,radio-browser,Europe/Paris
FR,RMN,,Bretagne,Bretagne,,Other,Other,French,None,Unknown,https://bretagnetv.bzh/concarneau,MP3,192,Working,113,https://static.mytuner.mobi/media/tvos_radios/zqwhqb3axdeh.png,tags: ,radio-browser,Europe/Paris
FR,ROBOTARIIS RADIO,,Bretagne,Bretagne,,Music,Electronic / Dance,"English,French",None,Unknown,https://subwave.robotariis.com/stream.mp3,MP3,192,Working,0,https://robotariis.com/static/icon.png,"tags: ai generated,ambient,downtempo,electronic,industrial,netradio,synthwave,techno",radio-browser,Europe/Paris
FR,HITWEST,,Bretagne / Pays De La Loire,Bretagne / Pays de la Loire,,Other,Other,French,None,Unknown,https://stream.rcs.revma.com/nvsuedfwcy3vv,AAC,,Working,115,,tags: ,radio-browser,Europe/Paris
FR,Europe 2 Morlaix brest,,Bretagne/ Finistère Brest Morlaix,Bretagne/ Finistère brest Morlaix ,,Other,Other,Francaise,None,Unknown,https://europe2.lmn.fm/europe2.mp3?aw_0_1st.playerid=lgrdnwsRadioFM,MP3,128,Working,7,,tags: ,radio-browser,Europe/Paris
FR,Radio Bro Gwened,,Brittany,Brittany,,Other,Other,French,None,Unknown,https://stream.radios.bzh/listen/rbg/radio.mp3,MP3,256,Working,29,https://rbg.bzh//app/themes/rbg-radio/assets/images/logo_RBG.png,tags: ,radio-browser,Europe/Paris
FR,Radio Kreiz Breizh,,Brittany,Brittany,,Other,Other,Brezhoneg,None,Unknown,https://stream.radios.bzh/listen/rkb/radio.mp3,MP3,256,Working,47,,tags: breton,radio-browser,Europe/Paris
FR,Ràdio País,,Béarn,Béarn,,News & Talk,News & Talk + Music,"Bearnese,Gascon,Occitan",None,Unknown,https://stunnel2.cyber-streaming.com:9272/stream,MP3,128,Working,72,https://www.radiopais.fr/favicon.ico,"tags: bearn,folk,gascony,music,news,occitania,regional,talk,traditional",radio-browser,Europe/Paris
FR,Station B,,Calvados,Calvados,,Other,Other,French,None,Unknown,https://stream.lastationb.fr/stationb,MP3,192,Working,1,,tags: ,radio-browser,Europe/Paris
FR,RADIO DANCE années 90,,Cannes,"Provence-Alpes-Côte d'Azur, Cannes",,Music,Electronic / Dance,English,None,Unknown,https://radiodance.streamingmedia.it/fr.aac,AAC+,320,Working,17,https://www.radio.dance/logo_radiodance90s_512.png,"tags: 90s dance,dance",radio-browser,Europe/Paris
FR,Contact Fm Occitanie,Contact FM Occitanie,Carcassonne,Occitanie,88.8,Music,Regional hits,French,None,No,,,,No stream found,0,https://www.contactfm.fr/favicon.ico,curated: ,curated,Europe/Paris
FR,Grand Sud FM,Grand Sud FM,Carcassonne,Occitanie,95.3,News & Talk,Regional news & music,French,None,No,,,,No stream found,0,https://www.grandsudfm.com/favicon.ico,"Main Aude regional station (Carcassonne 95.3, Narbonne 92.5)",curated+radio-browser,Europe/Paris
FR,Radio lenga d'Oc,Radio Lenga d'Òc,Carcassonne,Occitanie,,Other,Occitan language & culture,French,None,No,https://stream-ssl.radios-arra.fr:8443/rlo,MP3,128,Working,6,https://radiolengadoc.com/wp-content/themes/radiolengadoc/template-parts/header/logo-rlo/LOGO-RLO_CARNAVAL.png,curated: ,curated+radio-browser,Europe/Paris
FR,Radio Marseillette,Radio Marseillette,Carcassonne,Occitanie,101.3,Music,Local programming,French,None,No,https://rcast.pro-fhi.net:9006/stream,MP3,192,Working,55,http://www.marseillettefm.com/upload/design/5fb2b8c9ef7578.99339700.png,curated: ,curated+radio-browser,Europe/Paris
FR,RCF Pays d'Aude,RCF Pays d'Aude,Carcassonne,Occitanie,103.0,Religious,Catholic / Local,French,None,No,http://rcf.streamakaci.com/rcf11.mp3,MP3,128,Working,28,,"Local Catholic radio (Carcassonne 103.0, Narbonne 98.2)",curated+radio-browser,Europe/Paris
FR,Horizon 90,,Centre,Centre,,Other,Other,French,None,Unknown,https://horizon90.ice.infomaniak.ch/horizon90-128.mp3,MP3,128,Working,0,,tags: ,radio-browser,Europe/Paris
FR,Radio Dynamo,,Centre,Centre,,Other,Other,French,None,Unknown,https://dynamo.ice.infomaniak.ch/dynamo.aac,AAC,96,Working,12,https://external-content.duckduckgo.com/iu/?u=https%3A%2F%2Flookaside.fbsbx.com%2Flookaside%2Fcrawler%2Fmedia%2F%3Fmedia_id%3D239189915631042&f=1&nofb=1&ipt=4eb369aa11463f4c4d2b6adfdad6d8b2f9a7dc22b4d5b714a31f44e1e787a9b9&ipo=images,tags: ,radio-browser,Europe/Paris
FR,AkroRadio,,Centre-Val De Loire,Centre-Val de Loire,,Music,Electronic / Dance,French,None,Unknown,http://stream.akroradio.com:10012/AkroRadio,MP3,,Working,38,https://www.akroradio.com/wp-content/uploads/2020/11/cropped-icone-1-180x180.png,"tags: 80's,90's,dance,hits,techno,top40",radio-browser,Europe/Paris
FR,France Bleu Berry,,Centre-Val De Loire,Centre-Val de Loire,,Other,Other,French,None,Unknown,http://direct.francebleu.fr/live/fbberry-midfi.mp3,MP3,128,Working,295,https://www.francebleu.fr/favicons/apple-touch-icon-180x180.png,tags: ,radio-browser,Europe/Paris
FR,France Bleu Orléans,,Centre-Val De Loire,Centre-Val de Loire,,Other,Other,French,None,Unknown,http://direct.francebleu.fr/live/fborleans-midfi.mp3,MP3,128,Working,349,https://www.francebleu.fr/favicons/apple-touch-icon-180x180.png,tags: ,radio-browser,Europe/Paris
FR,France Bleu Touraine,,Centre-Val De Loire,Centre-Val de Loire,,Other,Other,French,None,Unknown,http://direct.francebleu.fr/live/fbtouraine-midfi.mp3,MP3,128,Working,105,https://www.francebleu.fr/favicons/apple-touch-icon-180x180.png,tags: ,radio-browser,Europe/Paris
FR,Radio Béton !,,Centre-Val De Loire,Centre-Val de Loire,,Other,Other,French,None,Unknown,http://51.254.220.198:8000/stream.mp3,MP3,320,Working,235,,tags: ,radio-browser,Europe/Paris
FR,Radio Grand Ciel,,Centre-Val De Loire,Centre-Val de Loire,,Religious,Religious,French,None,Unknown,http://str0.creacast.com/radio_grand_ciel,MP3,128,Working,21,,tags: christian,radio-browser,Europe/Paris
FR,RCF en Berry,,Centre-Val De Loire,Centre-Val de Loire,,Religious,Religious,French,None,Unknown,http://rcf.streamakaci.com/rcf18.mp3,MP3,128,Working,11,,tags: christian,radio-browser,Europe/Paris
FR,RCF Loiret,,Centre-Val De Loire,Centre-Val de Loire,,Religious,Religious,French,None,Unknown,http://rcf.streamakaci.com/rcf45.mp3,MP3,128,Working,342,,tags: christian,radio-browser,Europe/Paris
FR,Studio ZEF,,Centre-Val De Loire,Centre-Val de Loire,,Other,Other,French,None,Unknown,http://www.studiozef.fr:8000/zef.mp3,MP3,192,Working,52,http://www.studiozef.fr/wp-content/uploads/2015/02/faviconZEF.png,tags: ,radio-browser,Europe/Paris
FR,MixFeever,,Charente,Charente,,Other,Other,French,None,Unknown,https://listen.mixfeever.com/feevermix,MP3,128,Working,6,,tags: ,radio-browser,Europe/Paris
FR,Radio Echo des Choucas (REC),,Chauvigny,Chauvigny (86),,Music,Jazz / Soul,"Francaise,French",None,Unknown,https://hosting.radiomedia.fr:2005/stream,MP3,192,Working,7,https://radiorec.fr/wp-content/uploads/2025/03/cropped-logo-REC-2024-1-32x32.png,"tags: french chansons,french music,jazz",radio-browser,Europe/Paris
FR,FREQUENCE 3 - DANCE FLAC [Powered by IKOULA] - M2 Club,,Château-Renault,Château-Renault,,Music,Electronic / Dance,French,None,Unknown,https://onair.net-radio.fr/frequence3dance.flac,OGG,1536,Working,310,,"tags: dance,house",radio-browser,Europe/Paris
FR,Bréniges FM,,Corrèze,Corrèze,,News & Talk,News & Talk,French,None,Unknown,https://stream.rcs.revma.com/uzz0fgg64zcwv,MP3,,Working,0,,"tags: hits,local news",radio-browser,Europe/Paris
FR,France Bleu RCFM,,Corse,Corse,,Other,Other,French,None,Unknown,http://direct.francebleu.fr/live/fbfrequenzamora-midfi.mp3,MP3,128,Working,244,,tags: ,radio-browser,Europe/Paris
FR,Radio Bartas,,Cévennes,Cévennes,,News & Talk,News & Talk + Music,French,None,Unknown,https://stream-ssl.radios-arra.fr:8443/radiobartas,MP3,256,Working,15,https://www.radiobartas.net/wp-content/uploads/2019/08/logo-RADIO-BARTAS-final.jpg,"tags: local,music,talk",radio-browser,Europe/Paris
FR,COB' FM Saint-Brieuc,,Côtes D'Armor,Côtes d'Armor,,Other,Other,French,None,Unknown,https://myradiostream.com/embed/assets/mp3/test.mp3,MP3,,Working,11,,tags: ,radio-browser,Europe/Paris
FR,PulsRadio - 90,,Deauville,Normandy Deauville,,Music,Oldies / 80s-90s,French,None,Unknown,https://sc4.gergosnet.com/puls90HD.mp3,MP3,192,Working,24,https://cdn.onlineradiobox.com/img/l/1/8671.v9.png,tags: 90s,radio-browser,Europe/Paris
FR,D4B,,Deux-Sèvres,Deux-Sèvres,,Other,Other,French,None,Unknown,https://d4b.ice.infomaniak.ch/d4b-96.mp3,MP3,96,Working,21,https://www.radiod4b.asso.fr/wp-content/uploads/2023/06/logo.png,tags: ,radio-browser,Europe/Paris
FR,Plein Air Besançon,,Doubs,Doubs,,Other,Other,French,None,Unknown,http://stream.pleinair.net:8000/dr_besancon.mp3,MP3,192,Working,42,,"tags: doubs,plein air,plein-air",radio-browser,Europe/Paris
FR,Plein Air Pontarlier,,Doubs,Doubs,,Other,Other,French,None,Unknown,http://stream.pleinair.net:8000/dr_pontarlier.mp3,MP3,192,Working,11,,"tags: doubs,plein air,plein-air,pontarlier",radio-browser,Europe/Paris
FR,Radio A 97.8,,Drôme-Ardèche,Drôme-Ardèche,,Other,Other,"Armenian,French",None,Unknown,https://stream.votreradiosurlenet.eu/radioa.mp3,MP3,120,Working,6,https://www.pagesjaunes.fr/media/agc/resize/800x1500/a7/ac/85/00/00/a0/51/bf/21/1b/5d39a7ac850000a051bf211b/5d39a7ac850000a051bf211c.png?v=2,tags: ,radio-browser,Europe/Paris
FR,BLP Radio,,Essonne,Essonne,,Other,Other,French,None,Unknown,http://stream2.blpradio.fr/blpradio-HQ#.mp3,MP3,320,Working,11,https://www.blpradio.fr/wp-content/uploads/2016/03/cropped-arton5-180x180.png,tags: ,radio-browser,Europe/Paris
FR,DYNAMIC RADIO DUBAI,,Essonne,Essonne,,Other,Other,French,None,Unknown,https://stream10.vestaradio.com/DYNAMICRADIODUBAI,MP3,320,Working,4,,tags: ,radio-browser,Europe/Paris
FR,4U Radios - 4U 70s Flowers,,Estrasburgo,Estrasburgo,,Music,Oldies / 80s-90s,French,None,Unknown,https://str4uice.streamakaci.com/4u70s.mp3,MP3,128,Working,15,https://www.4urock.com/favicon.ico,"tags: classic hits 70s,old hits",radio-browser,Europe/Paris
FR,hitfm reunion 974,,Etang Salé,Etang Salé,,Other,Other,French,None,Unknown,http://hitfm.ice.infomaniak.ch/hitfm-192.mp3,MP3,160,Working,1548,,tags: ,radio-browser,Indian/Reunion
FR,Hope Radio,,Europe,Europe,,Other,Other,French,None,Unknown,http://listen.radioking.com/radio/273406/stream/318889,MP3,128,Working,0,,tags: ,radio-browser,Europe/Paris
FR,IA Music & News - Arabic,,Europe,Europe,,Music,Mixed music,French,None,Unknown,https://ianewsar.ice.infomaniak.ch/ianewsar-128.mp3,MP3,128,Working,8,,"tags: aimusic,info",radio-browser,Europe/Paris
FR,IA Music & News - Chinese,,Europe,Europe,,News & Talk,News & Talk + Music,Chinese,None,Unknown,https://ianewszh.ice.infomaniak.ch/ianewszh-128.mp3,MP3,128,Working,14,,"tags: aimusic,info,news",radio-browser,Europe/Paris
FR,IA Music & News - English,,Europe,Europe,,News & Talk,News & Talk + Music,French,None,Unknown,https://ianewsen.ice.infomaniak.ch/ianewsen-128.mp3,MP3,128,Working,5,,"tags: aimusic,info,news",radio-browser,Europe/Paris
FR,IA Music & News - Español,,Europe,Europe,,News & Talk,News & Talk + Music,Spanish,None,Unknown,https://ianewses.ice.infomaniak.ch/ianewses-128.mp3,MP3,128,Working,0,,"tags: aimusic,info,news",radio-browser,Europe/Paris
FR,IA Music & News - Hindi,,Europe,Europe,,News & Talk,News & Talk,Hind,None,Unknown,https://ianewshi.ice.infomaniak.ch/ianewshi-128.mp3,MP3,128,Working,8,,"tags: ai,info,news",radio-browser,Europe/Paris
FR,IA Music & News - Italiano,,Europe,Europe,,News & Talk,News & Talk + Music,French,None,Unknown,https://ianewsit.ice.infomaniak.ch/ianewsit-128.mp3,MP3,128,Working,1,,"tags: aimusic,info,news",radio-browser,Europe/Paris
FR,IA Music & News - Japanese,,Europe,Europe,,News & Talk,News & Talk + Music,Japanese,None,Unknown,https://ianewsja.ice.infomaniak.ch/ianewsja-128.mp3,MP3,128,Working,8,,"tags: aimusic,info,news",radio-browser,Europe/Paris
FR,IA Music & News - Português,,Europe,Europe,,News & Talk,News & Talk + Music,Portuguese,None,Unknown,https://ianewspt.ice.infomaniak.ch/ianewspt-128.mp3,MP3,128,Working,0,,"tags: aimusic,info,news",radio-browser,Europe/Paris
FR,IA Music & News - Turkish,,Europe,Europe,,News & Talk,News & Talk + Music,Turkish,None,Unknown,https://ianewstr.ice.infomaniak.ch/ianewstr-128.mp3,MP3,128,Working,10,,"tags: ai,aimusic,info,news",radio-browser,Europe/Paris
FR,Radio Uylenspiegel,,Flandre,Flandre,,Music,Traditional / Folk,"Dutch,Flemish,French",None,Unknown,https://listen.radioking.com/radio/474857/stream/531260,MP3,192,Working,44,,tags: folk,radio-browser,Europe/Paris
FR,Allzik Disney ,,France,France,,Other,Other,French,None,Unknown,https://allzic52.ice.infomaniak.ch/allzic52.mp3,MP3,128,Working,761,https://www.allzicradio.com/media/radios/allzic-disney_600px-carre.png,tags: ,radio-browser,Europe/Paris
FR,Espace Latino,,France,France,,Other,Other,French,None,Unknown,https://egwr-espace-latino.ice.infomaniak.ch/egwr-espace-latino.mp3,MP3,128,Working,77,https://www.radioespace.com/media/radio/thumb/180x180_64ecb84d55b4a-latino-sans-fond.webp,tags: latino,radio-browser,Europe/Paris
FR,FG Chic,,France,FRANCE,,Other,Other,French,None,Unknown,http://radiofg.impek.com/fgc.mp3,MP3,,Working,9,,tags: ,radio-browser,Europe/Paris
FR,Fip Nouveauté,,France,France,,Other,Other,French,None,Unknown,http://icecast.radiofrance.fr/fipnouveautes-hifi.aac,AAC,192,Working,74,https://cdn-images.dzcdn.net/images/misc/d71406a51e630538c6fa9e9cc9e6a53c/1900x1900-000000-80-0-0.jpg,tags: ,radio-browser,Europe/Paris
FR,France inter - La musique Inter,,France,France,,Other,Other,French,None,Unknown,https://stream.radiofrance.fr/franceinterlamusiqueinter/franceinterlamusiqueinter_hifi.m3u8?id=radiofrance,UNKNOWN,,Working,41,https://www.radiofrance.fr/dist/favicons/logo-120.png,tags: ,radio-browser,Europe/Paris
FR,Frequence 3 AAC+ 64Kbps,,France,France,,Other,Other,French,None,Unknown,https://frequence3.net-radio.fr/frequence3-64.aac,AAC,64,Working,1,https://www.frequence3.com/wp-content/themes/frequence3/img/logo-frequence3.svghttps://www.frequence3.com/howlisten/,"tags: adult contmporary,top 40",radio-browser,Europe/Paris
FR,Frequence 3 FLAC,,France,France,,Other,Other,French,None,Unknown,https://frequence3.net-radio.fr/frequence3.flac,OGG,128,Working,4,https://www.frequence3.com/wp-content/themes/frequence3/img/logo-frequence3.svg,"tags: adult contemporary,top 40",radio-browser,Europe/Paris
FR,Frequence 3 MP3 128Kbps,,France,France,,Other,Other,French,None,Unknown,https://frequence3.net-radio.fr/frequence3-128.mp3,MP3,128,Working,2,https://www.frequence3.com/wp-content/themes/frequence3/img/logo-frequence3.svg,"tags: adult cotemporary,top 40",radio-browser,Europe/Paris
FR,Frequence 3 MP3 256Kbps,,France,France,,Other,Other,French,None,Unknown,https://frequence3.net-radio.fr/frequence3-256.mp3,MP3,256,Working,1,https://www.frequence3.com/wp-content/themes/frequence3/img/logo-frequence3.svg,tags: ,radio-browser,Europe/Paris
FR,Generations Dance Hall,,France,France,,Music,Electronic / Dance,French,None,Unknown,http://generations-dancehall.ice.infomaniak.ch/generations-dancehall.mp3,MP3,128,Working,330,https://generations.fr/apple-touch-icon-120x120.png,"tags: dance hall,french",radio-browser,Europe/Paris
FR,Hits 1,,France,France,,Music,Electronic / Dance,"English,French",None,Unknown,https://hits1-audiomediaradio.radioca.st/hits1,MP3,256,Working,20,https://www.hits1radio.com/wp-content/uploads/2019/03/dummy-e1554135926529.jpg,"tags: dance,dj,dj sets,djs,edm,electronic,hits,house,top 40,top charts,top hits",radio-browser,Europe/Paris
FR,Meuse FM Bar-le-Duc/Commercy,,France,France,,Other,Other,French,None,Unknown,http://listen.radioking.com/radio/66448/stream/104095,MP3,128,Working,32,http://meuse-fm.com/upload/design/579e501a5fdb41.44338426.png,"tags: local,local radio",radio-browser,Europe/Paris
FR,Meuse FM Verdun,,France,France,,Other,Other,French,None,Unknown,http://www.radioking.com/play/meuse-fm-verdun,MP3,128,Working,35,http://meuse-fm.com/upload/57971918af90d7.26600923.ico,"tags: local,local radio",radio-browser,Europe/Paris
FR,Nova Dance,,France,France,,Other,Other,French,None,Unknown,http://nova-dance.ice.infomaniak.ch/nova-dance-256.aac,AAC,255,Working,22,https://www.nova.fr/wp-content/thumbnails/uploads/sites/2/2024/04/NOVA-danse-400x496-1-t-1006x1006.png,tags: ,radio-browser,Europe/Paris
FR,Nova Hip-Hop,,France,France,,Music,Hip-hop / Urban,French,None,Unknown,http://nova-odn.ice.infomaniak.ch/nova-odn-256.aac,AAC,256,Working,26,https://www.nova.fr/wp-content/thumbnails/uploads/sites/2/2024/04/NOVA-HIPHOP-400x496-1-t-1006x1006.png,tags: hip-hop,radio-browser,Europe/Paris
FR,OUI FM ACOUSTIC,,France,France,,Music,Rock / Alternative,French,None,Unknown,https://ouifmacoustic.ice.infomaniak.ch/ouifmacoustic.mp3,MP3,128,Working,251,https://bocir-prod-bucket.s3.amazonaws.com/radios/oui-fm/radiostream/NSzUtv6XGF/vignette.png,"tags: acoustic,rock",radio-browser,Europe/Paris
FR,OUI FM ALTERNATIF,,France,France,,Music,Rock / Alternative,French,None,Unknown,https://ouifm2.ice.infomaniak.ch/ouifm2.mp3,MP3,128,Working,587,https://bocir-prod-bucket.s3.amazonaws.com/radios/oui-fm/radiostream/S2UWS5S3lJ/vignette.png,tags: alternative rock,radio-browser,Europe/Paris
FR,OUI FM BLUES'N'ROCK,,France,France,,Music,Rock / Alternative,French,None,Unknown,https://ouifmbluesnrock.ice.infomaniak.ch/ouifmbluesnrock-128.mp3,MP3,128,Working,635,https://bocir-prod-bucket.s3.eu-west-1.amazonaws.com/radios/oui-fm/images/favicon.ico,tags: blues rock,radio-browser,Europe/Paris
FR,OUI FM BRING THE NOISE,,France,France,,Music,Rock / Alternative,French,None,Unknown,https://ouifmbringthenoise.ice.infomaniak.ch/ouifmbringthenoise.mp3,MP3,128,Working,95,https://bocir-prod-bucket.s3.amazonaws.com/radios/oui-fm/radiostream/tBdigJT2rb/vignette.png,"tags: hard rock,rock",radio-browser,Europe/Paris
FR,OUI FM CLASSIC ROCK,,France,France,,Music,Rock / Alternative,French,None,Unknown,https://ouifm3.ice.infomaniak.ch/ouifm3.mp3,MP3,128,Working,362,https://bocir-prod-bucket.s3.amazonaws.com/radios/oui-fm/radiostream/3qhtSltZ27/vignette.png,tags: classic rock,radio-browser,Europe/Paris
FR,OUI FM GARAGE,,France,France,,Music,Rock / Alternative,French,None,Unknown,https://ouifmgaragerock.ice.infomaniak.ch/ouifmgaragerock-128.mp3,MP3,128,Working,69,,"tags: garage,rock",radio-browser,Europe/Paris
FR,OUI FM GIRLS ROCK,,France,France,,Music,Rock / Alternative,French,None,Unknown,https://ouifmgirlsrock.ice.infomaniak.ch/ouifmgirlsrock.mp3,MP3,128,Working,141,https://bocir-prod-bucket.s3.eu-west-1.amazonaws.com/radios/oui-fm/images/favicon.ico,"tags: female voices,rock",radio-browser,Europe/Paris
FR,OUI FM LES SLOWS DU ROCK,,France,France,,Music,Rock / Alternative,French,None,Unknown,https://ouifmlesslowsdurock.ice.infomaniak.ch/ouifmslowrock.mp3,MP3,128,Working,840,https://bocir-prod-bucket.s3.eu-west-1.amazonaws.com/radios/oui-fm/images/favicon.ico,tags: slow rock,radio-browser,Europe/Paris
FR,OUI FM REGGAE,,France,France,,Other,Other,French,None,Unknown,https://ouifmganja.ice.infomaniak.ch/ouifmganja-128.mp3,MP3,128,Working,420,https://bocir-prod-bucket.s3.amazonaws.com/radios/oui-fm/radiostream/ufIfkfDXSl/vignette.png,tags: reggae,radio-browser,Europe/Paris
FR,OUI FM ROCK 2000,,France,France,,Music,Rock / Alternative,French,None,Unknown,https://ouifmrock2000s.ice.infomaniak.ch/ouifmrock2000.mp3,MP3,128,Working,418,,"tags: 2000,rock",radio-browser,Europe/Paris
FR,OUI FM ROCK 60's,,France,France,,Music,Rock / Alternative,French,None,Unknown,https://ouifmrock60s.ice.infomaniak.ch/ouifmsixties.mp3,MP3,128,Working,260,https://bocir-prod-bucket.s3.eu-west-1.amazonaws.com/radios/oui-fm/images/favicon.ico,"tags: 60's,rock",radio-browser,Europe/Paris
FR,OUI FM ROCK 70's,,France,France,,Music,Rock / Alternative,French,None,Unknown,https://ouifmrock70s.ice.infomaniak.ch/ouifmseventies.mp3,MP3,128,Working,452,https://bocir-prod-bucket.s3.eu-west-1.amazonaws.com/radios/oui-fm/images/favicon.ico,"tags: 70's,rock",radio-browser,Europe/Paris
FR,OUI FM ROCK 80's,,France,France,,Music,Rock / Alternative,French,None,Unknown,https://ouifmrock80s.ice.infomaniak.ch/ouifmeighties.mp3,MP3,128,Working,701,https://bocir-prod-bucket.s3.amazonaws.com/radios/oui-fm/radiostream/6fo6l1uD2X/vignette.png,"tags: 80's,rock",radio-browser,Europe/Paris
FR,OUI FM ROCK 90's,,France,France,,Music,Rock / Alternative,French,None,Unknown,https://ouifmrock90s.ice.infomaniak.ch/ouifmnineties.mp3,MP3,128,Working,441,https://bocir-prod-bucket.s3.eu-west-1.amazonaws.com/radios/oui-fm/images/favicon.ico,"tags: 90's,rock",radio-browser,Europe/Paris
FR,OUI FM ROCK FRANCAIS,,France,France,,Music,Rock / Alternative,French,None,Unknown,https://ouifmrockfrancais.ice.infomaniak.ch/ouifmrockfrancais.mp3,MP3,128,Working,146,https://bocir-prod-bucket.s3.amazonaws.com/radios/oui-fm/radiostream/3fkpVzB8Cc/vignette.png,tags: rock,radio-browser,Europe/Paris
FR,OUI FM ROCK INDÉ,,France,France,,Music,Rock / Alternative,French,None,Unknown,https://ouifm5.ice.infomaniak.ch/ouifm5.mp3,MP3,64,Working,497,https://bocir-prod-bucket.s3.eu-west-1.amazonaws.com/radios/oui-fm/images/favicon.ico,tags: indie rock,radio-browser,Europe/Paris
FR,OUI FM SUMMERTIME,,France,France,,Music,Rock / Alternative,French,None,Unknown,https://ouifmsummertime.ice.infomaniak.ch/ouifmsummertime.mp3,MP3,128,Working,87,https://bocir-prod-bucket.s3.eu-west-1.amazonaws.com/radios/oui-fm/images/favicon.ico,tags: rock,radio-browser,Europe/Paris
FR,OUI FM TOP OF THE WEEK,,France,France,,Music,Rock / Alternative,French,None,Unknown,https://ouifmtopoftheweek.ice.infomaniak.ch/ouifmtopweek.mp3,MP3,128,Working,70,https://bocir-prod-bucket.s3.eu-west-1.amazonaws.com/radios/oui-fm/images/favicon.ico,tags: rock,radio-browser,Europe/Paris
FR,OUI FM WOODSTOCK,,France,France,,Music,Rock / Alternative,French,None,Unknown,https://ouifmwoodstock.ice.infomaniak.ch/ouifmwoodstock.mp3,MP3,128,Working,131,https://bocir-prod-bucket.s3.amazonaws.com/radios/oui-fm/radiostream/xD29y7pjPX/vignette.png,tags: rock,radio-browser,Europe/Paris
FR,Oxnya Radio,,France,France,,Other,Other,French,None,Unknown,https://radio.oxnya-group.com/listen/oxnya_radio/radio.mp3,MP3,192,Working,15,,tags: ,radio-browser,Europe/Paris
FR,Platine 45 Radio,,France,France,,Music,Rock / Alternative,French,None,Unknown,https://ecmanager.pro-fhi.net:1710/;,MP3,320,Working,17,,"tags: 2000s,80s,90s,pop,rock,the best of 80's,the best of 90's",radio-browser,Europe/Paris
FR,Radio Couleur Sud,,France,France,,Other,Other,"English,French",None,Unknown,http://ecmanager4.pro-fhi.net:2210/stream,MP3,320,Working,7,https://www.radiocouleursud.fr/favicon.ico,tags: généraliste,radio-browser,Europe/Paris
FR,Radio ItaloPower!,,France,France,,Other,Other,French,None,Unknown,http://stream.radioitalopower.com:10018/italopower,MP3,192,Working,190,,tags: ,radio-browser,Europe/Paris
FR,Radio Vibration,,France,France,,Other,Other,French,None,Unknown,https://vibration.ice.infomaniak.ch/vibration-high.mp3,MP3,128,Working,1604,https://bocir-prod-bucket.s3.amazonaws.com/radios/vibration/images/favicon.vnd.microsoft.icon,"tags: actu,app-id=335003717 (apple-itunes-app),clips,direct,info,live,podcast,radio,replay,tour vibration,vibration,vibrez,vibrons,vidéo,webradios",radio-browser,Europe/Paris
FR,Radio Zaï Zaï,,France,France,,Music,Rock / Alternative,French,None,Unknown,https://listen.radioking.com/radio/204667/stream/247420,MP3,128,Working,55,https://zaizai-radio.org/favicon.ico,"tags: alternative rock,chill,dub,electro,electronic,reggae,rock,various",radio-browser,Europe/Paris
FR,sensuelle radio,,France,France,,Other,Other,French,None,Unknown,https://radio10.pro-fhi.net/live/SENSUELLERADIO,MP3,320,Working,5,,tags: ,radio-browser,Europe/Paris
FR,Skyrock Klassics,,France Continentale,France continentale,,Music,Hip-hop / Urban,French,None,Unknown,https://icecast.skyrock.net/s/klassiks_aac_64k?tvr_name=radiofr&tvr_section1=64aac,AAC,128,Working,3283,https://skyrock.fm/favicon.ico,tags: hip-hop and rap oldies,radio-browser,Europe/Paris
FR,DIGITAL 2 RADIO,,France Métropolitaine,France métropolitaine,,Other,Other,French,None,Unknown,https://ecmanager4.pro-fhi.net:2315/stream,MP3,320,Working,2,https://www.digital2radio.com/assets/digital2-logo-carre.png,tags: ,radio-browser,Europe/Paris
FR,Pulsrádio - França,,França,França ,,Other,Other,Franch,None,Unknown,http://mp3.magic-radio.net/,MP3,192,Working,37,,tags: ,radio-browser,Europe/Paris
FR,Distorsion,,Gers,Gers,,Other,Other,"Francaise,French",None,Unknown,https://hosting.studioradiomedia.fr:2955/stream,MP3,140,Working,8,https://www.assodistorsion.fr/wp-content/uploads/2022/10/cropped-Banniere-1024x267.png,tags: ,radio-browser,Europe/Paris
FR,Radio Broussaille,,Gers,Gers,,News & Talk,News & Talk,French,None,Unknown,https://stream.radiobroussaille.fr:8443/broussaille-hifi,AAC,320,Working,113,https://stream.radiobroussaille.fr:8443/favicon-32x32.png,"tags: adfree,broussaille,creative,direct,foss,gascon,gers,humour,libre,live,local,l’ouverture,musique,média engagé,occitanie,sanspub,talk,émission",radio-browser,Europe/Paris
FR,Radio Broussaille (Lo-Fi AAC 128),,Gers,Gers,,News & Talk,News & Talk,French,None,Unknown,https://stream.radiobroussaille.fr:8443/broussaille-lofi,AAC,128,Working,20,https://stream.radiobroussaille.fr:8443/favicon-32x32.png,"tags: adfree,broussaille,creative,direct,foss,gascon,gers,humour,libre,live,local,l’ouverture,musique,média engagé,occitanie,sanspub,talk,émission",radio-browser,Europe/Paris
FR,Radio Fil de l'eau,,Gers,Gers,,News & Talk,News & Talk,French,None,Unknown,https://hosting.studioradiomedia.fr:2495/stream,MP3,128,Working,19,http://radiofildeleau.fr/wp-content/uploads/logo-rfe-2016.png,"tags: eclectic,gers,information,occitan",radio-browser,Europe/Paris
FR,F. HITS AQUITAINE,,Gironde,GIRONDE,,Music,Pop,French,None,Unknown,https://listen.f-group.fr/listen/fhitsaquitaine/fhits_aquitaine_96.aac,AAC,96,Working,0,https://i.postimg.cc/QCrDdq8S/PP-FB-INSTA-FHITS-AQUITAINE.png,"tags: musique,pop",radio-browser,Europe/Paris
FR,Accent 4,,Grand Est,Grand Est,,Other,Other,French,None,Unknown,http://str0.creacast.com/accent4,MP3,128,Working,245,https://www.accent4.com/wp-content/uploads/2019/07/cropped-logo-white-180x180.png,tags: ,radio-browser,Europe/Paris
FR,Active Radio,,Grand Est,Grand Est,,Other,Other,French,None,Unknown,http://manager.streaming-ingenierie.fr:8028/;stream.mp3,MP3,320,Working,62,https://active-radio.fr/wp-content/uploads/2024/06/active-radio-2.png,tags: ,radio-browser,Europe/Paris
FR,Alouette nouveaux talents,,Grand Est,Grand Est,,Other,Other,French,None,Unknown,https://alouettenouveauxtalents.ice.infomaniak.ch/alouettenouveauxtalents-128.mp3,MP3,128,Working,33,https://bocir-prod-bucket.s3.amazonaws.com/radios/alouette/images/favicon.x-icon,tags: ,radio-browser,Europe/Paris
FR,Azur FM 67 - Sélestat,,Grand Est,Grand Est,,Other,Other,French,None,Unknown,http://listen.radioking.com/radio/74173/stream/112156,MP3,192,Working,42,http://www.azur-fm.com/upload/552559ec8d7ac8.44667209.ico,tags: ,radio-browser,Europe/Paris
FR,Azur FM 68 - Colmar,,Grand Est,Grand Est,,Other,Other,French,None,Unknown,http://listen.radioking.com/radio/74176/stream/112165,MP3,192,Working,36,http://www.azur-fm.com/upload/552559ec8d7ac8.44667209.ico,tags: ,radio-browser,Europe/Paris
FR,Champagne FM,,Grand Est,Grand Est,,Other,Other,French,None,Unknown,http://reims.ice.infomaniak.ch/reims-64.aac,AAC+,128,Working,3,,tags: ,radio-browser,Europe/Paris
FR,DECADES La radio,,Grand Est,Grand Est,,Music,Oldies / 80s-90s,French,None,Unknown,https://ecmanager2.pro-fhi.net:2375/stream,MP3,320,Working,3,,"tags: 2000s,hits,music 70s 80s 90s,pop music,variétés",radio-browser,Europe/Paris
FR,DIGITAL+,,Grand Est,Grand Est,,Music,Jazz / Soul,"Francaise,French",None,Unknown,https://stream.digital-plus.fr/DP192k.mp3,MP3,192,Working,3,https://digital-plus.fr/logos/logo DP_500.jpg,"tags: 2000's,80's,90's,dance,disco funk,french,world",radio-browser,Europe/Paris
FR,Direct FM,,Grand Est,Grand Est,,Other,Other,French,None,Unknown,http://directfm.ice.infomaniak.ch/directfm-128.mp3,MP3,128,Working,67,https://bocir-prod-bucket.s3.amazonaws.com/radios/directfm/images/favicon.x-icon,tags: ,radio-browser,Europe/Paris
FR,ECLIPSE,,Grand Est,Grand Est,,Music,Pop,French,None,Unknown,https://stream10.vestaradio.com/ECLIPSE,MP3,128,Working,0,https://studio10.vestaradio.com/uploads/user-music/1788/covers/cover_1788_1786173983_3aed47.png,tags: pop,radio-browser,Europe/Paris
FR,Est FM,,Grand Est,Grand Est,,Other,Other,French,None,Unknown,http://str0.creacast.com/estfm1,MP3,128,Working,41,,tags: ,radio-browser,Europe/Paris
FR,France Bleu Champagne-Ardenne,,Grand Est,Grand Est,,Other,Other,French,None,Unknown,http://direct.francebleu.fr/live/fbchampagne-midfi.mp3,MP3,128,Working,119,https://www.francebleu.fr/favicons/apple-touch-icon-180x180.png,tags: ,radio-browser,Europe/Paris
FR,France Bleu Elsass,,Grand Est,Grand Est,,Other,Other,French,None,Unknown,http://direct.francebleu.fr/live/fbelsass-midfi.mp3,MP3,128,Working,191,https://www.francebleu.fr/favicons/apple-touch-icon-180x180.png,tags: ,radio-browser,Europe/Paris
FR,France Bleu Lorraine Nord,,Grand Est,Grand Est,,Other,Other,French,None,Unknown,http://direct.francebleu.fr/live/fblorrainenord-midfi.mp3,MP3,128,Working,263,https://www.francebleu.fr/favicons/apple-touch-icon-180x180.png,tags: ,radio-browser,Europe/Paris
FR,France Bleu Sud Lorraine,,Grand Est,Grand Est,,Other,Other,French,None,Unknown,http://direct.francebleu.fr/live/fbsudlorraine-midfi.mp3,MP3,128,Working,149,https://www.francebleu.fr/favicons/apple-touch-icon-180x180.png,tags: ,radio-browser,Europe/Paris
FR,Latitude,,Grand Est,Grand Est,,Music,Electronic / Dance,French,None,Unknown,https://latitude.ice.infomaniak.ch/troyes.aac,AAC+,,Working,8,https://www.latitude.fm/wp-content/uploads/2020/09/favicon.jpg,"tags: dance,pop dance,pop music,top40",radio-browser,Europe/Paris
FR,Made in 80,,Grand Est,Grand Est,,Music,Oldies / 80s-90s,French,None,Unknown,https://madein80.leswebradios.fr/,MP3,192,Working,183,https://madein80.fr/wp-content/uploads/2020/12/Logo-Made-in-80-V2-blanc-400-ssslog.png,"tags: 1980s hits,80's,80s,the best of 80's",radio-browser,Europe/Paris
FR,MATHIS FM,,Grand Est,Grand Est,,Music,Rock / Alternative,French,None,Unknown,https://mathis-fm-le-meilleur-radio.stream.laut.fm/mathis-fm-le-meilleur-radio?t302=2026-09-25_21-54-54&uuid=a0688886-df16-8e17-f243-62853689bd44,MP3,128,Working,2,https://assets.laut.fm/b2a1a0964e2df9395796a5d783fe4d8a?t=_120x120,"tags: 107.9 fm,1575 am,pop rock hip hop",radio-browser,Europe/Paris
FR,Radio Alsace,,Grand Est,Grand Est,,News & Talk,News & Talk + Music,French,None,Unknown,https://radio.kasumay.fr/radioalsace.mp3,MP3,128,Working,2,,"tags: alsace,culture,grand est,heritage,music,news,regional radio",radio-browser,Europe/Paris
FR,Radio Arc-en-Ciel,,Grand Est,Grand Est,,Religious,Religious,French,None,Unknown,http://str0.creacast.com/arcencielweb,AAC+,128,Working,16,,tags: christian,radio-browser,Europe/Paris
FR,Radio Belle Vue,,Grand Est,Grand Est,,Other,Other,French,None,Unknown,http://www.radiobellevue.fr:8000/hd,MP3,128,Working,13,,tags: ,radio-browser,Europe/Paris
FR,Radio Campus Troyes,,Grand Est,Grand Est,,Music,Rock / Alternative,French,None,Unknown,http://stream.campus3.fr/live-128.mp3,MP3,128,Working,42,,"tags: 88.7,alternative,artistes locaux,le son campus,radio campus,rock,troyes",radio-browser,Europe/Paris
FR,Radio Cristal,,Grand Est,Grand Est,,Other,Other,French,None,Unknown,http://stream.inovacast.fr:8888/stream,MP3,192,Working,77,http://www.radiocristal.org/templates/sandal/favicon.ico,tags: ,radio-browser,Europe/Paris
FR,Radio des Ballons Le Thillot-Bussang,,Grand Est,Grand Est,,Other,Other,French,None,Unknown,http://flux.radiodesballons.com:8000/RDB_THILLOT,MP3,170,Working,16,,tags: ,radio-browser,Europe/Paris
FR,Radio ECN,,Grand Est,Grand Est,,Other,Other,French,None,Unknown,http://str30.creacast.com/ecn1,MP3,192,Working,58,http://www.radioecn.com/favicon.ico,tags: ,radio-browser,Europe/Paris
FR,Radio En Construction,,Grand Est,Grand Est,,Other,Other,French,None,Unknown,http://str0.creacast.com/rec,MP3,320,Working,47,http://www.radioenconstruction.com/favicon.ico,tags: campus radio,radio-browser,Europe/Paris
FR,Radio FAJET,,Grand Est,Grand Est,,Other,Other,French,None,Unknown,http://ecoutez.fajet.net:16600/;,MP3,320,Working,22,,tags: ,radio-browser,Europe/Paris
FR,Radio Graffiti,,Grand Est,Grand Est,,Other,Other,French,None,Unknown,http://91.121.62.121:9100/;stream.nsv,MP3,128,Working,43,,tags: ,radio-browser,Europe/Paris
FR,Radio Judaïca Strasbourg,,Grand Est,Grand Est,,Other,Other,French,None,Unknown,http://radiojudaicastrasbourg.ice.infomaniak.ch/radiojudaicastrasbourg-128.mp3,MP3,128,Working,35,http://www.radiojudaicastrasbourg.fr/favicon.ico,tags: religion,radio-browser,Europe/Paris
FR,Radio Mulhouse,,Grand Est,Grand Est,,News & Talk,News & Talk + Music,French,None,Unknown,https://radio.kasumay.fr/radiomulhouse.mp3,MP3,128,Working,1,,"tags: alsace,culture,grand est,local radio,mulhouse,music,news",radio-browser,Europe/Paris
FR,Radio Mélodie,,Grand Est,Grand Est,,Other,Other,French,None,Unknown,http://str0.creacast.com/melodie,MP3,128,Working,1153,,tags: ,radio-browser,Europe/Paris
FR,Radio N4,,Grand Est,Grand Est,,Other,Other,French,None,Unknown,https://stream.laut.fm/radio-n4,MP3,128,Working,1,https://assets.laut.fm/61c823e02d61eab3a605bdb0505a625c?t=_120x120,tags: ,radio-browser,Europe/Paris
FR,Radio Saint Nabor,,Grand Est,Grand Est,,Other,Other,French,None,Unknown,http://str0.creacast.com/radio_saint_nabor,MP3,128,Working,20,,tags: ,radio-browser,Europe/Paris
FR,Radio Studio 1,,Grand Est,Grand Est,,Other,Other,French,None,Unknown,http://radiostudio1.ice.infomaniak.ch/radiostudio1-128.mp3,MP3,128,Working,27,http://www.radiostudio1.com/upload/5d35dd4b08a612.19909389.ico,tags: ,radio-browser,Europe/Paris
FR,RCF Jerico Moselle,,Grand Est,Grand Est,,Religious,Religious,French,None,Unknown,http://rcf.streamakaci.com/rcf57.mp3,MP3,128,Working,31,,tags: christian,radio-browser,Europe/Paris
FR,RCM La Radio,,Grand Est,Grand Est,,Other,Other,French,None,Unknown,http://str0.creacast.com/rcm,MP3,320,Working,62,http://rcmlaradio.fr/wp-content/uploads/2016/04/ms-icon-310x310.png,tags: ,radio-browser,Europe/Paris
FR,Vosges FM Bruyères,,Grand Est,Grand Est,,Other,Other,French,None,Unknown,http://str0.creacast.com/vosgesfm-epinal,MP3,128,Working,25,,tags: ,radio-browser,Europe/Paris
FR,Vosges FM Remiremont,,Grand Est,Grand Est,,Other,Other,French,None,Unknown,http://str0.creacast.com/vosgesfm-remiremont,MP3,128,Working,32,,tags: ,radio-browser,Europe/Paris
FR,All Piano Radio,,Grenoble,Grenoble,,Music,Classical,French,None,Unknown,http://streamingp.shoutcast.com/JamendoLounge,MP3,128,Working,330,,"tags: classical,classical piano,instrumental,piano",radio-browser,Europe/Paris
FR,Radio New's FM,,Grenoble,Grenoble,,Other,Other,French,None,Unknown,https://live.aurafm.org/RadioNewsFM,OGG,128,Working,6,https://www.radio-newsfm.com/wp-content/uploads/2020/09/Logo-Newsfm-1.png,tags: ,radio-browser,Europe/Paris
FR,Guadeloupe France Télévision,,Guadeloupe,Guadeloupe,,Other,Other,"Creole,French",None,Unknown,https://guadeloupe.ice.infomaniak.ch/guadeloupe-128.mp3,MP3,128,Working,137,https://s1.wp.com/i/favicon.ico,"tags: info,kompa,tradition,zouk",radio-browser,America/Guadeloupe
FR,Mouteyen jean-philippe,,Guadeloupe,- guadeloupe,,Other,Other,French,None,Unknown,http://france16.coollabel-productions.com:8276/;,MP3,128,Working,13,,tags: ,radio-browser,America/Guadeloupe
FR,RCI Guadeloupe,,Guadeloupe,Guadeloupe,,Other,Other,"Creole,French",None,Unknown,https://stream.rcs.revma.com/v4hf7bwspwzuv,AAC,,Working,182,https://rci.fm/sites/default/files/webradio/radioguadeloupe.png,tags: ,radio-browser,America/Guadeloupe
FR,RHT Guadeloupe (Radio Haute Tension),,Guadeloupe,Guadeloupe,,Other,Other,French,None,Unknown,http://haute-tension.ice.infomaniak.ch/haute-tension-high.aac,AAC+,64,Working,108,https://www.rhtguadeloupe.fr/wp-content/uploads/2023/11/cropped-lol-2-180x180.png,tags: outre-mer,radio-browser,America/Guadeloupe
FR,KFM,,Guyane,Guyane,,Other,Other,French,None,Unknown,http://10191.go2stream.fr:8000/stream,MP3,128,Working,20,,tags: outre-mer,radio-browser,America/Cayenne
FR,Métis FM,,Guyane,Guyane,,Other,Other,French,None,Unknown,http://str0.creacast.com/metisfm,MP3,128,Working,12,,tags: outre-mer,radio-browser,America/Cayenne
FR,Ouest FM Guyane,,Guyane,Guyane,,Other,Other,French,None,Unknown,http://srv2.streaming-ingenierie.fr:8162/;,MP3,128,Working,176,http://img.sedoparking.com/templates/logos/sedo_logo.png,tags: outre-mer,radio-browser,America/Cayenne
FR,Phare FM Haguenau,,Haguenau,Haguenau Bas-Rhin Grand-Est,,Other,Other,French,None,Unknown,http://str0.creacast.com/pharefm_haguenau,MP3,128,Working,20,,tags: ,radio-browser,Europe/Paris
FR,Radio74 88.8 MHz,,Haute-Savoie,Haute-Savoie,,Religious,Religious,English,None,Unknown,http://radio74.ice.infomaniak.ch/radio74.aac,MP3,128,Working,263,http://www.radio74.org/p/imgs/favicon.ico,tags: christian,radio-browser,Europe/Paris
FR,Dunkerque Street Radio,,Hauts,Hauts,,Other,Other,Francaise,None,Unknown,https://azuracast.conceptradio.fr/hls/dunkerque_street_radio/live.m3u8,AAC,211,Working,4,https://image.noelshack.com/fichiers/2026/16/6/1776466582-3f50cb77-2c14-4e71-8c62-fbe061fba9dc.jpg,tags: ,radio-browser,Europe/Paris
FR,Delta FM Dunkerque,,Hauts-De-France,Hauts-de-France,,Other,Other,French,None,Unknown,http://deltafmdunkerque.ice.infomaniak.ch/deltafmdunkerque-high.mp3,MP3,320,Working,150,https://bocir-prod-bucket.s3.eu-west-1.amazonaws.com/radios/delta-fm/images/favicon.x-icon,tags: ,radio-browser,Europe/Paris
FR,Delta FM Saint-Omer,,Hauts-De-France,Hauts-de-France,,Other,Other,French,None,Unknown,http://deltafmsaintomer.ice.infomaniak.ch/deltafmsaintomer-high.mp3,MP3,320,Working,148,https://bocir-prod-bucket.s3.eu-west-1.amazonaws.com/radios/delta-fm/images/favicon.x-icon,tags: ,radio-browser,Europe/Paris
FR,Evasion FM Oise,,Hauts-De-France,Hauts-de-France,,Other,Other,French,None,Unknown,http://stream.evasionfm.com/Oise,MP3,128,Working,86,http://www.evasionfm.com/favicon.ico,tags: ,radio-browser,Europe/Paris
FR,Evasion FM Somme,,Hauts-De-France,Hauts-de-France,,Other,Other,French,None,Unknown,http://stream.evasionfm.com/Somme,MP3,128,Working,67,,tags: ,radio-browser,Europe/Paris
FR,France Bleu Nord,,Hauts-De-France,Hauts-de-France,,Other,Other,French,None,Unknown,http://direct.francebleu.fr/live/fbnord-midfi.mp3,MP3,128,Working,1892,https://www.francebleu.fr/favicons/apple-touch-icon-180x180.png,tags: ,radio-browser,Europe/Paris
FR,France Bleu Picardie,,Hauts-De-France,Hauts-de-France,,Other,Other,French,None,Unknown,http://direct.francebleu.fr/live/fbpicardie-midfi.mp3,MP3,128,Working,71,https://www.francebleu.fr/images/favicon-112.png,tags: ,radio-browser,Europe/Paris
FR,Galaxie Radio,,Hauts-De-France,Hauts-de-France,,Other,Other,French,None,Unknown,https://www.radioking.com/play/galaxieradio,MP3,128,Working,293,,tags: ,radio-browser,Europe/Paris
FR,Happyness Amiens,,Hauts-De-France,Hauts-de-France,,Music,Electronic / Dance,French,None,Unknown,https://azuracast-scrs-2.foxoud.synology.me/listen/happyness_amiens/player,MP3,,Working,2,https://happynessamiens.fr/wp-content/uploads/2025/01/Happyness-Amiens@3x-50.jpg,"tags: 2000s,chanson française,disco,electro,gold,hits,pop music",radio-browser,Europe/Paris
FR,Happyness Oise,,Hauts-De-France,Hauts-de-France,,Music,Electronic / Dance,French,None,Unknown,https://azuracast-scrs-2.foxoud.synology.me/listen/happyness_oise/player,MP3,,Working,3,https://happynessoise.fr/wp-content/uploads/2025/01/Happyness-Oise@3x-50.jpg,"tags: 2000s,chanson française,disco,electro,gold,hits,pop music",radio-browser,Europe/Paris
FR,Happyness Radio,,Hauts-De-France,Hauts-de-France,,Music,Pop / Hits,French,None,Unknown,https://azuracast-scrs-2.foxoud.synology.me/listen/happyness_radio/player,MP3,,Working,0,https://happynessradio.fr/wp-content/uploads/2025/01/Logo Happyness rouge blanc.jpg,"tags: 00s,2000s,2010s,hits,local",radio-browser,Europe/Paris
FR,Horizon,,Hauts-De-France,Hauts-de-France,,Other,Other,French,None,Unknown,http://horizonradio-bethunelens.ice.infomaniak.ch/horizonradio-bethunelens-128,MP3,128,Working,76,,tags: ,radio-browser,Europe/Paris
FR,IAradio Classique,,Hauts-De-France,Hauts de France,,Other,Other,French,None,Unknown,https://iaradioclassique.ice.infomaniak.ch/iaradioclassique-128.mp3,MP3,128,Working,12,,tags: classic,radio-browser,Europe/Paris
FR,Mona FM,,Hauts-De-France,Hauts-de-France,,Other,Other,French,None,Unknown,http://monafm.ice.infomaniak.ch/monafm-high.mp3,MP3,128,Working,238,http://www.monafm.fr/favicon.ico,tags: ,radio-browser,Europe/Paris
FR,Métropole FM,,Hauts-De-France,Hauts-de-France,,Other,Other,French,None,Unknown,http://flux.metropolefm.fr:8000/stream.aac,AAC+,320,Working,18,https://metropolefm.fr/logo/logo%20363px.jpg,tags: ,radio-browser,Europe/Paris
FR,N' Radio,,Hauts-De-France,Hauts-de-France,,Other,Other,French,None,Unknown,http://radio.ice.infomaniak.ch/nradio-48aac.aac,AAC+,128,Working,16,http://www.nradio.fr/upload/favicon.ico,tags: ,radio-browser,Europe/Paris
FR,Planète FM,,Hauts-De-France,Hauts-de-France,,Other,Other,French,None,Unknown,http://planetefm.ice.infomaniak.ch/planetefm-64.aac,AAC+,64,Working,25,,tags: ,radio-browser,Europe/Paris
FR,Public Health Radio Russian,,Hauts-De-France,Hauts de France,,Other,Other,French,None,Unknown,https://publichealthradiode.ice.infomaniak.ch/publichealthradiode-128.mp3,MP3,128,Working,9,,tags: ,radio-browser,Europe/Paris
FR,Radio 6 Boulogne-sur-Mer,,Hauts-De-France,Hauts-de-France,,Other,Other,French,None,Unknown,http://radio6-boulognesurmer.ice.infomaniak.ch/radio6-boulognesurmer-128.mp3,MP3,128,Working,67,,tags: ,radio-browser,Europe/Paris
FR,Radio 6 Calais,,Hauts-De-France,Hauts-de-France,,News & Talk,News & Talk + Music,French,None,Unknown,http://radio6-calais.ice.infomaniak.ch/radio6-calais-128.mp3,MP3,128,Working,434,http://www.radio6.fr/images/apple-touch-icon.png,"tags: music,news,pop",radio-browser,Europe/Paris
FR,Radio 6 Dunkerque,,Hauts-De-France,Hauts-de-France,,Other,Other,French,None,Unknown,http://radio6-dunkerque.ice.infomaniak.ch/radio6-dunkerque-128.mp3,MP3,128,Working,33,http://www.radio6.fr/images/apple-touch-icon.png,tags: ,radio-browser,Europe/Paris
FR,Radio Campus Amiens,,Hauts-De-France,Hauts-de-France,,Other,Other,French,None,Unknown,http://live.radio-campus.org:8000/amiens,MP3,128,Working,44,http://www.radiocampusamiens.fr/wp-content/uploads/2017/02/cropped-logocampus-180x180.png,tags: campus radio,radio-browser,Europe/Paris
FR,Radio Campus Lille,,Hauts-De-France,Hauts-de-France,,Other,Other,French,None,Unknown,http://radiocampuslille.ice.infomaniak.ch/radiocampuslille-128,MP3,128,Working,131,http://www.campuslille.com/favicon.ico,tags: campus radio,radio-browser,Europe/Paris
FR,Radio Club,,Hauts-De-France,Hauts-de-France,,Other,Other,French,None,Unknown,http://radio-shoutcast2.cyber-streaming.com:8128/;,MP3,320,Working,18,,tags: ,radio-browser,Europe/Paris
FR,Radio Contact,,Hauts-De-France,Hauts-de-France,,Music,Éntekhno / Chanson,"Francaise,Franch,Français - Lëtzebuergesch,French",None,Unknown,https://n22a-eu.rcs.revma.com/6gygqc1gy7uvv,MP3,,Working,23,https://medias.lesindesradios.fr/t:app(web)/t:r(unknown)/fit-in/300x2000/filters:format(webp)/filters:quality(100)/radios/contactfm/images/logo_dBRvfZGGAL.png,"tags: chanson française,chansons françaises,france,francophone,french,french chansons,french culture,french music,french pop,french radio,music,non-stop,non-stop music,pop music,top,top 100,top 40,top 40 hits,top charts,top hits,top100,top40",radio-browser,Europe/Paris
FR,Radio Graf'Hit,,Hauts-De-France,Hauts-de-France,,Music,Rock / Alternative,French,None,Unknown,http://109.238.10.2:8000/grafhit.mp3,MP3,192,Working,45,,"tags: alternative,culture,indie",radio-browser,Europe/Paris
FR,Radio Mercure,,Hauts-De-France,Hauts-de-France,,Other,Other,French,None,Unknown,http://media.radiomercure.net:8000/live,MP3,256,Working,3,https://radiomercure.fr/wp-content/uploads/2025/07/cropped-cropped-logo-mail-150x150.png,tags: ,radio-browser,Europe/Paris
FR,Radio Valois Multien,,Hauts-De-France,Hauts-de-France,,Other,Other,French,None,Unknown,https://streaming.radio-valois-multien.fr/live.mp3,MP3,192,Working,8,,tags: ,radio-browser,Europe/Paris
FR,RCF Nord de France,,Hauts-De-France,Hauts-de-France,,Religious,Religious,French,None,Unknown,http://rcf.streamakaci.com/rcf59.mp3,MP3,128,Working,74,,tags: christian,radio-browser,Europe/Paris
FR,Journal Des Femmes Radio,,Ile,Ile,,Other,Other,French,None,Unknown,https://play.radioking.io/jdf-radio,MP3,128,Working,0,https://i.postimg.cc/sQGLV0vg/jdf.jpg,tags: ,radio-browser,Europe/Paris
FR,C-Lab,,Ille-Et-Vilaine,Ille-et-vilaine,,Other,Other,French,None,Unknown,https://www.c-lab.fr/stream/,MP3,320,Working,29,https://www.c-lab.fr/apple-icon-57x57.png,tags: eclectic,radio-browser,Europe/Paris
FR,Plein Air Jura,,Jura,Jura ( Français ),,Other,Other,French,None,Unknown,http://stream.pleinair.net:8000/dr_jura.mp3,MP3,192,Working,25,http://pleinair.net/apple-touch-icon.png,"tags: jura,plein air,plein-air",radio-browser,Europe/Paris
FR,Free Dom 2,,La Réunion,La Réunion,,Other,Other,French,None,Unknown,http://freedomice.streamakaci.com/freedom2.mp3,MP3,96,Working,670,https://freedom.fr/wp-content/uploads/2021/03/cropped-cropped-colombe-180x180-1-180x180.png,tags: outre-mer,radio-browser,Europe/Paris
FR,LFM Radio,,La Réunion,La Réunion,,Other,Other,French,None,Unknown,https://www.radioking.com/play/passionauto974/63343,MP3,192,Working,39,,tags: outre-mer,radio-browser,Europe/Paris
FR,R.I.L FM,,La Réunion,La Réunion,,Other,Other,French,None,Unknown,http://91.121.29.128:8068/;,MP3,128,Working,182,,tags: outre-mer,radio-browser,Europe/Paris
FR,Radio Sud Plus,,La Réunion,La Réunion,,Other,Other,French,None,Unknown,http://srv1.coollabel-productions.com:8040/;,MP3,192,Working,170,,tags: outre-mer,radio-browser,Europe/Paris
FR,WAVE RADIO 89.8 Hossegor,,Landes,Landes,,News & Talk,News & Talk + Music,French,None,Unknown,https://s34.myradiostream.com/12340/listen.mp3,MP3,160,Working,168,https://waveradio.fm/wp-content/themes/waveradio/img/favicons/apple-icon-120x120.png,"tags: alternative / indie,downtempo,electro,electronic,funk,fuzz,hip hop,punk,ragga,rock,surf,surf music,surfside beach,talk",radio-browser,Europe/Paris
FR,Groove Nation,,Lille,Lille/Rijsel,,Other,Other,"English,French",None,Unknown,https://listen.radioking.com/radio/70135/stream/107968,MP3,128,Working,1,https://uk.radio.net/300/groovenationradio.png?version=272d1ee194194d1596a58f38cbb9ccad,tags: ,radio-browser,Europe/Paris
FR,here4ears,,Lille,Lille/Rijsel,,Music,Electronic / Dance,French,None,Unknown,http://82.64.164.43:8000/stream,MP3,320,Working,25,https://imgur.com/a/vYuQHMF,"tags: ambient,chillout,deep house,electronica,idm,lounge,synthpop",radio-browser,Europe/Paris
FR,Roots Legacy,,Lille,Lille,,Other,Other,French,None,Unknown,https://l.rootslegacy.fr/mp3test,MP3,224,Working,11,https://rootslegacy.fr/favicon.ico,tags: ,radio-browser,Europe/Paris
FR,Soov Radio,,Lille,Lille/Rijsel,,Other,Other,French,None,Unknown,https://play.radioking.io/soovradio,MP3,128,Working,2,https://ibb.co/Txw6DG8n,tags: ,radio-browser,Europe/Paris
FR,Radio Ballade,Radio Ballade,Limoux,Occitanie,,Music,Local / Community,French,None,No,,,,No stream found,0,,curated: ,curated,Europe/Paris
FR,RCA Nantes,,Loire Atlantique,Loire Atlantique,,Other,Other,French,None,Unknown,https://rcanantes.ice.infomaniak.ch/rcanantes-192.mp3,MP3,192,Working,33,https://bocir-prod-bucket.s3.eu-west-1.amazonaws.com/radios/rca/images/favicon.ico,tags: ,radio-browser,Europe/Paris
FR,labynet,,Loire Et Cher,Loire et Cher,,Other,Other,Français - Lëtzebuergesch,None,Unknown,https://labynet.fr:8443/stream,MP3,128,Working,2,https://labynet.fr/favicon.png,tags: ,radio-browser,Europe/Paris
FR,AkroRadio - www.akroradio.com,,Loiret,Loiret,,Music,Electronic / Dance,"Francaise,French",None,Unknown,https://stream.akroradio.com/listen/akroradio/AkroRadio,MP3,,Working,0,https://akroradio.com/wp-content/uploads/2023/09/cropped-icone.png,"tags: 80's,90's,dance,hits,techno,top40",radio-browser,Europe/Paris
FR,AllzicRadio Jazz Lounge,,Lyon,Lyon,,Other,Other,French,None,Unknown,https://allzic03.ice.infomaniak.ch/allzic03.aac,AAC+,64,Working,38,https://www.allzicradio.com/media/radios/thumb/160x160_allzic-jazz_600px-carre.png,tags: ,radio-browser,Europe/Paris
FR,Générations Lyon,,Lyon,Lyon,,Music,Jazz / Soul,French,None,Unknown,http://radiosun.ice.infomaniak.ch/radiosun-high.mp3,MP3,128,Working,305,https://generations.fr/apple-touch-icon-120x120.png,"tags: french,french music,hiphop,rap,rap fr,rap us,rnb,soul",radio-browser,Europe/Paris
FR,LYL Radio,,Lyon,Lyon,,Music,Mixed music,"English,French",None,Unknown,https://icecast.lyl.live/live,MP3,192,Working,235,https://lyl.live/favicon.ico,"tags: independent,music,variety",radio-browser,Europe/Paris
FR,Radio Salam ,,Lyon,Lyon,,Music,Mixed music,French,None,Unknown,https://manager11.streamradio.fr:2835//stream,MP3,320,Working,0,https://radiosalam.com/wp-content/uploads/2024/08/radiosalam.png,tags: arabic music,radio-browser,Europe/Paris
FR,IMPACT DISCO FUNK ,,"Lyon, Paris","lyon, paris",,Other,Other,French,None,Unknown,https://impactfm-disco.ice.infomaniak.ch/impactfm-disco-64.aac,AAC+,64,Working,2,https://static2.mytuner.mobi/media/tvos_radios/410/impact-fm.da09270d.png,tags: ,radio-browser,Europe/Paris
FR,MRADIO FRANCE,,"Lyon, Paris","lyon, paris",,Other,Other,French,None,Unknown,http://mfm.ice.infomaniak.ch/mfm-64.aac,AAC+,64,Working,1476,,tags: ,radio-browser,Europe/Paris
FR,Radio Scoop Powerdance,,"Lyon, Paris","lyon, paris",,Music,Electronic / Dance,French,None,Unknown,https://scooppowerdance.ice.infomaniak.ch/radioscoop-powerdance-64.aac,AAC+,64,Working,19,,tags: dance,radio-browser,Europe/Paris
FR,ED92,,Marne-La-Vallée,Marne-la-Vallée,,Other,Other,French,None,Unknown,https://listen.radioking.com/radio/497074/stream/554176,MP3,128,Working,2,https://image.radioking.io/radios/497074/logo/8a111dde-c44f-4c3b-a142-517a57f6fbf8.png,tags: ,radio-browser,Europe/Paris
FR,Ola Radio,,Marseille,Marseille,,Other,Other,French,None,Unknown,https://ola-radio.radiocult.fm/stream,MP3,320,Working,5,https://www.olaradio.fr/favicon.ico,tags: ,radio-browser,Europe/Paris
FR,Radio Star Marseille ,,Marseille,Marseille ,,Other,Other,French,None,Unknown,https://stream.rcs.revma.com/b4yrpwdu7ucwv,MP3,,Working,3,https://www.radiostarsud.fr/favicon.ico,tags: ,radio-browser,Europe/Paris
FR,Soul Radio,,Marseille,Marseille,,Music,Jazz / Soul,English,None,Unknown,https://listen.soulradio.eu/eu,AAC+,192,Working,45,,"tags: hip-hop,jazz,soul",radio-browser,Europe/Paris
FR,Chérie FM Martinique,,Martinique,Martinique,,Other,Other,French,None,Unknown,http://2stream.dyndns.org:8000/cheriefmmq,MP3,128,Working,720,http://www.cheriefmantilles.fr/favicon.ico,tags: outre-mer,radio-browser,America/Martinique
FR,RCI Martinique,,Martinique,Martinique,,News & Talk,News & Talk + Music,"Creole,French",None,Unknown,https://stream.rcs.revma.com/t0abpqyspwzuv,MP3,,Working,31,https://rci.fm/sites/default/files/webradio/radiomartinique.png,"tags: caribbean,caribbean music,konpa,local news,zouk",radio-browser,America/Martinique
FR,The Lounge Channel,,Monaco,Monaco,,Other,Other,French,None,Unknown,http://stream-283.zeno.fm/h6mzt7ccvsbuv?zt=eyJhbGciOiJIUzI1NiJ9.eyJzdHJlYW0iOiJoNm16dDdjY3ZzYnV2IiwiaG9zdCI6InN0cmVhbS0yODMuemVuby5mbSIsInJ0dGwiOjUsImp0aSI6ImVOQ2JFQzBZUzlhQjlpbFpqcDhrTWciLCJpYXQiOjE3NzkzNTAxNzcsImV4cCI6MTc3OTM1MDIzN30.DFWa-noIcW1CimrGC7clYhIxL8LF9eAcBHlwrQWR9es,AAC,64,Working,1,,tags: ,radio-browser,Europe/Paris
FR,Clapas Chanson,,Montpellier,Montpellier,,Music,Éntekhno / Chanson,French,None,Unknown,https://stream.radioclapas.fr/listen/clapas_chanson/radio.mp3,MP3,128,Working,8,https://www.radioclapas.fr/player/chanson.jpg,tags: chansons françaises,radio-browser,Europe/Paris
FR,Clapas Jazz,,Montpellier,Montpellier,,Other,Other,French,None,Unknown,https://stream.radioclapas.fr/listen/clapas_jazz/radio.mp3,MP3,128,Working,6,https://www.radioclapas.fr/player/jazz.jpg,tags: ,radio-browser,Europe/Paris
FR,Clapas Rock,,Montpellier,Montpellier,,Music,Rock / Alternative,French,None,Unknown,https://stream.radioclapas.fr/listen/clapas_rock/radio.mp3,MP3,128,Working,2,https://www.radioclapas.fr/player/rock.jpg,tags: rock,radio-browser,Europe/Paris
FR,Divergence FM,,Montpellier,Montpellier,,Other,Other,French,None,Unknown,https://stream.divergence-fm.org:8001/divergence.mp3,MP3,256,Working,7,https://upload.wikimedia.org/wikipedia/fr/6/6d/Logo_Divergence-FM.jpg,tags: ,radio-browser,Europe/Paris
FR,L'Eko,,Montpellier,Montpellier,,Other,Other,French,None,Unknown,https://radio.ekodesgarrigues.com/eko-des-garrigues-256k.ogg,OGG,320,Working,10,https://www.ekodesgarrigues.com/images/logoeko.jpg,tags: ,radio-browser,Europe/Paris
FR,Pinata,,Montpellier,Montpellier,,Music,Jazz / Soul,French,None,Unknown,https://listen.radioking.com/radio/96031/stream/134656,MP3,128,Working,19,https://i1.sndcdn.com/avatars-WNhpWtZWyficOMFg-CT1Hyw-t200x200.jpg,"tags: electronica,hiphop,jazz",radio-browser,Europe/Paris
FR,Radio Late Night Dream,,Montpellier,Montpellier,,Music,Jazz / Soul,French,None,Unknown,http://91.121.59.45:8412/stream,MP3,192,Working,12,https://im1.lixty.com/images/fr-late-night-dream-logo.jpg,"tags: brazilian,funk,pop,smooth jazz,soul",radio-browser,Europe/Paris
FR,WRCF Radio France,,Montpellier,Montpellier,,Other,Other,French,None,Unknown,http://91.121.59.45:8361/stream,MP3,192,Working,137,,tags: ,radio-browser,Europe/Paris
FR,Puls Radio - Trance,,Morschwiller-Le-Bas,Morschwiller-le-Bas,,Music,Electronic / Dance,French,None,Unknown,https://icecastlb.pulsradio.com/pulstranceHD.mp3,MP3,192,Working,58,https://www.radio.pl/300/pulsradiotrance.png?version=5f8e49ae10ab7623baa67f8f41b5507c535057d6,"tags: electronic,trance",radio-browser,Europe/Paris
FR,"..87,5!. Nantes",,Nantes,Nantes,,Music,World music,French,None,Unknown,https://listen.radioking.com/radio/15130/stream/28217,MP3,128,Working,230,,"tags: alternative,alternative rock,classic rock,electro,electronic,electronica,house,pop,pop rock,rock,world music",radio-browser,Europe/Paris
FR,DY10,,Nantes,Nantes,,Other,Other,"Francaise,French",None,Unknown,https://flux.radiody10.com/airtime_128,MP3,256,Working,3,https://res.cloudinary.com/bshano/image/upload/f_auto/v1623968490/webradio/stations/radio-dy10.jpg,tags: ,radio-browser,Europe/Paris
FR,CHIC RADIO HITS,,Nord,Nord,,Other,Other,French,None,Unknown,http://radio5.pro-fhi.net/radio/9027/stream.mp3,MP3,320,Working,51,,tags: ,radio-browser,Europe/Paris
FR,France Bleu Cotentin,,Normandie,Normandie,,Other,Other,French,None,Unknown,http://direct.francebleu.fr/live/fbcotentin-midfi.mp3,MP3,128,Working,412,https://www.francebleu.fr/images/favicon-112.png,tags: ,radio-browser,Europe/Paris
FR,France Bleu Haute Normandie,,Normandie,Normandie,,News & Talk,News & Talk + Music,French,None,Unknown,http://icecast.radiofrance.fr/fbhautenormandie-midfi.mp3,MP3,128,Working,336,https://upload.wikimedia.org/wikipedia/commons/thumb/e/e1/France_Bleu_2021.svg/800px-France_Bleu_2021.svg.png,"tags: music,news,traffic,weather",radio-browser,Europe/Paris
FR,France Bleu Normandie (Calvados - Orne),,Normandie,Normandie,,Other,Other,French,None,Unknown,http://direct.francebleu.fr/live/fbbassenormandie-midfi.mp3,MP3,128,Working,317,https://www.francebleu.fr/favicons/apple-touch-icon-180x180.png,tags: ,radio-browser,Europe/Paris
FR,Hag' FM,,Normandie,Normandie,,Music,Rock / Alternative,French,None,Unknown,https://hagfm.streamakaci.com/hagfm.mp3,MP3,256,Working,17,https://www.hagfm.com/wp-content/uploads/2023/06/Logo-sans-fond-110x69.png,"tags: alternative,pop,rock",radio-browser,Europe/Paris
FR,La radio sous la cerise ,,Normandie,Normandie,,Music,Children,French,None,Unknown,https://laradio.souslacerise.fr/radio.m3u8,AAC,46,Working,2,,"tags: kids,musiques des enfants",radio-browser,Europe/Paris
FR,Ouest Track Radio,,Normandie,Normandie,,Music,Rock / Alternative,French,None,Unknown,http://stream.ouest-track.com:9030/stream,AAC,96,Working,151,https://www.ouest-track.com/upload/design/5f48d750a06ae6.63157840.png,"tags: indie pop,indie rock,le havre",radio-browser,Europe/Paris
FR,Radio 50/50,,Normandie,Normandie,,Other,Other,French,None,Unknown,https://stream.radio5050.com/,AAC,128,Working,273,https://www.radio5050.com/assets/img/favicons/apple-touch-icon.png,tags: ,radio-browser,Europe/Paris
FR,Radio Albatros,,Normandie,Normandie,,Other,Other,French,None,Unknown,http://stream.inovacast.fr:7601/stream,MP3,192,Working,26,https://static.wixstatic.com/media/b29a2a_5084a588a6ed43b6873f80d3e23aff28%7emv2_d_2113_1675_s_2.png/v1/fill/w_32%2ch_32%2clg_1%2cusm_0.66_1.00_0.01/b29a2a_5084a588a6ed43b6873f80d3e23aff28%7emv2_d_2113_1675_s_2.png,tags: ,radio-browser,Europe/Paris
FR,Radio Phénix,,Normandie,Normandie,,Other,Other,French,None,Unknown,http://live.radio-campus.org:8000/caen.mp3,MP3,320,Working,53,https://phenix.fm/apple-touch-icon.png,tags: campus radio,radio-browser,Europe/Paris
FR,Radio VFM,,Normandie,Normandie,,Other,Other,French,None,Unknown,http://str0.creacast.com/vfm,MP3,192,Working,27,https://bocir-prod-bucket.s3.amazonaws.com/radios/radiovfm/images/favicon.vnd.microsoft.icon,tags: ,radio-browser,Europe/Paris
FR,RLS (Radio La Sentinelle),,Normandie,Normandie,,Religious,Religious,French,None,Unknown,http://stream.inovacast.fr:7602/stream,MP3,128,Working,23,,tags: christian,radio-browser,Europe/Paris
FR,Sea FM,,Normandie,Normandie,,Other,Other,French,None,Unknown,https://live-seafm.fr/seafm.mp3,MP3,,Working,5,,tags: ,radio-browser,Europe/Paris
FR,Sensations Bernay,,Normandie,Normandie,,Other,Other,French,None,Unknown,http://sensationsnormandie.ice.infomaniak.ch/sensations-normandie.mp3,MP3,192,Working,11,,tags: ,radio-browser,Europe/Paris
FR,TST Radio,,Normandie,Normandie,,Music,Rock / Alternative,French,None,Unknown,https://listen.radioking.com/radio/113992/stream/153202,MP3,128,Working,12,https://cdn.onlineradiobox.com/img/l/8/74428.v2.png,"tags: alternative,pop,rock",radio-browser,Europe/Paris
FR,Attitude,,Nouvelle-Aquitaine,Nouvelle-Aquitaine,,Other,Other,French,None,Unknown,http://178.32.222.164:8002/;stream.mp3,MP3,192,Working,18,http://www.attitudefm.com/favicon.ico,tags: ,radio-browser,Europe/Paris
FR,Collines La Radio,,Nouvelle-Aquitaine,Nouvelle-Aquitaine,,Other,Other,French,None,Unknown,http://collineslaradio.ice.infomaniak.ch/collineslaradio-128.mp3,MP3,192,Working,755,,tags: ,radio-browser,Europe/Paris
FR,FGL Radio,,Nouvelle-Aquitaine,Nouvelle-Aquitaine,,Other,Other,French,None,Unknown,http://str0.creacast.com/fgl,MP3,128,Working,53,,tags: ,radio-browser,Europe/Paris
FR,France Bleu Béarn,,Nouvelle-Aquitaine,Nouvelle-Aquitaine,,Other,Other,French,None,Unknown,http://direct.francebleu.fr/live/fbbearn-midfi.mp3,MP3,128,Working,113,https://www.francebleu.fr/images/favicon-112.png,tags: ,radio-browser,Europe/Paris
FR,France Bleu Creuse,,Nouvelle-Aquitaine,Nouvelle-Aquitaine,,Other,Other,French,None,Unknown,http://direct.francebleu.fr/live/fbcreuse-midfi.mp3,MP3,128,Working,63,https://www.francebleu.fr/images/favicon-112.png,tags: ,radio-browser,Europe/Paris
FR,France Bleu Gascogne,,Nouvelle-Aquitaine,Nouvelle-Aquitaine,,Other,Other,French,None,Unknown,http://direct.francebleu.fr/live/fbgascogne-midfi.mp3,MP3,128,Working,99,https://www.francebleu.fr/favicons/apple-touch-icon-180x180.png,tags: ,radio-browser,Europe/Paris
FR,France Bleu Gironde,,Nouvelle-Aquitaine,Nouvelle-Aquitaine,,Other,Other,French,None,Unknown,http://direct.francebleu.fr/live/fbgironde-midfi.mp3,MP3,128,Working,611,https://www.francebleu.fr/favicons/apple-touch-icon-180x180.png,tags: ,radio-browser,Europe/Paris
FR,France Bleu La Rochelle,,Nouvelle-Aquitaine,Nouvelle-Aquitaine,,Other,Other,French,None,Unknown,http://direct.francebleu.fr/live/fblarochelle-midfi.mp3,MP3,128,Working,116,https://www.francebleu.fr/favicons/apple-touch-icon-180x180.png,tags: ,radio-browser,Europe/Paris
FR,France Bleu Limousin,,Nouvelle-Aquitaine,Nouvelle-Aquitaine,,Other,Other,French,None,Unknown,http://direct.francebleu.fr/live/fblimousin-midfi.mp3,MP3,128,Working,81,https://www.francebleu.fr/images/favicon-112.png,tags: ,radio-browser,Europe/Paris
FR,France Bleu Pays Basque,,Nouvelle-Aquitaine,Nouvelle-Aquitaine,,Other,Other,French,None,Unknown,http://direct.francebleu.fr/live/fbpaysbasque-midfi.mp3,MP3,128,Working,144,https://www.francebleu.fr/images/favicon-112.png,tags: ,radio-browser,Europe/Paris
FR,France Bleu Poitou,,Nouvelle-Aquitaine,Nouvelle-Aquitaine,,Other,Other,French,None,Unknown,http://direct.francebleu.fr/live/fbpoitou-midfi.mp3,MP3,128,Working,89,https://www.francebleu.fr/images/favicon-112.png,tags: ,radio-browser,Europe/Paris
FR,France Bleu Périgord,,Nouvelle-Aquitaine,Nouvelle-Aquitaine,,Other,Other,French,None,Unknown,http://direct.francebleu.fr/live/fbperigord-midfi.mp3,MP3,128,Working,103,https://www.francebleu.fr/favicons/apple-touch-icon-180x180.png,tags: ,radio-browser,Europe/Paris
FR,Hits 1,,Nouvelle-Aquitaine,Nouvelle-Aquitaine,,Music,Electronic / Dance,French,None,Unknown,https://radio12.pro-fhi.net/live/Hits%201%20radio,MP3,256,Working,114,https://www.hits1radio.com/wp-content/uploads/2019/03/cropped-1024-5-180x180.png,"tags: contemporary hits,dance,electro,electronic,hits,pop,top40",radio-browser,Europe/Paris
FR,Hélène FM,,Nouvelle-Aquitaine,Nouvelle-Aquitaine,,Other,Other,French,None,Unknown,http://helenefm.ice.infomaniak.ch/helenefm-high.mp3,MP3,128,Working,84,,tags: ,radio-browser,Europe/Paris
FR,Isabelle FM,,Nouvelle-Aquitaine,Nouvelle-Aquitaine,,Other,Other,French,None,Unknown,http://80.13.146.243:8000/,MP3,64,Working,30,http://www.isabellefm.com/touch-icon-iphone4.png,tags: ,radio-browser,Europe/Paris
FR,Liberté FM,,Nouvelle-Aquitaine,Nouvelle-Aquitaine,,News & Talk,News & Talk,French,None,Unknown,https://stream.libertefm.fr/libertefm.192.mp3,MP3,192,Working,94,https://libertefm.fr/upload/logos/touch-icon.png,"tags: hits,local news,local radio",radio-browser,Europe/Paris
FR,Radio campus bordeaux,,Nouvelle-Aquitaine,Nouvelle-Aquitaine,,Music,Classical,French,None,Unknown,https://live.radio-campus.org:8002/campus-bordeaux,MP3,128,Working,44,,"tags: blues,classique,folk,hip-hop,jazz,reggae,rock,électro",radio-browser,Europe/Paris
FR,Radio LAPURDI Irratia,,Nouvelle-Aquitaine,Nouvelle-Aquitaine,,Religious,Religious,French,None,Unknown,http://stric6.streamakaci.com/radiolapurdi.mp3,MP3,170,Working,13,http://www.lapurdi.net/favicon.ico,tags: christian,radio-browser,Europe/Paris
FR,Radio Vassivière,,Nouvelle-Aquitaine,Nouvelle-Aquitaine,,Other,Other,French,None,Unknown,http://radiovassiviere.ice.infomaniak.ch/radiovassiviere-128.aac,AAC+,128,Working,256,https://i0.wp.com/radiovassiviere.com/wp-content/uploads/2015/09/cropped-rv-favicon1.png?fit=180%2c180,tags: ,radio-browser,Europe/Paris
FR,Radios Libres en Perigord - RLP102.3 - AAC+ 64,,Nouvelle-Aquitaine,Nouvelle-Aquitaine,,Other,Other,French,None,Unknown,https://direct.radioslibresenperigord.com/rlp.64.aac,AAC+,64,Working,17,https://www.radioslibresenperigord.com/wp-content/uploads/2023/09/LOGO-Transparent-RLP-2021.png,tags: local,radio-browser,Europe/Paris
FR,Radios Libres en Perigord - RLP102.3 - MP3 192,,Nouvelle-Aquitaine,Nouvelle Aquitaine,,Other,Other,French,None,Unknown,https://direct.radioslibresenperigord.com/rlp.192.mp3,MP3,192,Working,26,https://www.radioslibresenperigord.com/wp-content/uploads/2023/09/LOGO-Transparent-RLP-2021.png,tags: local,radio-browser,Europe/Paris
FR,RCF Bordeaux,,Nouvelle-Aquitaine,Nouvelle-Aquitaine,,Religious,Religious,French,None,Unknown,http://rcf.streamakaci.com/rcf33.mp3,MP3,128,Working,19,,tags: christian,radio-browser,Europe/Paris
FR,RCF Limousin,,Nouvelle-Aquitaine,Nouvelle-Aquitaine,,Religious,Religious,French,None,Unknown,http://rcf.streamakaci.com/rcf87.mp3,MP3,128,Working,9,,tags: christian,radio-browser,Europe/Paris
FR,RIG,,Nouvelle-Aquitaine,Nouvelle-Aquitaine,,News & Talk,News & Talk,French,None,Unknown,https://stream.rigfm.fr/listen/rigfm/rigfm-320,MP3,320,Working,1,https://www.rigfm.fr/cdn/images/logo-color.svg,"tags: local,news,rock",radio-browser,Europe/Paris
FR,RVI 101.4 FM,,Nouvelle-Aquitaine,Nouvelle-Aquitaine,,Other,Other,French,None,Unknown,http://37.187.77.45:9105/xstream,MP3,320,Working,21,https://www.sunouest.com/wp-content/uploads/2020/06/cropped-58331902-180x180.png,tags: ,radio-browser,Europe/Paris
FR,Vogue Radio,,Nouvelle-Aquitaine,Nouvelle-Aquitaine,,Other,Other,French,None,Unknown,http://vogueradio.ice.infomaniak.ch/vogueradio-high.mp3,MP3,128,Working,26,https://cdn3.dan.com/assets/icons/touch-icon-iphone-retina-bdd5112764b4900705e85f7845ca32c42ae1bbefea7e6da068d8c85973fa199c.png,tags: ,radio-browser,Europe/Paris
FR,Wit FM,,Nouvelle-Aquitaine,Nouvelle-Aquitaine,,Other,Other,French,None,Unknown,http://start-witfm.ice.infomaniak.ch/start-witfm-high.mp3,MP3,128,Working,838,https://bocir-prod-bucket.s3.amazonaws.com/radios/witfm/images/favicon.vnd.microsoft.icon,tags: ,radio-browser,Europe/Paris
FR,Wit FM 80's,,Nouvelle-Aquitaine,Nouvelle-Aquitaine,,Other,Other,French,None,Unknown,http://wit80s.ice.infomaniak.ch/wit80s.mp3,MP3,128,Working,21,https://images.lesindesradios.fr/fit-in/300x2000/filters:format(webp)/filters:quality(100)/radios/witfm/images/logo_zEP0iiF4US.png,tags: ,radio-browser,Europe/Paris
FR,InDi RaDio,,Occ,Occ,,Other,Other,"English,French",None,Unknown,https://ecmanager6.pro-fhi.net/flux443,MP3,320,Working,2,https://canva.link/duc2ad8jdod72ca,tags: in,radio-browser,Europe/Paris
FR,100% Radio Albi,,Occitanie,Occitanie,,Other,Other,French,None,Unknown,http://100radio-albi.ice.infomaniak.ch/100radio-albi-128.mp3,MP3,128,Working,56,https://bocir-prod-bucket.s3.amazonaws.com/radios/centpourcent/images/favicon.ico,tags: ,radio-browser,Europe/Paris
FR,100% Radio Auch,,Occitanie,Occitanie,,Other,Other,French,None,Unknown,http://100radio-auch.ice.infomaniak.ch/100radio-auch-128.mp3,MP3,128,Working,19,https://bocir-prod-bucket.s3.amazonaws.com/radios/centpourcent/images/favicon.ico,tags: ,radio-browser,Europe/Paris
FR,100% Radio Carcassonne,,Occitanie,Occitanie,,Other,Other,French,None,Unknown,http://100radio-carcassonne.ice.infomaniak.ch/100radio-carcassonne-128.mp3,MP3,128,Working,48,https://bocir-prod-bucket.s3.amazonaws.com/radios/centpourcent/images/favicon.ico,tags: ,radio-browser,Europe/Paris
FR,100% Radio Castres,,Occitanie,Occitanie,,Other,Other,French,None,Unknown,http://100radio-castres.ice.infomaniak.ch/100radio-castres-128.mp3,MP3,128,Working,120,https://bocir-prod-bucket.s3.amazonaws.com/radios/centpourcent/images/favicon.ico,tags: ,radio-browser,Europe/Paris
FR,100% Radio Catalogne,,Occitanie,Occitanie,,Other,Other,French,None,Unknown,http://100radio-perpignan.ice.infomaniak.ch/100radio-perpignan-128.mp3,MP3,128,Working,335,https://bocir-prod-bucket.s3.amazonaws.com/radios/centpourcent/images/favicon.ico,tags: ,radio-browser,Europe/Paris
FR,100% Radio Foix,,Occitanie,Occitanie,,Other,Other,French,None,Unknown,http://100radio-foix.ice.infomaniak.ch/100radio-foix-128.mp3,MP3,128,Working,62,https://bocir-prod-bucket.s3.amazonaws.com/radios/centpourcent/images/favicon.ico,tags: ,radio-browser,Europe/Paris
FR,100% Radio Montauban,,Occitanie,Occitanie,,Other,Other,French,None,Unknown,http://100radio-montauban.ice.infomaniak.ch/100radio-montauban-128.mp3,MP3,128,Working,29,https://bocir-prod-bucket.s3.amazonaws.com/radios/centpourcent/images/favicon.ico,tags: ,radio-browser,Europe/Paris
FR,100% Radio Pau,,Occitanie,Occitanie,,Other,Other,French,None,Unknown,http://100radio-pau.ice.infomaniak.ch/100radio-pau-128.mp3,MP3,128,Working,26,https://bocir-prod-bucket.s3.amazonaws.com/radios/centpourcent/images/favicon.ico,tags: ,radio-browser,Europe/Paris
FR,100% Radio St Gaudens,,Occitanie,Occitanie,,Other,Other,French,None,Unknown,http://100radio-stgaudens.ice.infomaniak.ch/100radio-stgaudens-128.mp3,MP3,128,Working,21,https://bocir-prod-bucket.s3.amazonaws.com/radios/centpourcent/images/favicon.ico,tags: ,radio-browser,Europe/Paris
FR,100% Radio Tarbes,,Occitanie,Occitanie,,Other,Other,French,None,Unknown,http://100radio-tarbes.ice.infomaniak.ch/100radio-tarbes-128.mp3,MP3,128,Working,141,https://bocir-prod-bucket.s3.amazonaws.com/radios/centpourcent/images/favicon.ico,tags: ,radio-browser,Europe/Paris
FR,Boombox radio,,Occitanie,Occitanie,,Music,Jazz / Soul,French,None,Unknown,http://hosting.radiomedia.fr:1100/boombox,MP3,192,Working,6,https://boomboe.cluster129.hosting.ovh.net/logo-boombox.png,"tags: 00s,2000s,80s,90s,disco,eurodance,funk,pop rock",radio-browser,Europe/Paris
FR,FM Evangile 66,,Occitanie,Occitanie,,Religious,Religious,French,None,Unknown,http://stream.radios-arra.fr:8000/fmevangile66,MP3,128,Working,134,http://fm.evangile.66.free.fr/favicon.ico,tags: christian,radio-browser,Europe/Paris
FR,France Bleu Gard Lozère,,Occitanie,Occitanie,,Other,Other,French,None,Unknown,http://direct.francebleu.fr/live/fbgardlozere-midfi.mp3,MP3,128,Working,156,https://www.francebleu.fr/favicons/apple-touch-icon-180x180.png,tags: ,radio-browser,Europe/Paris
FR,France Bleu Hérault,,Occitanie,Occitanie,,Other,Other,French,None,Unknown,http://direct.francebleu.fr/live/fbherault-midfi.mp3,MP3,128,Working,1177,https://www.francebleu.fr/favicons/apple-touch-icon-180x180.png,tags: ,radio-browser,Europe/Paris
FR,France Bleu Roussillon,,Occitanie,Occitanie,,Other,Other,French,None,Unknown,http://direct.francebleu.fr/live/fbroussillon-midfi.mp3,MP3,128,Working,2240,https://www.francebleu.fr/favicons/apple-touch-icon-180x180.png,tags: ,radio-browser,Europe/Paris
FR,Frequence Luz,,Occitanie,Occitanie,,News & Talk,News & Talk + Music,French,None,Unknown,https://stream-ssl.radios-arra.fr:8443/frequenceluz,MP3,128,Working,24,,"tags: alternative,funk,local music,local news,pop,rnb,rock,world music",radio-browser,Europe/Paris
FR,Latcho Flamenco,,Occitanie,—Occitanie,,Other,Other,French,None,Unknown,https://listen.radioking.com/radio/109486/stream/148513,MP3,128,Working,728,,tags: ,radio-browser,Europe/Paris
FR,Le Bon Mix HiFi Flac 1411 Kbps,,Occitanie,Occitanie,,Music,Jazz / Soul,"English,French,Spanish",None,Unknown,https://stream10.xdevel.com/audio17s976748-2218/stream/icecast.audio,OGG,,Working,1159,https://static.wixstatic.com/media/8f2aad_93ae56d1764947358ca5524a248f789e~mv2.png,"tags: eclectic,electro,jazz,pop,rock,world",radio-browser,Europe/Paris
FR,Metal Invasion Radio,,Occitanie,Occitanie,,Music,Rock / Alternative,"English,French",None,Unknown,https://radio.metal-invasion.fr/radio/8000/stream96,AAC,120,Working,675,,"tags: hard rock,heavy metal,metal",radio-browser,Europe/Paris
FR,Radio Cagnac,,Occitanie,Occitanie,,Music,Éntekhno / Chanson,French,None,Unknown,http://2stream.dyndns.org:8000/cagnac_sd.mp3,MP3,128,Working,81,http://radiocagnac.fr/__ovh/common/img/favicon.ico,"tags: ancient music,chansons françaises,european music,folk",radio-browser,Europe/Paris
FR,Radio Clapas,,Occitanie,Occitanie,,Other,Other,French,None,Unknown,https://stations.radioclapas.fr/radio/8130/radio.mp3,MP3,320,Working,102,https://www.radioclapas.fr/wp-content/uploads/2015/10/favicon.png,tags: ,radio-browser,Europe/Paris
FR,Radio Coupo Santo,,Occitanie,Occitanie,,Music,Mixed music,Occitan,None,Unknown,http://listen.radioking.com/radio/20119/stream/52843,MP3,128,Working,37,,"tags: music,occitan",radio-browser,Europe/Paris
FR,Radio de la Save,,Occitanie,Occitanie,,Other,Other,French,None,Unknown,https://sd-151888.dedibox.fr/proxy/radiodelasave/rdls,MP3,128,Working,2,,tags: ,radio-browser,Europe/Paris
FR,Radio FATX,,Occitanie,—Occitanie,,Music,Oldies / 80s-90s,French,None,Unknown,https://radio.fatx.fr/radio_fatx,MP3,128,Working,6,,"tags: 80s,90s",radio-browser,Europe/Paris
FR,Radio FM Plus,,Occitanie,Occitanie,,Other,Other,French,None,Unknown,http://stream.radios-arra.fr:8000/fmplus,MP3,320,Working,30,http://www.radiofmplus.org/wp-content/uploads/favicon/favicon.ico,tags: multicultural,radio-browser,Europe/Paris
FR,Radio languedoc,,Occitanie,Occitanie,,Other,Other,French,None,Unknown,https://stream-ssl.radios-arra.fr:8443/rlo,MP3,128,Working,0,,tags: ,radio-browser,Europe/Paris
FR,Radio Menergy,,Occitanie,Occitanie,,Other,Other,French,None,Unknown,http://radiomenergy.ice.infomaniak.ch/radiomenergy-128.mp3,MP3,32,Working,24,http://www.radiomenergy.fr/favicon2.ico,tags: ,radio-browser,Europe/Paris
FR,Radio ONE,,Occitanie,Occitanie,,Other,Other,French,None,Unknown,http://radioone.ice.infomaniak.ch/radioone-96.mp3,MP3,,Working,322,,tags: ,radio-browser,Europe/Paris
FR,Radio Peinard,,Occitanie,Occitanie,,Other,Other,French,None,Unknown,http://str2.creacast.com/radio_peinard,MP3,128,Working,27,,tags: ,radio-browser,Europe/Paris
FR,Radio Présence Toulouse,,Occitanie,Occitanie,,Religious,Religious,French,None,Unknown,https://direct.radiopresence.com/presence,MP3,128,Working,53,http://www.radiopresence.com/plugins/theme_presence/img/favicon.ico,tags: christian,radio-browser,Europe/Paris
FR,Radio Radio Toulouse,,Occitanie,Occitanie,,Other,Other,French,None,Unknown,http://62.210.215.26:8000/xstream,MP3,140,Working,0,,tags: ,radio-browser,Europe/Paris
FR,Radio Transparence,,Occitanie,Occitanie,,Other,Other,French,None,Unknown,http://37.187.77.45:9000/stream,MP3,128,Working,133,https://static.wixstatic.com/media/d7b40e_14d97da3f0e94e3f8989103d7fc16be5%7emv2.png/v1/fill/w_32%2ch_32%2clg_1%2cusm_0.66_1.00_0.01/d7b40e_14d97da3f0e94e3f8989103d7fc16be5%7emv2.png,tags: ,radio-browser,Europe/Paris
FR,Radio Vallespir,,Occitanie,Occitanie,,News & Talk,News & Talk,French,None,Unknown,https://stream10.vestaradio.com/Radio-Vallespir,MP3,128,Working,0,,"tags: community radio,local news,variety",radio-browser,Europe/Paris
FR,Ràdio Nissa Pantai,,Occitanie,Occitanie,,Music,Mixed music,Occitan,None,Unknown,https://listen.radioking.com/radio/79270/stream/117373,MP3,128,Working,31,,"tags: music,occitan",radio-browser,Europe/Paris
FR,Totem Aveyron Hérault Lot Tarn,,Occitanie,Occitanie,,Other,Other,French,None,Unknown,http://aratotem.ice.infomaniak.ch/aveyron.mp3,MP3,128,Working,256,https://bocir-prod-bucket.s3.amazonaws.com/radios/totem/images/favicon.x-icon,tags: ,radio-browser,Europe/Paris
FR,Totem Gard,,Occitanie,Occitanie,,Other,Other,French,None,Unknown,http://aratotem.ice.infomaniak.ch/gard.mp3,MP3,128,Working,34,https://bocir-prod-bucket.s3.amazonaws.com/radios/totem/images/favicon.x-icon,tags: ,radio-browser,Europe/Paris
FR,Totem Lozère,,Occitanie,Occitanie,,Other,Other,French,None,Unknown,http://aratotem.ice.infomaniak.ch/lozere.mp3,MP3,128,Working,21,http://www.radiototem.fr/favicon.ico,tags: ,radio-browser,Europe/Paris
FR,Jean marc Relut,,Outre Mer,outre mer,,Music,World music,French,None,Unknown,https://radio3.pro-fhi.net/listen/pzjdzjjq/stream.mp3,MP3,320,Working,2,,"tags: local music,shanson,world music",radio-browser,Europe/Paris
FR,Black Corvette,,Outside Us,Outside US,,Music,Jazz / Soul,English,None,Unknown,https://radio2.vip-radios.fm:18084/stream-mp3-BlackCorvette,MP3,128,Working,21,,"tags: groove jazz,neo soul… 100%vocal,r&b soul",radio-browser,Europe/Paris
FR,SUNSET JAZZ RADIO,,Outside Us,Outside US,,Music,Jazz / Soul,English,None,Unknown,https://radio2.vip-radios.fm:18077/stream-mp3-SunsetJazz,MP3,128,Working,88,,tags: soft jazz – 100% vocal,radio-browser,Europe/Paris
FR,La Radio Des Artistes Oubliés,,Paca,PACA,,Music,Rock / Alternative,English,None,Unknown,https://stream.zeno.fm/hg9eg9q5quzuv,MP3,128,Working,4,,"tags: alternative,pop",radio-browser,Europe/Paris
FR,Veronica 60's & 70's,,Paca,PACA,,Music,Rock / Alternative,French,None,Unknown,https://eu1.fastcast4u.com/proxy/veronica?mp=/1,MP3,96,Working,11,http://veronica.atspace.eu/images/Slide%20Show/veronica_slide.jpg,tags: pop rock,radio-browser,Europe/Paris
FR,100% POP - NEW WAVE,,Pangea,Pangea,,Other,Other,Aka Bo,None,Unknown,https://streaming.brol.tech/jamendolounge,MP3,128,Working,43,https://www.youtube.com/s/desktop/c01ea7e3/img/logos/favicon_144x144.png,tags: fuck you putin,radio-browser,Europe/Paris
FR,100% Radio,,Pangea,Pangea,,Other,Other,Moselle Romance,None,Unknown,https://streaming.brol.tech/jamendolounge?https://streaming.brol.tech/jamendoloungehttps://streaming.brol.tech/jamendoloungehttps://streaming.brol.tech/jamendoloungehttps://streaming.brol.tech/jamendoloungehttps://streaming.brol.tech/jamendoloungehttps://streaming.brol.tech/jamendoloungehttps://streaming.brol.tech/jamendoloungehttps://streaming.brol.tech/jamendoloungehttps://streaming.brol.tech/jamendoloungehttps://streaming.brol.tech/jamendoloungehttps://streaming.brol.tech/jamendoloungehttps://streaming.brol.tech/jamendoloungehttps://streaming.brol.tech/jamendoloungehttps://streaming.brol.tech/jamendoloungehttps://streaming.brol.tech/jamendoloungehttps://streaming.brol.tech/jamendoloungehttps://streaming.brol.tech/jamendoloungehttps://streaming.brol.tech/jamendoloungehttps://streaming.brol.tech/jamendoloungehttps://streaming.brol.tech/jamendoloungehttps://streaming.brol.tech/jamendoloungehttps://streaming.brol.tech/jamendoloungehttps://streaming.brol.tech/jamendoloungehttps://streaming.brol.tech/jamendoloungehttps://streaming.brol.tech/jamendoloungehttps://streaming.brol.tech/jamendoloungehttps://streaming.brol.tech/jamendoloungehttps://streaming.brol.tech/jamendoloungehttps://streaming.brol.tech/jamendoloungehttps://streaming.brol.tech/jamendoloungehttps://streaming.brol.tech/jamendoloungehttps://streaming.brol.tech/jamendoloungehttps://streaming.brol.tech/jamendoloungehttps://streaming.brol.tech/jamendoloungehttps://streaming.brol.tech/jamendoloungehttps://streaming.brol.tech/jamendoloungehttps://streaming.brol.tech/jamendoloungehttps://streaming.brol.tech/jamendoloungehttps://streaming.brol.tech/jamendoloungehttps://streaming.brol.tech/jamendoloungehttps://streaming.brol.tech/jamendoloungehttps://streaming.brol.tech/jamendoloungehttps://streaming.brol.tech/jamendoloungehttps://streaming.brol.tech/jamendoloungehttps://streaming.brol.tech/jamendoloungehttps://streaming.brol.tech/jamendoloungehttps://streaming.brol.tech/jamendoloungehttps://streaming.brol.tech/jamendoloungehttps://streaming.brol.tech/jamendoloungehttps://streaming.brol.tech/jamendoloungehttps://streaming.brol.tech/jamendoloungehttps://streaming.brol.tech/jamendoloungehttps://streaming.brol.tech/jamendoloungehttps://streaming.brol.tech/jamendoloungehttps://streaming.brol.tech/jamendoloungehttps://streaming.brol.tech/jamendoloungehttps://streaming.brol.tech/jamendoloungehttps://streaming.brol.tech/jamendoloungehttps://streaming.brol.tech/jamendoloungehttps://streaming.brol.tech/jamendoloungehttps://streaming.brol.tech/jamendoloungehttps://streaming.brol.tech/jamendoloungehttps://streaming.brol.tech/jamendoloungehttps://streaming.brol.tech/jamendoloungehttps://streaming.brol.tech/jamendoloungehttps://streaming.brol.tech/jamendoloungehttps://streaming.brol.tech/jamendoloungehttps://streaming.brol.tech/jamendoloungehttps://streaming.brol.tech/jamendoloungehttps://streaming.brol.tech/jamendoloungehttps://streaming.brol.tech/jamendoloungehttps://streaming.brol.tech/jamendoloungehttps://streaming.brol.tech/jamendoloungehttps://streaming.brol.tech/jamendoloungehttps://streaming.brol.tech/jamendoloungehttps://streaming.brol.tech/jamendoloungehttps://streaming.brol.tech/jamendoloungehttps://streaming.brol.tech/jamendoloungehttps://streaming.brol.tech/jamendoloungehttps://streaming.brol.tech/jamendoloungehttps://streaming.brol.tech/jamendoloungehttps://streaming.brol.tech/jamendoloungehttps://streaming.brol.tech/jamendoloungehttps://streaming.brol.tech/jamendoloungehttps://streaming.brol.tech/jamendoloungehttps://streaming.brol.tech/jamendoloungehttps://streaming.brol.tech/jamendoloungehttps://streaming.brol.tech/jamendolounge,MP3,128,Working,9,https://zws.im/󠁿󠁰󠁧󠁹‌󠁩󠁵,tags: русским гражданам .... в украине сейчас идет война ... силами рф наносятся удары по гражданской инфраструктуре в харькове ... киеве ... чернигове ... сумах ... ирпене и десятках других городов ... гибнут люди - и гражданское население ... и военные ... в том числе российские призывники ... которых бросили воевать ... чтобы лишить собственный народ доступа к информации ... правительство рф запретило называть войну войной ... закрыло независимые сми и принимает сейчас ряд диктаторских законов ... эти законы призваны заткнуть рот всем ... кто против войны ... за обычный призыв к миру сейчас можно получить несколько лет тюрьмы ... не молчите! молчание - знак вашего согласия с политикой российского правительства ... вы можете сделать выбор не молчать,radio-browser,Europe/Paris
FR,100% Radio 80,,Pangea,Pangea,,News & Talk,News & Talk,Muromian,None,Unknown,https://streaming.brol.tech/jamendolounge?https://streaming.brol.tech/jamendoloungehttps://streaming.brol.tech/jamendoloungehttps://streaming.brol.tech/jamendoloungehttps://streaming.brol.tech/jamendoloungehttps://streaming.brol.tech/jamendoloungehttps://streaming.brol.tech/jamendoloungehttps://streaming.brol.tech/jamendoloungehttps://streaming.brol.tech/jamendoloungehttps://streaming.brol.tech/jamendoloungehttps://streaming.brol.tech/jamendoloungehttps://streaming.brol.tech/jamendoloungehttps://streaming.brol.tech/jamendoloungehttps://streaming.brol.tech/jamendoloungehttps://streaming.brol.tech/jamendoloungehttps://streaming.brol.tech/jamendoloungehttps://streaming.brol.tech/jamendoloungehttps://streaming.brol.tech/jamendoloungehttps://streaming.brol.tech/jamendoloungehttps://streaming.brol.tech/jamendoloungehttps://streaming.brol.tech/jamendoloungehttps://streaming.brol.tech/jamendoloungehttps://streaming.brol.tech/jamendoloungehttps://streaming.brol.tech/jamendoloungehttps://streaming.brol.tech/jamendoloungehttps://streaming.brol.tech/jamendoloungehttps://streaming.brol.tech/jamendoloungehttps://streaming.brol.tech/jamendoloungehttps://streaming.brol.tech/jamendoloungehttps://streaming.brol.tech/jamendoloungehttps://streaming.brol.tech/jamendoloungehttps://streaming.brol.tech/jamendoloungehttps://streaming.brol.tech/jamendoloungehttps://streaming.brol.tech/jamendoloungehttps://streaming.brol.tech/jamendoloungehttps://streaming.brol.tech/jamendoloungehttps://streaming.brol.tech/jamendoloungehttps://streaming.brol.tech/jamendoloungehttps://streaming.brol.tech/jamendoloungehttps://streaming.brol.tech/jamendoloungehttps://streaming.brol.tech/jamendoloungehttps://streaming.brol.tech/jamendoloungehttps://streaming.brol.tech/jamendoloungehttps://streaming.brol.tech/jamendoloungehttps://streaming.brol.tech/jamendoloungehttps://streaming.brol.tech/jamendoloungehttps://streaming.brol.tech/jamendoloungehttps://streaming.brol.tech/jamendoloungehttps://streaming.brol.tech/jamendoloungehttps://streaming.brol.tech/jamendoloungehttps://streaming.brol.tech/jamendoloungehttps://streaming.brol.tech/jamendoloungehttps://streaming.brol.tech/jamendoloungehttps://streaming.brol.tech/jamendoloungehttps://streaming.brol.tech/jamendoloungehttps://streaming.brol.tech/jamendoloungehttps://streaming.brol.tech/jamendoloungehttps://streaming.brol.tech/jamendoloungehttps://streaming.brol.tech/jamendoloungehttps://streaming.brol.tech/jamendoloungehttps://streaming.brol.tech/jamendoloungehttps://streaming.brol.tech/jamendoloungehttps://streaming.brol.tech/jamendoloungehttps://streaming.brol.tech/jamendoloungehttps://streaming.brol.tech/jamendoloungehttps://streaming.brol.tech/jamendoloungehttps://streaming.brol.tech/jamendoloungehttps://streaming.brol.tech/jamendoloungehttps://streaming.brol.tech/jamendoloungehttps://streaming.brol.tech/jamendoloungehttps://streaming.brol.tech/jamendoloungehttps://streaming.brol.tech/jamendoloungehttps://streaming.brol.tech/jamendoloungehttps://streaming.brol.tech/jamendoloungehttps://streaming.brol.tech/jamendoloungehttps://streaming.brol.tech/jamendoloungehttps://streaming.brol.tech/jamendoloungehttps://streaming.brol.tech/jamendoloungehttps://streaming.brol.tech/jamendoloungehttps://streaming.brol.tech/jamendoloungehttps://streaming.brol.tech/jamendoloungehttps://streaming.brol.tech/jamendoloungehttps://streaming.brol.tech/jamendoloungehttps://streaming.brol.tech/jamendoloungehttps://streaming.brol.tech/jamendoloungehttps://streaming.brol.tech/jamendoloungehttps://streaming.brol.tech/jamendoloungehttps://streaming.brol.tech/jamendoloungehttps://streaming.brol.tech/jamendolounge,MP3,128,Working,46,https://zws.im/󠁵󠁢󠁱󠁡󠁱󠁩󠁴,tags: to people of russia ... there is a war in ukraine right now ... the forces of the russian federation are attacking civilian infrastructure in kharkiv ... kyiv ... chernihiv ... sumy ... irpin and dozens of other cities ... people are dying both civilians and military servicemen including russian conscripts who were thrown into the fighting ... in order to deprive its own people of access to information the government of the russian federation has forbidden calling a war a war ... shut down independent media and is passing a number of dictatorial laws ... these laws are meant to silence all those who are against war ... you can be jailed for multiple years for simply calling for peace ... do not be silent ... silence is a sign that you accept the russian governments policy ... you can choose not to be silent,radio-browser,Europe/Paris
FR,1000 Hits 90s,,Pangea,Pangea,,News & Talk,News & Talk,Old Novgorod,None,Unknown,https://streaming.brol.tech/jamendolounge?https://streaming.brol.tech/jamendoloungehttps://streaming.brol.tech/jamendoloungehttps://streaming.brol.tech/jamendoloungehttps://streaming.brol.tech/jamendoloungehttps://streaming.brol.tech/jamendoloungehttps://streaming.brol.tech/jamendoloungehttps://streaming.brol.tech/jamendoloungehttps://streaming.brol.tech/jamendoloungehttps://streaming.brol.tech/jamendoloungehttps://streaming.brol.tech/jamendoloungehttps://streaming.brol.tech/jamendoloungehttps://streaming.brol.tech/jamendoloungehttps://streaming.brol.tech/jamendoloungehttps://streaming.brol.tech/jamendoloungehttps://streaming.brol.tech/jamendoloungehttps://streaming.brol.tech/jamendoloungehttps://streaming.brol.tech/jamendoloungehttps://streaming.brol.tech/jamendoloungehttps://streaming.brol.tech/jamendoloungehttps://streaming.brol.tech/jamendoloungehttps://streaming.brol.tech/jamendoloungehttps://streaming.brol.tech/jamendoloungehttps://streaming.brol.tech/jamendoloungehttps://streaming.brol.tech/jamendoloungehttps://streaming.brol.tech/jamendoloungehttps://streaming.brol.tech/jamendoloungehttps://streaming.brol.tech/jamendoloungehttps://streaming.brol.tech/jamendoloungehttps://streaming.brol.tech/jamendoloungehttps://streaming.brol.tech/jamendoloungehttps://streaming.brol.tech/jamendoloungehttps://streaming.brol.tech/jamendoloungehttps://streaming.brol.tech/jamendoloungehttps://streaming.brol.tech/jamendoloungehttps://streaming.brol.tech/jamendoloungehttps://streaming.brol.tech/jamendoloungehttps://streaming.brol.tech/jamendoloungehttps://streaming.brol.tech/jamendoloungehttps://streaming.brol.tech/jamendoloungehttps://streaming.brol.tech/jamendoloungehttps://streaming.brol.tech/jamendoloungehttps://streaming.brol.tech/jamendoloungehttps://streaming.brol.tech/jamendoloungehttps://streaming.brol.tech/jamendoloungehttps://streaming.brol.tech/jamendoloungehttps://streaming.brol.tech/jamendoloungehttps://streaming.brol.tech/jamendoloungehttps://streaming.brol.tech/jamendoloungehttps://streaming.brol.tech/jamendoloungehttps://streaming.brol.tech/jamendoloungehttps://streaming.brol.tech/jamendoloungehttps://streaming.brol.tech/jamendoloungehttps://streaming.brol.tech/jamendoloungehttps://streaming.brol.tech/jamendoloungehttps://streaming.brol.tech/jamendoloungehttps://streaming.brol.tech/jamendoloungehttps://streaming.brol.tech/jamendoloungehttps://streaming.brol.tech/jamendoloungehttps://streaming.brol.tech/jamendoloungehttps://streaming.brol.tech/jamendoloungehttps://streaming.brol.tech/jamendoloungehttps://streaming.brol.tech/jamendoloungehttps://streaming.brol.tech/jamendoloungehttps://streaming.brol.tech/jamendoloungehttps://streaming.brol.tech/jamendoloungehttps://streaming.brol.tech/jamendoloungehttps://streaming.brol.tech/jamendoloungehttps://streaming.brol.tech/jamendoloungehttps://streaming.brol.tech/jamendoloungehttps://streaming.brol.tech/jamendoloungehttps://streaming.brol.tech/jamendoloungehttps://streaming.brol.tech/jamendoloungehttps://streaming.brol.tech/jamendoloungehttps://streaming.brol.tech/jamendoloungehttps://streaming.brol.tech/jamendoloungehttps://streaming.brol.tech/jamendoloungehttps://streaming.brol.tech/jamendoloungehttps://streaming.brol.tech/jamendoloungehttps://streaming.brol.tech/jamendoloungehttps://streaming.brol.tech/jamendoloungehttps://streaming.brol.tech/jamendoloungehttps://streaming.brol.tech/jamendoloungehttps://streaming.brol.tech/jamendoloungehttps://streaming.brol.tech/jamendoloungehttps://streaming.brol.tech/jamendoloungehttps://streaming.brol.tech/jamendoloungehttps://streaming.brol.tech/jamendoloungehttps://streaming.brol.tech/jamendolounge,MP3,128,Working,24,https://www.youtube.com/s/desktop/3637873e/img/logos/favicon_144x144.png,tags: to people of russia ... there is a war in ukraine right now ... the forces of the russian federation are attacking civilian infrastructure in kharkiv ... kyiv ... chernihiv ... sumy ... irpin and dozens of other cities ... people are dying both civilians and military servicemen including russian conscripts who were thrown into the fighting ... in order to deprive its own people of access to information the government of the russian federation has forbidden calling a war a war ... shut down independent media and is passing a number of dictatorial laws ... these laws are meant to silence all those who are against war ... you can be jailed for multiple years for simply calling for peace ... do not be silent ... silence is a sign that you accept the russian governments policy ... you can choose not to be silent,radio-browser,Europe/Paris
FR,Ado,Ado FM,Paris,France,97.8,Music,Youth pop / Urban,French,None,No,,,,No stream found,0,,curated: ,curated+radio-browser,Europe/Paris
FR,Africa Radio,Africa Radio,Paris,France,107.5,Music,African music & news,Multilingual,None,No,,,,No stream found,0,https://www.africaradio.com/favicon.ico,Pan-African station based in Paris,curated,Europe/Paris
FR,Air Connect Radio,,Paris,Paris,,Music,Electronic / Dance,French,None,Unknown,https://stream2.airconnectradio.com/ac128.mp3,MP3,128,Working,0,https://airconnectradio.com/img/logo.png,"tags: dance,hits,pop",radio-browser,Europe/Paris
FR,Aligre Fm,Aligre FM,Paris,France,93.1,Other,Community / Local,French,None,No,,,,No stream found,0,,curated: ,curated,Europe/Paris
FR,Allzic Radio Rock FM,,Paris,Paris,,Music,Rock / Alternative,French,None,Unknown,https://allzic17.ice.infomaniak.ch/allzic17.mp3,MP3,128,Working,161,https://www.allzicradio.com/favicon.ico,tags: pop rock,radio-browser,Europe/Paris
FR,B4B CLUB DANCE OFFICIAL,,Paris,Paris,,Music,Electronic / Dance,French,None,Unknown,http://eu10.fastcast4u.com:8120/,MP3,128,Working,426,,"tags: club,club dance,dance,deep house,house",radio-browser,Europe/Paris
FR,B4B DISCO FUNK [HD],,Paris,Paris,,Other,Other,French,None,Unknown,https://eu10.fastcast4u.com:8120/stream?icy=http,MP3,128,Working,87,,tags: ,radio-browser,Europe/Paris
FR,B4B DISCO FUNK OFFICIAL,,Paris,Paris,,Music,Jazz / Soul,French,None,Unknown,http://eu10.fastcast4u.com:8120/,MP3,128,Working,922,,"tags: 80s,80s live radio,disco,funk,funky",radio-browser,Europe/Paris
FR,Beur FM,Beur FM,Paris,France,106.7,Music,Arabic / Maghreb,Multilingual,None,No,http://broadcast.infomaniak.ch/beurfm-high.mp3,MP3,128,Working,5088,http://www.beurfm.net/favicon.ico,Community radio for the Maghreb community,curated+radio-browser,Europe/Paris
FR,BFM Avec RMC,,Paris,Paris,,Other,Other,French,None,Unknown,https://audio.bfmtv.com/rmcradio_128.mp3,MP3,128,Working,1322,https://rmc.bfmtv.com/apple-icon-228x228.png,tags: ,radio-browser,Europe/Paris
FR,BFM Business ,BFM Business,Paris,France,96.4,News & Talk,Business news,French,None,No,http://audio.bfmtv.com/bfmbusiness_128.mp3?aw_0_1st.playerId=BFMBusiness_audio_web&aggregator=BFMBusiness_audio_web,MP3,256,Working,1712,https://www.bfmtv.com/android-icon-192x192.png,Altice group; business & finance news,curated+radio-browser,Europe/Paris
FR,Bible Esperance,,Paris,Paris,,Other,Other,French,None,Unknown,http://esperance.streamakaci.com/parole-de-dieu.mp3,MP3,128,Working,122,https://radio-esperance.net/0_ico/apple-touch-icon-120x120.png,tags: ,radio-browser,Europe/Paris
FR,Chante France,Chante France,Paris,France,90.9,Music,French chanson,French,None,No,http://stream.chantefrance.com/Chante_France,MP3,128,Working,26592,https://bocir-prod-bucket.s3.eu-west-1.amazonaws.com/radios/chante-france/images/favicon.x-icon,curated: ,curated+radio-browser,Europe/Paris
FR,Cherie fm test,,Paris,Paris,,Other,Other,French,None,Unknown,https://streaming.nrjaudio.fm/ouuku85n3nje?origine=fluxradios,MP3,128,Working,7,,tags: ,radio-browser,Europe/Paris
FR,Chérie FM,Chérie FM,Paris,France,91.3,Music,Pop / Soft,French,None,No,https://cdnradio.streamakaci.com/cheriefm1.mp3,MP3,128,Working,199,https://media.info/l/o/6/6812.1503485369.png,curated: ,curated+radio-browser,Europe/Paris
FR,efr 12 radio,,Paris,paris,,Other,Other,French,None,Unknown,http://listen.radioking.com/radio/151768/stream/192217,MP3,128,Working,20,,tags: ,radio-browser,Europe/Paris
FR,Europe 1,Europe 1,Paris,France,104.7,News & Talk,News & Talk,French,Right,No,https://stream.europe1.fr/europe1.aac,AAC,128,Working,21314,https://www.europe1.fr/favicon.ico,Vivendi/Bolloré group; editorial line shifted right,curated+radio-browser,Europe/Paris
FR,Europe 2,Europe 2,Paris,France,103.5,Music,Pop / Rock,French,None,No,http://europe2.lmn.fm/europe2.mp3,MP3,128,Working,4737,https://www.europe2.fr/wp-content/themes/melty/europeradio/assets/images/favicons/favicon128.png,curated: ,curated+radio-browser,Europe/Paris
FR,FIP,FIP,Paris,National,105.1,Public,Eclectic / World,French,State,No,http://icecast.radiofrance.fr/fip-hifi.aac,AAC,192,Working,43483,https://upload.wikimedia.org/wikipedia/fr/thumb/d/d5/FIP_logo_2005.svg/120px-FIP_logo_2005.svg.png,"Eclectic music, minimal talk",curated+radio-browser,Europe/Paris
FR,France Culture,France Culture,Paris,National,93.5,Public,Culture / Talk,French,State,No,http://icecast.radiofrance.fr/franceculture-hifi.aac,AAC,192,Working,55386,https://upload.wikimedia.org/wikipedia/commons/thumb/e/e8/France_Culture_logo_2021.svg/120px-France_Culture_logo_2021.svg.png,curated: ,curated+radio-browser,Europe/Paris
FR,France Info,franceinfo,Paris,National,105.5,Public,News,French,State,No,http://direct.franceinfo.fr/live/franceinfo-midfi.mp3,MP3,128,Working,92932,https://www.francetvinfo.fr/assets/common/images/pwa/ios/120-5487caf3.png,Radio France 24/7 news channel,curated+radio-browser,Europe/Paris
FR,France Inter,France Inter,Paris,National,87.8,Public,News & Talk,French,State,No,http://direct.franceinter.fr/live/franceinter-hifi.aac,AAC,192,Working,60342,https://www.franceinter.fr/favicon.ico,Radio France's flagship generalist; most-listened radio in France,curated+radio-browser,Europe/Paris
FR,France Maghreb,France Maghreb,Paris,France,99.5,Other,Maghrebi community,Multilingual,None,No,,,,No stream found,0,,curated: ,curated,Europe/Paris
FR,France Musique,France Musique,Paris,National,91.7,Public,Classical / Jazz,French,State,No,http://direct.francemusique.fr/live/francemusique-midfi.mp3,MP3,128,Working,22157,,curated: ,curated+radio-browser,Europe/Paris
FR,Frequence Paris Plurielle,Fréquence Paris Plurielle,Paris,France,106.3,Other,Community / Multicultural,French,None,No,https://direct.rfpp.net/fpp.mp3,,,Working,0,,curated: ,curated,Europe/Paris
FR,FUN Radio,Fun Radio,Paris,France,101.9,Music,Dance / Hits,French,None,No,http://icecast.funradio.fr/fun-1-44-128,MP3,128,Working,1804,https://upload.wikimedia.org/wikipedia/commons/thumb/f/fb/Logo_Fun_Radio_%282021%29.svg/langfr-1280px-Logo_Fun_Radio_%282021%29.svg.png,curated: ,curated+radio-browser,Europe/Paris
FR,Generations,Générations,Paris,France,88.2,Music,Hip-hop / Urban,French,None,No,http://generationfm.ice.infomaniak.ch/generationfm-high.mp3,MP3,128,Working,1812,http://generations.fr/media/radio/thumb/90x90_generations.png,curated: ,curated+radio-browser,Europe/Paris
FR,Hotel Costes Radio,,Paris,Paris,,Other,Other,French,None,Unknown,https://s3.radio.co/s39c195d74/listen,AAC,192,Working,115,https://www.hotelcostes.com/assets/favicon/apple-touch-icon.png?v=YAXPeBGdM0,tags: ,radio-browser,Europe/Paris
FR,Hotmix 80,,Paris,Paris,,Music,Oldies / 80s-90s,French,None,Unknown,https://streaming.hotmixradio.com/hotmix-80-en-mp3?provider=radiobrowser,MP3,128,Working,50,,tags: 80s,radio-browser,Europe/Paris
FR,https://misato.ru-hoster.com:8079/stream,,Paris,Paris,,Other,Other,French,None,Unknown,https://misato.ru-hoster.com:8079/stream,MP3,128,Working,2,,tags: ,radio-browser,Europe/Paris
FR,i2 Radio,,Paris,Paris,,Other,Other,French,None,Unknown,https://listen.radioking.com/radio/635275/stream/698023,MP3,128,Working,2,https://drive.google.com/file/d/1EMB3qjCKgDO2dd26B58GKmzIsF6EfByM/view?usp=sharing,tags: ,radio-browser,Europe/Paris
FR,Ici Paris Île-de-France,ici Paris Île-de-France,Paris,France,107.1,Public,Regional news & culture,French,State,No,http://direct.francebleu.fr/live/fb1071-midfi.mp3,MP3,128,Working,2071,https://www.francebleu.fr/favicons/apple-touch-icon-180x180.png,Regional public service for Paris/Île-de-France,curated+radio-browser,Europe/Paris
FR,Jazz,,Paris,Paris,,Other,Other,French,None,Unknown,https://jazz-wr18.ice.infomaniak.ch/jazz-wr18-128.mp3,MP3,128,Working,114,https://www.jazzradio.fr/media/radio/thumb/180x180_nouveautes-soul.webp,tags: ,radio-browser,Europe/Paris
FR,Jazz Blues,,Paris,Paris,,Other,Other,French,None,Unknown,https://jazzblues.ice.infomaniak.ch/jazzblues-high.mp3,MP3,128,Working,263,https://www.jazzradio.fr/media/radio/thumb/180x180_blues.webp,tags: ,radio-browser,Europe/Paris
FR,Jazz Classic,,Paris,Paris,,Other,Other,French,None,Unknown,https://jazz-wr01.ice.infomaniak.ch/jazz-wr01-128.mp3,MP3,128,Working,122,https://www.jazzradio.fr/media/radio/thumb/180x180_classic-jazz.webp,tags: ,radio-browser,Europe/Paris
FR,Jazz French,,Paris,Paris,,Other,Other,French,None,Unknown,https://jazz-wr18.ice.infomaniak.ch/jazz-wr18-128.mp3,MP3,128,Working,92,https://www.jazzradio.fr/media/radio/thumb/180x180_jazzy-french.webp,tags: ,radio-browser,Europe/Paris
FR,Jazz Latin,,Paris,Paris,,Other,Other,French,None,Unknown,https://jazz-wr09.ice.infomaniak.ch/jazz-wr09-128.mp3,MP3,128,Working,82,https://www.jazzradio.fr/media/radio/thumb/180x180_latin-jazz.webp,tags: ,radio-browser,Europe/Paris
FR,Jazz Lounge,,Paris,Paris,,Other,Other,French,None,Unknown,https://jazzlounge.ice.infomaniak.ch/jazzlounge-high.mp3,MP3,128,Working,39,,tags: ,radio-browser,Europe/Paris
FR,Jazz Only Women,,Paris,Paris,,Other,Other,French,None,Unknown,https://jazz-wr16.ice.infomaniak.ch/jazz-wr16-128.mp3,MP3,128,Working,137,https://www.jazzradio.fr/media/radio/thumb/180x180_only-women.webp,tags: ,radio-browser,Europe/Paris
FR,Jazz Piano,,Paris,Paris,,Other,Other,French,None,Unknown,https://jzr-piano.ice.infomaniak.ch/jzr-piano.mp3,MP3,128,Working,116,https://www.jazzradio.fr/media/radio/thumb/180x180_piano-jazz2.webp,tags: ,radio-browser,Europe/Paris
FR,Jazz Saxo,,Paris,Paris,,Other,Other,French,None,Unknown,https://jzr-saxo.ice.infomaniak.ch/jzr-saxo.mp3,MP3,128,Working,134,https://www.jazzradio.fr/media/radio/thumb/180x180_lounge.webp,tags: ,radio-browser,Europe/Paris
FR,La 1ère musique,,Paris,paris,,Other,Other,French,None,Unknown,http://outremer.ice.infomaniak.ch/outremer-192.aac?aw_0_1st.rpfr=1,AAC,191,Working,10,https://img.cosmos.radio/logos/2002-1400x1400.png,tags: ,radio-browser,Europe/Paris
FR,La Grosse Radio Metal - Hard Heavy,,Paris,Paris,,Other,Other,French,None,Unknown,http://hd.lagrosseradio.info/lagrosseradio-metal-192.mp3?,MP3,192,Working,46,https://www.lagrosseradio.com/wp-content/webp-express/webp-images/uploads/2020/01/logo_global.png.webp,tags: ,radio-browser,Europe/Paris
FR,La Nocturne,,Paris,Paris,,Music,Hip-hop / Urban,French,None,Unknown,http://icecast.skyrock.net/s/nocturne_aac_128k,AAC,128,Working,1,,tags: rap,radio-browser,Europe/Paris
FR,Latina,Latina,Paris,France,99.0,Music,Latin,French,None,No,http://start-latina.ice.infomaniak.ch/start-latina-high.mp3,MP3,128,Working,4825,https://bocir-prod-bucket.s3.eu-west-1.amazonaws.com/radios/latina/images/favicon.ico,curated: ,curated+radio-browser,Europe/Paris
FR,Latina Bachata,,Paris,Paris,,Other,Other,French,None,Unknown,https://start-latina.ice.infomaniak.ch/start-latina-high.mp3,MP3,128,Working,83,https://bocir-prod-bucket.s3.eu-west-1.amazonaws.com/radios/latina/images/favicon.ico,tags: ,radio-browser,Europe/Paris
FR,Le Mellotron,,Paris,Paris,,Other,Other,French,None,Unknown,https://listen.radioking.com/radio/477719/stream/534044,MP3,128,Working,46,,tags: ,radio-browser,Europe/Paris
FR,M Radio,M Radio,Paris,France,102.7,Music,French pop / Chanson,French,None,No,http://mfm.ice.infomaniak.ch/mfm-128.mp3,MP3,128,Working,1026,https://mradio.fr/apple-touch-icon-120x120.png,curated: ,curated+radio-browser,Europe/Paris
FR,Melody Rock & Pop Forever,,Paris,Paris,,Music,Rock / Alternative,English,None,Unknown,https://n06.rcs.revma.com/tsmxsrn6ky3vv?,MP3,,Working,0,,"tags: pop,rock",radio-browser,Europe/Paris
FR,Melody Soul Connection,,Paris,Paris,,Music,Jazz / Soul,English,None,Unknown,https://n13.rcs.revma.com/m59b5ub8203vv?,MP3,,Working,0,,"tags: disco,soul",radio-browser,Europe/Paris
FR,Mouv',Mouv',Paris,National,92.1,Public,Hip-hop / Urban,French,State,No,http://icecast.radiofrance.fr/mouv-hifi.aac,AAC,192,Working,868,https://upload.wikimedia.org/wikipedia/fr/thumb/d/d3/Le_Mouv%27_logo_2008.svg/1024px-Le_Mouv%27_logo_2008.svg.png,Radio France youth station,curated+radio-browser,Europe/Paris
FR,Nostalgie,Nostalgie,Paris,France,90.4,Music,Oldies,French,None,No,https://streaming.nrjaudio.fm/ouwgwqsk6j4d,AAC+,128,Working,217,https://img.nrj.fr/L3zosrZkW7lmgFtxF9yG8USZq6c=/medias%2F2022%2F02%2F62150f1f4ce26_62150f240ef6d.svg,curated: ,curated+radio-browser,Europe/Paris
FR,Nostalgie 80 90,,Paris,Paris,,Music,Electronic / Dance,French,None,Unknown,https://streaming.nrjaudio.fm/ou62iyxp336f?origine=fluxradios&aw_0_1st.station=Nostalgie-80-90,MP3,128,Working,17,https://players.nrjaudio.fm/live-metadata/player/img/player-files/nosta/logos/640x640/NOSTA-WR--80-90.jpg,tags: pop dance,radio-browser,Europe/Paris
FR,Nostalgie 90,,Paris,Paris,,Music,Electronic / Dance,French,None,Unknown,https://streaming.nrjaudio.fm/ousg2xm4z85f?origine=fluxradios&aw_0_1st.station=Nostalgie-Best-Of-90,MP3,128,Working,1,https://players.nrjaudio.fm/live-metadata/player/img/player-files/nosta/logos/640x640/nostalgie-90-1400x1400.png,tags: pop dance,radio-browser,Europe/Paris
FR,Nostalgie Disco Funk ,,Paris,Paris,,Other,Other,French,None,Unknown,https://streaming.nrjaudio.fm/ougf4brb92oc?origine=fluxradios&aw_0_1st.station=NOSTALGIE-Disco-Funk,MP3,128,Working,5,https://players.nrjaudio.fm/live-metadata/player/img/player-files/nosta/logos/640x640/nostalgie-disco-funk-1400-1400.jpg,tags: ,radio-browser,Europe/Paris
FR,Nostalgie Funky Party,,Paris,Paris,,Music,Jazz / Soul,French,None,Unknown,https://streaming.nrjaudio.fm/ou8o39gk7oiu,MP3,128,Working,7,https://players.nrjaudio.fm/live-metadata/player/img/player-files/nosta/logos/640x640/NOSTA_WR_FUNKY-PARTY.jpg,tags: funky,radio-browser,Europe/Paris
FR,Nostalgie Italo Disco ,,Paris,Paris,,Music,Jazz / Soul,French,None,Unknown,https://streaming.nrjaudio.fm/oumvj78fnozc?origine=fluxradios&aw_0_1st.station=Nostalgie-Italo-Disco,MP3,128,Working,15,https://players.nrjaudio.fm/live-metadata/player/img/player-files/nosta/logos/640x640/NOSTA_WR_ITALO-DISCO.jpg,tags: disco funk,radio-browser,Europe/Paris
FR,Nostalgie Légendes ,,Paris,paris,,Music,Rock / Alternative,Francaise,None,Unknown,https://streaming.nrjaudio.fm/ou8ouhgk7oiu,MP3,128,Working,12,https://players.nrjaudio.fm/live-metadata/player/img/player-files/nosta/logos/640x640/NOSTA_WR_LEGENDES.jpg,tags: pop rock,radio-browser,Europe/Paris
FR,Nostalgie Rock ,,Paris,Paris,,Music,Rock / Alternative,French,None,Unknown,https://streaming.nrjaudio.fm/ouwrpwsk6j4d?origine=fluxradios&aw_0_1st.station=Nostalgie-Rock,MP3,128,Working,3,https://players.nrjaudio.fm/live-metadata/player/img/player-files/nosta/logos/640x640/nostalgie-rock-1400-1400.jpg,tags: rock,radio-browser,Europe/Paris
FR,Nrj,NRJ,Paris,France,100.3,Music,Pop / Hits,French,None,No,https://streaming.nrjaudio.fm/ousrnpm4z85f,,,Working,0,,France's biggest music network,curated,Europe/Paris
FR,Only Dub Radio,,Paris,Paris,,Other,Other,French,None,Unknown,https://puma.streemlion.com:5505/stream,MP3,320,Working,10,,tags: ,radio-browser,Europe/Paris
FR,OUI FM,OUI FM,Paris,France,102.3,Music,Rock,French,None,No,https://ouifm.ice.infomaniak.ch/ouifm-high.mp3,MP3,128,Working,4809,https://bocir-prod-bucket.s3.amazonaws.com/radios/oui-fm/images/favicon.ico,curated: ,curated+radio-browser,Europe/Paris
FR,PulsRadio Trance,,Paris,Paris,,Other,Other,French,None,Unknown,https://sc4.gergosnet.com/pulstranceHD.mp3,MP3,192,Working,38,https://static2.mytuner.mobi/media/tvos_radios/269/pulsradio-trance.f0336c60.png,"tags: trance,vocal trance",radio-browser,Europe/Paris
FR,Radio Alfa,Radio Alfa,Paris,France,98.6,Other,Portuguese community,Portuguese,None,No,https://n16a-eu.rcs.revma.com/amrbkhqtkm0uv,,,Working,0,,curated: ,curated,Europe/Paris
FR,Radio Boom Boom,,Paris,Paris,,Music,Classical,English,None,Unknown,https://listen.radioboomboom.com/listen/rbb/radio.mp3,MP3,192,Working,10,https://i.ibb.co/9sVFjX6/boomboom400.png,"tags: classical,dub,jazz,pop,reggae,rock,techno",radio-browser,Europe/Paris
FR,Radio Campus Paris,Radio Campus Paris,Paris,France,93.9,Other,Student / Community,French,None,No,https://www.radiocampusparis.org/stream/,MP3,128000,Working,57,,curated: ,curated+radio-browser,Europe/Paris
FR,Radio Classique,Radio Classique,Paris,France,101.1,Music,Classical,French,None,No,https://str0.creacast.com/classique1,MP3,128,Working,1934,http://favicons.teamtailor-cdn.com/icon?size=80..120..200&url=https%3a%2f%2fwww.radioclassique.fr%2f,curated: ,curated+radio-browser,Europe/Paris
FR,Radio Costes,,Paris,Paris,,Other,Other,French,None,Unknown,https://s3.radio.co/s39c195d74/listen,AAC,192,Working,9,https://cdn-profiles.tunein.com/s232332/images/logod.jpg,tags: smooth lounge,radio-browser,Europe/Paris
FR,Radio Courtoisie,Radio Courtoisie,Paris,France,95.6,News & Talk,Talk / Commentary,French,Right,No,https://ice.creacast.com/radio-courtoisie,MP3,128,Working,1267,,Conservative talk radio,curated+radio-browser,Europe/Paris
FR,Radio FG 98.2,Radio FG,Paris,France,98.2,Music,Electronic / Dance,French,None,No,http://radiofg.impek.com/fg,MP3,0,Working,161,https://play-lh.googleusercontent.com/EkigAkEtsnvSZgXUXgY4eFsBcLgKo9KKloDC784c-QuF25wHe0wOpP2TgqVBUN_4Zbp5QUXhbIFNbaqD5ho_8Q=w240-h480,curated: ,curated+radio-browser,Europe/Paris
FR,Radio FG Underground,,Paris,Paris,,Music,Electronic / Dance,Francaise,None,Unknown,https://radiofg.impek.com/ufg.mp3,MP3,,Working,67,https://www.lawebradio.com/news/wp-content/uploads/2017/10/ima2-fgradio-undrgrnd-102017.jpg,"tags: electronic dance music,underground",radio-browser,Europe/Paris
FR,RADIO FRANCIA INTERNACIONAL,,Paris,Paris,,Other,Other,Spanish,None,Unknown,https://rfienespagnol64k.ice.infomaniak.ch/rfienespagnol-64.mp3,MP3,64,Working,621,https://www.rfi.fr/apple-touch-icon.png,tags: radio francia internacional,radio-browser,Europe/Paris
FR,Radio ITALOPOWER!,,Paris,Paris,,Other,Other,English,None,Unknown,https://stream.deevaradio.net:10443/italopower,MP3,192,Working,179,https://www.radioitalopower.com/__ovh/common/img/favicon.ico,"tags: 80's,eurodisco,italodisco,rarities",radio-browser,Europe/Paris
FR,radio libertaire,Radio Libertaire,Paris,France,89.4,Political,Community / Libertarian talk,French,Left,No,http://media.radio-libertaire.org:8080/radiolib.mp3,MP3,256,Working,46,,Long-running anarchist/community radio,curated+radio-browser,Europe/Paris
FR,Radio Monte Carlo French,,Paris,Paris,,Other,Other,French,None,Unknown,https://misato.ru-hoster.com:8079/stream,MP3,128,Working,121,https://www.montecarlo.uno/favicon.ico  ,tags: ,radio-browser,Europe/Paris
FR,Radio Notre Dame,Radio Notre Dame,Paris,France,100.7,Religious,Catholic,French,None,No,,,,No stream found,0,,curated: ,curated,Europe/Paris
FR,Radio Nova,Radio Nova,Paris,France,101.5,Music,Eclectic / Electronic,French,None,No,http://novazz.ice.infomaniak.ch/novazz-128.mp3,MP3,128,Working,30363,https://www.nova.fr/wp-content/uploads/sites/2/2021/02/cropped-favicon.png?fit=180%2c180&#038;quality=75,curated: ,curated+radio-browser,Europe/Paris
FR,RADIO NOVA CLASSICS,,Paris,Paris,,Other,Other,French,None,Unknown,http://nova-vnt.ice.infomaniak.ch/nova-vnt-128.mp3,MP3,128,Working,176,https://www.nova.fr/wp-content/uploads/sites/2/2020/10/NOVACLASSICS_CARD_HD.png?resize=560%2C664&quality=75,tags: ,radio-browser,Europe/Paris
FR,Radio Nova Vintage,,Paris,Paris,,Music,Oldies / 80s-90s,French,None,Unknown,http://nova-vnt.ice.infomaniak.ch/nova-vnt-128.mp3,MP3,128,Working,1810,https://www.nova.fr/wp-content/uploads/sites/2/2021/02/cropped-favicon.png?fit=180%2c180&#038;quality=75,"tags: 1980s,1990s,80s,90s,groove,oldies,rare groove,vintage,vintage music",radio-browser,Europe/Paris
FR,Radio Néo,Radio Néo,Paris,France,95.2,Music,Independent / Local,French,None,No,https://ice.creacast.com/radio-neo-paris,MP3,128,Working,76,,curated: ,curated+radio-browser,Europe/Paris
FR,Radio Odyssey,,Paris,Paris,,Music,Electronic / Dance,"English,French",None,Unknown,https://listen.radioking.com/radio/706859/stream/772319,MP3,128,Working,3,https://www.radio-odyssey.com/assets/images/logo.png,"tags: 80s,breathing,chill,dance,easy listening,feel good,hits,pop,positive,relaxation,webradio,wellness",radio-browser,Europe/Paris
FR,Radio Orient,Radio Orient,Paris,France,94.3,Other,Arabic community,Multilingual,None,No,https://stream.rcs.revma.com/7hnrkawf4p8uv.mp3,MP3,0,Working,119,https://upload.wikimedia.org/wikipedia/commons/4/4e/Orientalcx12.gif,curated: ,curated+radio-browser,Europe/Paris
FR,Radio Public Santé,,Paris,Paris,,News & Talk,News & Talk,French,None,Unknown,http://radiopublicsante.ice.infomaniak.ch/radiopublicsante-192.mp3,MP3,192,Working,78,https://www.publicsante.com/favicon.png,"tags: health,information,musique,news talk,pop,rock",radio-browser,Europe/Paris
FR,Radio Shalom,Radio Shalom,Paris,France,94.8,Other,Jewish community,French,None,No,,,,No stream found,0,,curated: ,curated,Europe/Paris
FR,RADIO SOFA,,Paris,Paris,,Other,Other,"English,French",None,Unknown,https://radio.radio-sofa.com/listen/radio_sofa/radio.mp3,MP3,320,Working,4,https://www.radio-sofa.com/rs_logo.jpg,tags: ,radio-browser,Europe/Paris
FR,Radio Soleil,Radio Soleil,Paris,France,88.6,Other,Multilingual / Arabic community,Multilingual,None,No,,,,No stream found,0,,curated: ,curated,Europe/Paris
FR,Radionysos,,Paris,Paris,,Music,Jazz / Soul,French,None,Unknown,https://listen.radioking.com/radio/254980/stream/299539,MP3,128,Working,1,,"tags: alternative,electronic,folk,rock,soul,various",radio-browser,Europe/Paris
FR,RADIOSATELLITE,,Paris,Paris,,Music,World music,French,None,Unknown,http://manager10.streamradio.fr:1770/stream,MP3,320,Working,5,https://imagizer.imageshack.com/img922/6016/d4gqW2.png,"tags: country music,easy listening,instrumental music,smooth jazz,world music",radio-browser,Europe/Paris
FR,RCJ,RCJ,Paris,France,94.8,Other,Jewish community,French,None,No,http://str0.creacast.com/radio-rcj,MP3,128,Working,128,http://radiorcj.info/wp-content/themes/RCJ-Wordpress/favicon.ico,curated: ,curated+radio-browser,Europe/Paris
FR,Reggae Mix Station,,Paris,Paris,,Other,Other,French,None,Unknown,https://france1.coollabel-productions.com/proxy/reggaemix340/stream,MP3,192,Working,132,http://www.reggaemixstation.com/templates/rsjuno/favicon.ico,tags: ,radio-browser,Europe/Paris
FR,Replay News,,Paris,Paris,,News & Talk,News & Talk,French,None,Unknown,http://replaynews.ice.infomaniak.ch/replaynews-192.mp3,MP3,192,Working,317,https://www.replaynews.net/favicon.ico,"tags: economic news,information,news talk,world news",radio-browser,Europe/Paris
FR,REPLAY NEWS - Eco (Français),,Paris,Paris,,News & Talk,News & Talk,French,None,Unknown,https://replaynewseco.ice.infomaniak.ch/replaynewseco-128.mp3,MP3,128,Working,6,https://www.publicsante.com/BIENVENU/LOGO%20REPLAY%20NEWS%20ECO.png,"tags: economic news,economics,news",radio-browser,Europe/Paris
FR,REPLAY NEWS - Sport (Français),,Paris,Paris,,Sports,Sports,French,None,Unknown,https://replaynewssport.ice.infomaniak.ch/replaynewssport-128.mp3,MP3,128,Working,5,https://www.publicsante.com/BIENVENU/LOGO%20REPLAY%20NEWS%20SPORT.png,tags: sports,radio-browser,Europe/Paris
FR,REPLAY NEWS - Story (Français),,Paris,Paris,,News & Talk,News & Talk,French,None,Unknown,https://replaynewsstory.ice.infomaniak.ch/replaynewsstory-128.mp3,MP3,128,Working,24,https://www.publicsante.com/BIENVENU/LOGO%20REPLAY%20NEWS%20STORY.png,"tags: news,storytelling",radio-browser,Europe/Paris
FR,RFI Monde,RFI,Paris,National,89.0,Public,International news,Multilingual,State,No,http://live02.rfi.fr/rfimonde-64.mp3,MP3,64,Working,57736,http://www.rfi.fr/apple-touch-icon.png,Radio France Internationale,curated+radio-browser,Europe/Paris
FR,RFM,RFM,Paris,France,103.9,Music,Pop / Rock (80s-00s),French,None,No,http://stream.rfm.fr/rfm.mp3,MP3,128,Working,8862,http://cdn-rfm.lanmedia.fr/apple-touch-icon-120x120.png,curated: ,curated+radio-browser,Europe/Paris
FR,RFM Collector,,Paris,Paris,,Other,Other,French,None,Unknown,http://stream.rfm.fr/rfm-wr1.mp3,MP3,128,Working,1430,http://cdn-rfm.lanmedia.fr/apple-touch-icon-120x120.png,tags: ,radio-browser,Europe/Paris
FR,RFM Lounge,,Paris,Paris,,Music,Mixed music,French,None,Unknown,http://stream.rfm.fr/rfm-wr6.mp3,MP3,128,Working,371,http://cdn-rfm.lanmedia.fr/apple-touch-icon-120x120.png,tags: lounge music,radio-browser,Europe/Paris
FR,Rire et Chansons,Rire & Chansons,Paris,France,97.4,Music,Comedy / Chanson,French,None,No,https://streaming.nrjaudio.fm/ou8o8xgk7oiu?origine=fluxradios,MP3,128,Working,846,https://img.nrj.fr/OImjPWH1tkT1NaUMPlxsY49g9BI=/medias%2F2024%2F03%2Fvvscnx9i3yteabtkx8nlpdusmqj6uo8hshh9iphoit8_65fbfe026c3a5.png,curated: ,curated+radio-browser,Europe/Paris
FR,RMC,RMC,Paris,France,103.1,Sports,Sports & Talk,French,Right,No,https://hls-rmc.nextradiotv.com/no_ssai/128k/media.m3u8,UNKNOWN,0,Working,366,https://yt3.ggpht.com/-56JILsUfbls/AAAAAAAAAAI/AAAAAAAAAAA/47vJXr02s6k/s900-c-k-no-mo-rj-c0xffffff/photo.jpg,Altice group; sports + opinion talk,curated+radio-browser,Europe/Paris
FR,RTL,RTL,Paris,France,104.3,News & Talk,News & Talk,French,Center-Right,No,https://live.m6radio.quortex.io/webM89Hc99XApzgfhXNX8ASN5/grouprtl/national/short/audio-64000/index.m3u8,AAC,64,Working,2451,https://duckduckgo.com/i/035a5e15d396c67a.png,M6 Group generalist,curated+radio-browser,Europe/Paris
FR,RTL2,RTL2,Paris,France,105.9,Music,Pop / Rock (adult),French,None,No,http://icecast.rtl2.fr/rtl2-1-44-128?listen=webCwsBCggNCQgLDQUGBAcGBg,MP3,128,Working,213,,curated: ,curated+radio-browser,Europe/Paris
FR,Sanef,SANEF 107.7,Paris,France,107.7,Other,Traffic information,French,None,No,http://sanef.ice.infomaniak.ch/sanef1077-idf.mp3,,,Working,0,,curated: ,curated,Europe/Paris
FR,Satellite FM Paris,,Paris,Paris,,Other,Other,French,None,Unknown,https://manager11.streamradio.fr:2935/stream,MP3,128,Working,7,https://assets.zyrosite.com/AR0lXpjaNMcx2PBw/satellite-fm-paris-logo-2026_800-i6cWKluIZLl2TQtC.jpg,tags: ,radio-browser,Europe/Paris
FR,Skyrock,Skyrock,Paris,France,96.0,Music,Hip-hop / Rap,French,None,No,http://icecast.skyrock.net/s/natio_mp3_128k,MP3,128,Working,54650,https://www.skyrock.fm/favicon.ico,curated: ,curated+radio-browser,Europe/Paris
FR,Supernana,,Paris,Paris,,News & Talk,News & Talk,French,None,Unknown,https://radiosurle.net:8765/showsupernana,MP3,96,Working,7,,tags: talk show,radio-browser,Europe/Paris
FR,TOP ITALIA,,Paris,Paris,,Other,Other,French,None,Unknown,http://manager5.streamradio.fr:1800/stream,MP3,320,Working,34,https://topitalia.fr/favicon.ico,tags: ,radio-browser,Europe/Paris
FR,TOP ITALIA 1,,Paris,Paris,,Other,Other,French,None,Unknown,https://manager11.streamradio.fr/topitalia,MP3,320,Working,3,https://commons.wikimedia.org/wiki/File:Topitalia1_logo.png,tags: ,radio-browser,Europe/Paris
FR,TOP ITALIA 2,,Paris,Paris,,Other,Other,French,None,Unknown,https://manager11.streamradio.fr:1795/stream,MP3,320,Working,4,https://commons.wikimedia.org/wiki/File:TopItalia2_logo.jpg,tags: ,radio-browser,Europe/Paris
FR,Tropiques FM,Tropiques FM,Paris,France,92.6,Music,Caribbean / Tropical,French,None,No,http://listen.radioking.com/radio/8916/stream/19088,MP3,128,Working,2065,,curated: ,curated+radio-browser,Europe/Paris
FR,TSF Jazz,TSF Jazz,Paris,France,89.9,Music,Jazz,French,None,No,http://tsfjazz.ice.infomaniak.ch/tsfjazz-high.mp3,MP3,128,Working,1511,https://upload.wikimedia.org/wikipedia/commons/thumb/c/cd/TSFJazz-2017.jpg/800px-TSFJazz-2017.jpg,curated: ,curated+radio-browser,Europe/Paris
FR,TT-Node DAB+,,Paris,Paris,,Other,Other,French,None,Unknown,http://stream.p-node.org/dab.mp3,MP3,320,Working,16,https://p-node.org/user/themes/pnode/images/logo.png,tags: ,radio-browser,Europe/Paris
FR,VIRGIN RADIO,Virgin Radio,Paris,France,,Music,Pop / Rock,French,None,No,http://virageradio.ice.infomaniak.ch/virageradio-natio.mp3,MP3,128,Working,89,,curated: ,curated+radio-browser,Europe/Paris
FR,Voltage,Voltage,Paris,France,96.9,Music,Pop / Hits,French,None,No,http://start-voltage.ice.infomaniak.ch/start-voltage-high.mp3,MP3,128,Working,1057,https://bocir-prod-bucket.s3.eu-west-1.amazonaws.com/radios/voltage/images/favicon.ico,curated: ,curated+radio-browser,Europe/Paris
FR,Voltage Addictive Radio ,,Paris,Paris,,Other,Other,French,None,Unknown,https://start-voltage.ice.infomaniak.ch/start-voltage-high.mp3,MP3,128,Working,5,https://www.voltage.fr/favicon.ico,tags: ,radio-browser,Europe/Paris
FR,Banquise FM,,Pas-De-Calais,Pas-de-Calais,,Other,Other,French,None,Unknown,http://ecoute.banquisefm.com/,MP3,320,Working,31,,tags: ,radio-browser,Europe/Paris
FR,Up eXtra,,Pas-De-Calais,Pas de Calais,,Music,Oldies / 80s-90s,French,None,Unknown,http://upextra.ovh:8054/up-extra,AAC,96,Working,6,,"tags: 80s,90s",radio-browser,Europe/Paris
FR,"Radio Zones 93,8 FM",,Pays De Gex,Pays de Gex,,Music,Classical,French,None,Unknown,http://radiozones.dyndns.org:8000/radiozones,MP3,192,Working,35,,"tags: african,blues,classical,french music,hip-hop,italian music,jazz,latino,rock",radio-browser,Europe/Paris
FR,Europe 2 Pays de la Loire,,Pays De La Loire,Pays de la Loire,,Music,Rock / Alternative,French,None,Unknown,https://europe2.lmn.fm/europe2-44000/playlist.m3u8,AAC,128,Working,63,https://www.europe2.fr/wp-content/themes/melty/europeradio/assets/images/favicons/favicon128.png,"tags: pop,rock,top 40 pop",radio-browser,Europe/Paris
FR,France Bleu Loire Océan,,Pays De La Loire,Pays de la Loire,,Other,Other,French,None,Unknown,http://direct.francebleu.fr/live/fbloireocean-midfi.mp3,MP3,128,Working,311,https://www.francebleu.fr/favicons/apple-touch-icon-180x180.png,tags: ,radio-browser,Europe/Paris
FR,France Bleu Maine,,Pays De La Loire,Pays de la Loire,,Other,Other,French,None,Unknown,http://direct.francebleu.fr/live/fbmaine-midfi.mp3,MP3,128,Working,59,https://www.francebleu.fr/favicons/apple-touch-icon-180x180.png,tags: ,radio-browser,Europe/Paris
FR,France Bleu Mayenne,,Pays De La Loire,Pays de la Loire,,Other,Other,French,None,Unknown,http://direct.francebleu.fr/live/fbmayenne-midfi.mp3,MP3,128,Working,53,https://www.francebleu.fr/favicons/apple-touch-icon-180x180.png,tags: ,radio-browser,Europe/Paris
FR,Kernews,,Pays De La Loire,Pays de la Loire,,Other,Other,French,None,Unknown,http://kernews.ice.infomaniak.ch:8000/kernews-128.mp3,MP3,128,Working,47,,tags: ,radio-browser,Europe/Paris
FR,NTI,,Pays De La Loire,Pays de la Loire,,Music,Electronic / Dance,French,None,Unknown,http://streaming.radionti.com/nti-128.mp3,MP3,128,Working,64,,"tags: dance,mix",radio-browser,Europe/Paris
FR,Radio NTI,,Pays De La Loire,Pays de la Loire,,Music,Electronic / Dance,French,None,Unknown,http://streaming.radionti.com/nti-hd.mp3,MP3,192,Working,3,https://www.radionti.com/upload/design/5dd6aba2840dc2.95622307.png,"tags: club dj remix dance pop,dj radio,dj remix,electronic dance music",radio-browser,Europe/Paris
FR,RCF Sarthe,,Pays De La Loire,Pays de la Loire,,Religious,Religious,French,None,Unknown,http://rcf.streamakaci.com/rcf72.mp3,MP3,128,Working,10,,tags: christian,radio-browser,Europe/Paris
FR,RCF Vendée,,Pays De La Loire,Pays de la Loire,,Religious,Religious,French,None,Unknown,http://rcf.streamakaci.com/rcf85.mp3,MP3,128,Working,21,,tags: christian,radio-browser,Europe/Paris
FR,Adhan-92100,,Please Select,Please Select,,Other,Other,"Arabic,French",None,Unknown,https://azuracast-canada.myautodj.com/listen/adhane_92100/radio.mp3,MP3,128,Working,6,https://cdn-profiles.tunein.com/s350855/images/logod.png?t=639027000500000000,"tags: coran,islam,islamic religion,prayer,prayers,religion",radio-browser,Europe/Paris
FR,Agora Côte d’Azur,,Provence-Alpes-Côte D'Azur,Provence-Alpes-Côte d'Azur,,Other,Other,French,None,Unknown,http://agoracotedazur.ice.infomaniak.ch/agoracotedazur.mp3,MP3,128,Working,48,,tags: ,radio-browser,Europe/Paris
FR,Ariane Web Radio,,Provence-Alpes-Côte D'Azur,Provence-Alpes-Côte d’Azur,,Music,Rock / Alternative,"English,French",None,Unknown,https://radio.de-lussigny.com/listen/guy-de-lussigny/radio.mp3,MP3,160,Working,1,https://www.de-lussigny.com/wp-content/uploads/2026/09/radio-guy-de-lussigny-v1.jpg,"tags: alternative,dub,electronic,independent music,rap,reggae,rock,trip-hop",radio-browser,Europe/Paris
FR,Aïoli Radio,,Provence-Alpes-Côte D'Azur,Provence-Alpes-Côte d'Azur,,Music,Classical,French,None,Unknown,https://stream.aioli-radio.org/main.ogg,OGG,,Working,104,https://www.aioli-radio.org/icons/icon-144x144.png?v=1fcb4097b832c16b2996c0ec84a6fd0e,"tags: ambient,autres,chanson,classique,dancehall,dub,electro,folk,funk,hip hop,infos,jazz,local,pop,reggae,trip hop",radio-browser,Europe/Paris
FR,Comète FM,,Provence-Alpes-Côte D'Azur,Provence-Alpes-Côte d'Azur,,Other,Other,French,None,Unknown,http://str0.creacast.com/cometefm,MP3,128,Working,15,"https://static.wixstatic.com/media/b230a4_229c38b64c094a0bbd984e0d4cb2085d.png/v1/fill/w_431,h_90,al_c,usm_0.66_1.00_0.01/b230a4_229c38b64c094a0bbd984e0d4cb2085d.png",tags: ,radio-browser,Europe/Paris
FR,France Bleu Azur,,Provence-Alpes-Côte D'Azur,Provence-Alpes-Côte d'Azur,,Other,Other,French,None,Unknown,http://direct.francebleu.fr/live/fbazur-midfi.mp3,MP3,128,Working,383,https://www.francebleu.fr/favicons/apple-touch-icon-180x180.png,tags: ,radio-browser,Europe/Paris
FR,France Bleu Vaucluse,,Provence-Alpes-Côte D'Azur,Provence-Alpes-Côte d'Azur,,Other,Other,French,None,Unknown,http://direct.francebleu.fr/live/fbvaucluse-midfi.mp3,MP3,128,Working,219,https://www.francebleu.fr/favicons/apple-touch-icon-180x180.png,tags: ,radio-browser,Europe/Paris
FR,Fréquence K,,Provence-Alpes-Côte D'Azur,Provence-Alpes-Côte d'Azur,,Other,Other,French,None,Unknown,http://frequencek.ice.infomaniak.ch/frequencek-128.mp3,MP3,192,Working,84,http://www.frequencek.net/wpp/webclip.png,tags: ,radio-browser,Europe/Paris
FR,Grimaldi FM,,Provence-Alpes-Côte D'Azur,Provence-Alpes-Côte d'Azur,,Other,Other,French,None,Unknown,http://manager2.streaming-ingenierie.fr:8058/;,MP3,192,Working,12,http://www.grimaldifm.net/favicon.ico,tags: ,radio-browser,Europe/Paris
FR,King Dub Radio,,Provence-Alpes-Côte D'Azur,Provence-Alpes-Côte d'Azur,,Other,Other,English,None,Unknown,http://london-dedicated.myautodj.com:8862/stream,MP3,192,Working,2682,http://kingdubfamily.com/wp-content/uploads/2021/03/download-150x150.png,"tags: dub,reggae",radio-browser,Europe/Paris
FR,Kiss FM (de Saint-Tropez à Monaco),,Provence-Alpes-Côte D'Azur,Provence-Alpes-Côte d'Azur,,Other,Other,French,None,Unknown,http://kissfm.ice.infomaniak.ch/kissfm-128.mp3,MP3,192,Working,5501,http://www.kissfm.fr/wp-content/uploads/2023/09/apple-touch-icon.png,tags: ,radio-browser,Europe/Paris
FR,Kiss FM (de Toulon à Marseille),,Provence-Alpes-Côte D'Azur,Provence-Alpes-Côte d'Azur,,Other,Other,French,None,Unknown,http://kissfm2.ice.infomaniak.ch/kissfm2-128.mp3,MP3,192,Working,1119,http://www.kissfm.fr/wp-content/uploads/2023/09/apple-touch-icon.png,tags: ,radio-browser,Europe/Paris
FR,Là La radio (La Radio Plus ),,Provence-Alpes-Côte D'Azur,Provence-Alpes-Côte d'Azur,,Other,Other,French,None,Unknown,http://lalaradio.ice.infomaniak.ch/lalaradio-high.mp3,MP3,128,Working,115,https://alpesdusud.laradioplus.com/apple-touch-icon-120x120.png,tags: ,radio-browser,Europe/Paris
FR,Mistral FM Marseille,,Provence-Alpes-Côte D'Azur,Provence-Alpes-Côte d'Azur,,Other,Other,French,None,Unknown,http://mistralfmaubagne.ice.infomaniak.ch/mistralfmaubagne-128.mp3,MP3,320,Working,108,http://www.mistralfm.com/upload/favicon.ico,tags: ,radio-browser,Europe/Paris
FR,Radio Emotion,,Provence-Alpes-Côte D'Azur,Provence-Alpes-Côte d'Azur,,Other,Other,French,None,Unknown,http://radioemotion.ice.infomaniak.ch/radioemotion-128.mp3,MP3,128,Working,78,,tags: ,radio-browser,Europe/Paris
FR,Radio Galère,,Provence-Alpes-Côte D'Azur,Provence-Alpes-Côte d'Azur,,Other,Other,French,None,Unknown,http://www.radiogalere.org:8080/galere.mp3,MP3,160,Working,172,http://www.radiogalere.org/favicon.ico,tags: ,radio-browser,Europe/Paris
FR,Radio Imagine,,Provence-Alpes-Côte D'Azur,Provence-Alpes-Côte d'Azur,,Other,Other,French,None,Unknown,http://stream0-th2.net-radio.fr:8000/imagine-128.mp3,MP3,,Working,44,http://www.radioimagine.com/themes/custom/galactic/assets/favicon/favicon-128.png,tags: ,radio-browser,Europe/Paris
FR,Radio Top FM,,Provence-Alpes-Côte D'Azur,Provence-Alpes-Côte d'Azur,,Other,Other,French,None,Unknown,http://str30.creacast.com/top_fm,MP3,,Working,41,http://www.radiotopfm.fr/upload/5f888721613039.24539021.ico,tags: ,radio-browser,Europe/Paris
FR,Radio Top Side,,Provence-Alpes-Côte D'Azur,Provence-Alpes-Côte d'Azur,,News & Talk,News & Talk + Music,French,None,Unknown,https://listen.radioking.com/radio/33560/stream/275656,MP3,320,Working,10,https://www.radiotopside.com/upload/design/6446351012a075.09916797.jpeg,"tags: local,local news,local radio,pop,pop music,pop rock",radio-browser,Europe/Paris
FR,Radio Vallée,,Provence-Alpes-Côte D'Azur,Provence-Alpes-Côte d'Azur,,Other,Other,French,None,Unknown,http://91.121.59.45:10222/live,MP3,128,Working,16,,tags: ,radio-browser,Europe/Paris
FR,Radio Zinzine,,Provence-Alpes-Côte D'Azur,Provence-Alpes-Côte d'Azur,,Other,Other,French,None,Unknown,https://stream.radiozinzine.org:8443/3,MP3,192,Working,240,,tags: various,radio-browser,Europe/Paris
FR,RCF Méditerranée,,Provence-Alpes-Côte D'Azur,Provence-Alpes-Côte d'Azur,,Religious,Religious,French,None,Unknown,http://rcf.streamakaci.com/rcf83.mp3,MP3,128,Working,26,,tags: christian,radio-browser,Europe/Paris
FR,RCF Nice Côte d'Azur,,Provence-Alpes-Côte D'Azur,Provence-Alpes-Côte d'Azur,,Religious,Religious,French,None,Unknown,http://rcf.streamakaci.com/rcf06.mp3,MP3,320,Working,63,,tags: christian,radio-browser,Europe/Paris
FR,RSB (Radio Sainte Baume),,Provence-Alpes-Côte D'Azur,Provence-Alpes-Côte d'Azur,,Other,Other,French,None,Unknown,http://radiosaintebaume.ice.infomaniak.ch/radiosaintebaume-128.mp3,MP3,140,Working,17,http://www.radiosaintebaume.com/upload/57d16780cc7594.73729768.ico,tags: ,radio-browser,Europe/Paris
FR,Soleil FM,,Provence-Alpes-Côte D'Azur,Provence-Alpes-Côte d'Azur,,Other,Other,French,None,Unknown,http://radio-shoutcast2.cyber-streaming.com:8120/;,MP3,192,Working,196,https://www.soleilfm.com/wp-content/uploads/2021/11/cropped-logo_vecto_carre-180x180.png,tags: ,radio-browser,Europe/Paris
FR,SOUL RADIO Classics,,Provence-Alpes-Côte D'Azur,Provence-Alpes-Côte d'Azur,,Music,Jazz / Soul,English,None,Unknown,https://listen.soulradio.eu/eu,AAC+,192,Working,135,,"tags: classic soul,soul",radio-browser,Europe/Paris
FR,Sunshine Radio,,Provence-Alpes-Côte D'Azur,Provence-Alpes-Côte d'Azur,,Music,Oldies / 80s-90s,Francaise,None,Unknown,https://sunshine.ice.infomaniak.ch/sunshine-mp3.mp3,MP3,,Working,19,https://sunshineradio.fr/wp-content/uploads/2024/08/favicon.png,"tags: 80s,90s",radio-browser,Europe/Paris
FR,UP Station,,Provence-Alpes-Côte D'Azur,Provence-Alpes-Côte d'Azur,,Music,Jazz / Soul,French,None,Unknown,https://cast.up-station.com/listen/up-station/radio.mp3,MP3,192,Working,0,https://cast.up-station.com/static/uploads/up-station/album_art.1789645054.png,"tags: eclectic,electronic,french,hip hop,indie,jazz,no ads,rock,soul,world",radio-browser,Europe/Paris
FR,Yellow Radio,,Provence-Alpes-Côte D'Azur,Provence-Alpes-Côte d'Azur,,Music,Electronic / Dance,French,None,Unknown,https://yellowradio.ice.infomaniak.ch/yellowradio.mp3,MP3,192,Working,8,https://yellow.radio/Logo_Yellow_Radio_180x180.png,"tags: dance,deep,electro,pop",radio-browser,Europe/Paris
FR,Ràdio Arrels,,Pyrenees-Orientales,pyrenees-orientales,,Other,Other,Catalan,None,Unknown,http://stream.radios-arra.fr:8000/radioarrels,MP3,128,Working,29,https://static.mytuner.mobi/media/tvos_radios/mWRYRgNmqr.png,tags: ,radio-browser,Europe/Paris
FR,Pyrénées FM,Pyrénées FM,Quillan,Occitanie,107.5,Music,Regional pop & local info,French,None,No,http://antenne.pyreneesfm.com/direct.mp3,MP3,192,Working,82,https://pyreneesfm.com/wp-content/uploads/2023/03/cropped-logo-pyrennes-fm-180x180.png,"Upper Aude / Pyrenees regional station (Quillan 107.5, Axat 94.4)",curated+radio-browser,Europe/Paris
FR,Radio Octopus,,Rabastens,Rabastens,,Other,Other,French,None,Unknown,http://media.radio-octopus.org:8000/192.mp3,MP3,192,Working,90,http://db.radioline.fr/pictures/radio_222037a8ef3cfc3a646f8e5def6681d9/logo200.jpg?size=200,tags: ,radio-browser,Europe/Paris
FR,Radio Saint Barth,,Saint-Barthélemy,Saint-Barthélemy,,Other,Other,French,None,Unknown,http://2stream.dyndns.org:8000/rsb,MP3,128,Working,46,,tags: outre-mer,radio-browser,Europe/Paris
FR,RMA ANTILLES - Le Son Des Iles,,Seine Saint Denis,SEINE SAINT DENIS,,Music,Mixed music,French,None,Unknown,https://radio3.pro-fhi.net/listen/pzjdzjjq/stream.mp3,MP3,320,Working,6,,"tags: generalist,local music,regional music",radio-browser,Europe/Paris
FR,4U 70s Flower,,Strasbourg,Strasbourg,,Music,Rock / Alternative,English,None,Unknown,https://str4uice.streamakaci.com/4u70s.mp3,MP3,128,Working,18,,tags: rock classic,radio-browser,Europe/Paris
FR,Cine-melody,,Strasbourg,Strasbourg,,Other,Other,French,None,Unknown,http://radio12.pro-fhi.net/flux-tspwbswh/stream,MP3,128,Working,62,https://cine-melody.radio-site.com/upload/design/5a5bf17b3c2b59.34397750.png,tags: ,radio-browser,Europe/Paris
FR,R D’Autan,,Tarn,Tarn,,Music,Mixed music,French,None,Unknown,https://direct.rdautan.fr/stream.mp3,MP3,320,Working,1,http://rdautan.fr/local/cache-vignettes/L112xH121/siteon0-b9b71.png?1772803736,"tags: culture,music,musique",radio-browser,Europe/Paris
FR,R D’Autan Gaillac,,Tarn,Tarn,,Music,Mixed music,French,None,Unknown,https://direct.rdautan.fr/streamgaillac.mp3,MP3,320,Working,1,http://rdautan.fr/local/cache-vignettes/L119xH121/siteoff0-b8c20.png?1772803736,"tags: culture,music,musique",radio-browser,Europe/Paris
FR,100% Radio Toulouse .,100% Radio Toulouse,Toulouse,France,90.5,Music,Pop / Hits,French,None,No,http://100radio-toulouse.ice.infomaniak.ch/100radio-toulouse-128.mp3,MP3,128,Working,246,https://bocir-prod-bucket.s3.amazonaws.com/radios/centpourcent/images/favicon.ico,"Toulouse outlet of the 100% Radio south-west network; Aude: Carcassonne 98.0, Castelnaudary 98.5",curated+radio-browser,Europe/Paris
FR,Altitude Fm,Altitude FM,Toulouse,France,93.5,Other,Local / Community,French,None,No,,,,No stream found,0,,curated: ,curated,Europe/Paris
FR,Boosterfm,,Toulouse,Toulouse,,Other,Other,French,None,Unknown,http://smeuh.org:8000/booster-tlse.mp3,MP3,128,Working,5,https://boosterfm.files.wordpress.com/2022/09/hjj.png?w=768,tags: ,radio-browser,Europe/Paris
FR,Campus FM Toulouse,Campus FM Toulouse,Toulouse,France,94.0,Other,Student / Local,French,None,No,http://live.radiocampus.org:8000/toulouse,MP3,320,Working,147,https://www.vodio.fr/assets/images/favicon.ico,curated: ,curated+radio-browser,Europe/Paris
FR,Canal Sud,Canal Sud,Toulouse,France,92.2,Other,Community / Independent,French,None,No,http://91.224.148.160:8000/canalsud-live,MP3,128,Working,91,http://www.canalsud.net/squelettes2/favicon.ico,curated: ,curated+radio-browser,Europe/Paris
FR,Djam.Radio ,,Toulouse,Toulouse,,Other,Other,French,None,Unknown,https://stream10.xdevel.com/audio15s976748-2280/stream/icecast.audio,OGG,,Working,3,http://static.wixstatic.com/media/8f2aad_181f76d1df524bb58f6a2d994b94417e~mv2.png,tags: ,radio-browser,Europe/Paris
FR,Egregore Radio,,Toulouse,Toulouse,,Music,Mixed music,"English,French",None,Unknown,https://radio.egrego.re/radio/8000/radio.mp3,MP3,192,Working,43,https://www.egrego.re/RESOURCES/IMAGES/EGREGORELOGO.png,"tags: music,variety",radio-browser,Europe/Paris
FR,Ici Occitanie,ici Occitanie,Toulouse,Occitanie,103.8,Public,Regional news & culture,French,State,No,http://direct.francebleu.fr/live/fbtoulouse-midfi.mp3,MP3,128,Working,166,https://www.francebleu.fr/images/favicon-168.png,"Regional public service for Occitanie (Carcassonne 103.8, Castelnaudary 106.1, Limoux 90.4)",curated+radio-browser,Europe/Paris
FR,Kol Aviv,Radio Kol Aviv,Toulouse,France,101.0,Other,Jewish community,French,None,No,,,,No stream found,0,,curated: ,curated,Europe/Paris
FR,Mon Pais,Radio Mon Païs,Toulouse,France,90.1,Other,Occitan culture,French,None,No,,,,No stream found,0,https://radiomonpais.fr/favicon.ico,curated: ,curated,Europe/Paris
FR,Radio FMR,Radio FMR,Toulouse,France,89.1,Other,Community / Independent,French,None,No,http://smeuh.org:8000/radio-fmr.mp3,MP3,320,Working,54,,curated: ,curated+radio-browser,Europe/Paris
FR,Radio Néo Toulouse,Radio Néo Toulouse,Toulouse,France,94.8,Music,Independent / Local,French,None,No,https://ice.creacast.com/radio-neo-paris,,,Working,0,,Toulouse outlet of the Néo network,curated,Europe/Paris
FR,Radio Présence,Radio Présence,Toulouse,France,97.9,Religious,Catholic,French,None,No,http://live.radiopresence.com/presence,MP3,128,Working,2,http://direct.radiopresence.com/presence.png,curated: ,curated+radio-browser,Europe/Paris
FR,Radio Radio,Radio Radio,Toulouse,France,106.8,Other,Local / Alternative,French,None,No,http://62.210.215.26:8000/xstream,MP3,140,Working,46,https://static.parastorage.com/client/pfavico.ico,curated: ,curated+radio-browser,Europe/Paris
FR,Ràdio Occitània,Ràdio Occitània,Toulouse,France,98.3,Other,Occitan language & culture,French,None,No,,,,No stream found,0,https://www.radio-occitania.com/favicon.ico,curated: ,curated,Europe/Paris
FR,Sud Radio,Sud Radio,Toulouse,France,101.4,News & Talk,News & Talk,French,Right,No,https://ice.creacast.com/sudradio,MP3,128,Working,26448,https://www.sudradio.fr/wp-content/uploads/2019/06/cropped-favicon-180x180.png,"Generalist based in Toulouse; right-leaning (Paris 99.9, Toulouse 101.4)",curated+radio-browser,Europe/Paris
FR,Toulouse FM,Toulouse FM,Toulouse,France,92.6,Music,Pop / Local,French,None,No,https://n32a-eu.rcs.revma.com/1x41712gy7uvv,MP3,0,Working,72,https://medias.preprod.bocir.fr/t:app(web)/t:r(unknown)/fit-in/300x2000/filters:format(webp)/filters:quality(100)/radios/toulousefm/images/logo_kQmQJ1D8OB.png,Toulouse local music & talk station,curated+radio-browser,Europe/Paris
FR,Vinci,Radio VINCI Autoroutes 107.7,Toulouse,France,107.7,Other,Traffic information,French,None,No,,,,No stream found,0,,curated: ,curated,Europe/Paris
FR,Radio Alfa France,,Val-De-Marne,Val-de-Marne,,Other,Other,"French,Portuguese",None,Unknown,https://stream.rcs.revma.com/amrbkhqtkm0uv,MP3,,Working,1,https://radioalfa.net/wp-content/uploads/2021/03/favicon.png,tags: ,radio-browser,Europe/Paris
FR,Nov Ma radio,,Vendée,Vendée,,Other,Other,French,None,Unknown,http://icecast.novfm.fr/novfm.mp3,MP3,192,Working,1,https://novmaradio.fr/upload/design/6826f375813046.66277094.png,tags: ,radio-browser,Europe/Paris
FR,RTVFM,,Ventoux,Ventoux,,Other,Other,French,None,Unknown,https://stream.vestaradio.com/RTVFM,MP3,128,Working,5,,tags: ,radio-browser,Europe/Paris
FR,behary laul sirder,,Vernon,VERNON 27200,,Other,Other,French,None,Unknown,https://servidor15.brlogic.com:7292/live,MP3,128,Working,5,,tags: tropical,radio-browser,Europe/Paris
FR,BLS GUYANE,,Vernon,VERNON 27200,,Other,Other,French,None,Unknown,https://servidor15.brlogic.com:7292/live,MP3,128,Working,9,https://blsguyane.webradiosite.com/,tags: ,radio-browser,Europe/Paris
FR,Radio star VESOUL,,Vesoul,VESOUL,,Other,Other,French,None,Unknown,http://radiostar.ice.infomaniak.ch/radiostar-128.mp3,MP3,128,Working,50,,tags: ,radio-browser,Europe/Paris
FR,CINEMUSIC Radio,,Yvelines,Yvelines,,Music,Classical,"English,French",None,Unknown,https://listen.radioking.com/radio/422/stream/62785,MP3,192,Working,229,https://cinemusicradio.com/upload/design/63b2a6080fdb31.87854813.png,"tags: cinema,classical,jazz,movie,movie scores,music,oldies,pop,relax",radio-browser,Europe/Paris
FR,The Lounge Hour,,Yvelines,Yvelines,,Music,Jazz / Soul,"English,French",None,Unknown,https://listen2.streamaudio.co/stream/8056,AAC,128,Working,7,,"tags: calm,chillout,instrumental music,jazz,lounge,smooth jazz",radio-browser,Europe/Paris
FR,A.D Prod Radio,,Île-De-France,Île-de-France,,Music,Hip-hop / Urban,"English,French,Portuguese,Spanish",None,Unknown,https://astromaria.fr/webradio_stream/live,MP3,,Working,1,https://astromaria.fr/Adprod,"tags: hip-hop,multilingual,rap,urban,webradio",radio-browser,Europe/Paris
FR,Africa N°1,,Île-De-France,Île-de-France,,Other,Other,French,None,Unknown,http://african1paris.ice.infomaniak.ch/african1paris-64.mp3,MP3,64,Working,1862,,tags: ,radio-browser,Europe/Paris
FR,AYP FM,,Île-De-France,Île-de-France,,Other,Other,French,None,Unknown,http://stric6.streamakaci.com/radioayp.mp3,MP3,192,Working,10,,tags: ,radio-browser,Europe/Paris
FR,Bien Etre Animal,,Île-De-France,Ile-de-France,,Other,Other,French,None,Unknown,https://bienetreanimal.ice.infomaniak.ch/bienetreanimal-128.mp3,MP3,128,Working,2,,"tags: animal,bien etre,santé",radio-browser,Europe/Paris
FR,BLT Radio,,Île-De-France,Ile de France,,Other,Other,French,None,Unknown,https://play.radioking.io/blt-radio,MP3,128,Working,2,,tags: ,radio-browser,Europe/Paris
FR,BPM,,Île-De-France,Île-de-France,,Other,Other,French,None,Unknown,http://str20.creacast.com/bpm,MP3,96,Working,54,https://bpmlaradio.com/wp-content/uploads/2020/01/cropped-logo-bpm-def-192x192.png,tags: ,radio-browser,Europe/Paris
FR,Cause Commune (Libre @ Toi),,Île-De-France,Île-de-France,,News & Talk,News & Talk,French,None,Unknown,http://vdl.stream-lat.org:8000/voixdulat_mp3,MP3,320,Working,327,https://cause-commune.fm/wp-content/uploads/2018/08/logo-cc-ico-150x150.png,"tags: alternative,information,libre,opinion",radio-browser,Europe/Paris
FR,Crooner Radio 192/48,,Île-De-France,Île-de-France,,Other,Other,"Francaise,French",None,Unknown,https://croonerradio.ice.infomaniak.ch/croonerradio-hifi.mp3,MP3,192,Working,2,https://www.croonerradio.fr,tags: ,radio-browser,Europe/Paris
FR,Douce France,,Île-De-France,Ile de France,,Other,Other,French,None,Unknown,https://stream.chantefrance.com/Chante_France.aac,AAC+,96,Working,203,https://doucefrance.radio/favicon.ico,tags: ,radio-browser,Europe/Paris
FR,Entre Nous Radio,,Île-De-France,Ile de France,,Other,Other,French,None,Unknown,https://play.radioking.io/entre-nous-radio,MP3,128,Working,1,,tags: ,radio-browser,Europe/Paris
FR,Espace FM,,Île-De-France,Île-de-France,,Other,Other,"Creole,French",None,Unknown,http://listen.radioking.com/radio/16769/stream/49487,MP3,128,Working,363,,tags: zouk,radio-browser,Europe/Paris
FR,Evasion FM Essonne,,Île-De-France,Île-de-France,,Other,Other,French,None,Unknown,http://stream.evasionfm.com/Essonne,MP3,128,Working,40,http://i2.cdn-image.com/__media__/pics/468/netsol-favicon-2020.jpg,tags: ,radio-browser,Europe/Paris
FR,Evasion FM Seine-et-Marne Nord,,Île-De-France,Île-de-France,,Other,Other,French,None,Unknown,http://stream.evasionfm.com/Nord77,MP3,128,Working,58,http://i4.cdn-image.com/__media__/pics/468/netsol-favicon-2020.jpg,tags: ,radio-browser,Europe/Paris
FR,Evasion FM Seine-et-Marne Sud,,Île-De-France,Île-de-France,,Other,Other,French,None,Unknown,http://stream1.evasionfm.com/Sud77,MP3,128,Working,144,,tags: ,radio-browser,Europe/Paris
FR,Evasion FM Yvelines,,Île-De-France,Île-de-France,,Other,Other,French,None,Unknown,http://stream.evasionfm.com/Yvelines,MP3,128,Working,17,,tags: ,radio-browser,Europe/Paris
FR,Heroes style,,Île-De-France,Île-de-France,,Other,Other,French,None,Unknown,https://listen.radioking.com/radio/869771/stream/939766,MP3,128,Working,0,https://i.postimg.cc/340qKbdJ/Heroes-Logo.png,tags: ,radio-browser,Europe/Paris
FR,IAradio,,Île-De-France,Ile-de-France,,Other,Other,French,None,Unknown,https://iaradio.ice.infomaniak.ch/iaradio-128.mp3,MP3,128,Working,0,,tags: ,radio-browser,Europe/Paris
FR,IAradio Dance House,,Île-De-France,Île-de-France,,Music,Electronic / Dance,French,None,Unknown,https://iaradiodance.ice.infomaniak.ch/iaradiodance-128.mp3,MP3,128,Working,6,,"tags: dance,house",radio-browser,Europe/Paris
FR,IAradio Disco Funk,,Île-De-France,Île-de-France,,Music,Jazz / Soul,French,None,Unknown,https://iaradiodisco.ice.infomaniak.ch/iaradiodisco-128.mp3,MP3,128,Working,8,,tags: disco funk,radio-browser,Europe/Paris
FR,IAradio Guinguette,,Île-De-France,Île-de-France,,Other,Other,French,None,Unknown,https://iaradioguinguette.ice.infomaniak.ch/iaradioguinguette-128.mp3,MP3,128,Working,3,,"tags: accordéon,guinguette",radio-browser,Europe/Paris
FR,IAradio Jazz,,Île-De-France,Île-de-France,,Music,Jazz / Soul,French,None,Unknown,https://iaradiojazz.ice.infomaniak.ch/iaradiojazz-128.mp3,MP3,128,Working,5,,tags: jazz,radio-browser,Europe/Paris
FR,IAradio Lounge,,Île-De-France,Île-de-France,,Other,Other,French,None,Unknown,https://iaradiolounge.ice.infomaniak.ch/iaradiolounge-128.mp3,MP3,128,Working,1,,tags: lounge,radio-browser,Europe/Paris
FR,IAradio Metal,,Île-De-France,Île-de-France,,Music,Rock / Alternative,French,None,Unknown,https://iaradiometal.ice.infomaniak.ch/iaradiometal-128.mp3,MP3,128,Working,9,,tags: metal,radio-browser,Europe/Paris
FR,IAradio New Wave,,Île-De-France,Île-de-France,,Other,Other,French,None,Unknown,https://iaradionewwave.ice.infomaniak.ch/iaradionewwave-128.mp3,MP3,128,Working,19,,tags: new wave,radio-browser,Europe/Paris
FR,IAradio Opéra,,Île-De-France,Île-de-France,,Other,Other,French,None,Unknown,https://iaradioopera.ice.infomaniak.ch/iaradioopera-128.mp3,MP3,128,Working,4,,tags: opéra,radio-browser,Europe/Paris
FR,IAradio Pop Rock,,Île-De-France,Ile-de-France,,Music,Rock / Alternative,French,None,Unknown,https://iaradiopoprock.ice.infomaniak.ch/iaradiopoprock-128.mp3,MP3,128,Working,2,,tags: pop rock,radio-browser,Europe/Paris
FR,IAradio Rap,,Île-De-France,Île-de-France,,Music,Hip-hop / Urban,French,None,Unknown,https://iaradiorap.ice.infomaniak.ch/iaradiorap-128.mp3,MP3,128,Working,2,,tags: rap,radio-browser,Europe/Paris
FR,IAradio Reggae,,Île-De-France,Île-de-France,,Other,Other,French,None,Unknown,https://iaradioreggae.ice.infomaniak.ch/iaradioreggae-128.mp3,MP3,128,Working,4,,tags: reggae,radio-browser,Europe/Paris
FR,IAradio Slow & Crooner,,Île-De-France,Île-de-France,,Other,Other,Fench,None,Unknown,https://iaradioslowcrooner.ice.infomaniak.ch/iaradioslowcrooner-128.mp3,MP3,128,Working,6,,"tags: crooner,slow",radio-browser,Europe/Paris
FR,La radio de Noël,,Île-De-France,Île-de-France,,Religious,Religious,French,None,Unknown,http://live1.jupinfo.fr:8000/radiodenoel,MP3,140,Working,235,,tags: christmas music,radio-browser,Europe/Paris
FR,Le revenu radio,,Île-De-France,Ile de France,,Other,Other,French,None,Unknown,https://play.radioking.io/le-revenu-radio,MP3,128,Working,0,https://www.lerevenu.com/favicon.ico,tags: ,radio-browser,Europe/Paris
FR,Le Son Parisien,,Île-De-France,Île-de-France,,Music,Electronic / Dance,French,None,Unknown,http://stream.lesonparisien.com/hi.mp3,MP3,192,Working,558,http://www.lesonparisien.com/images/lsp/favicons/android-icon-144x144.png,"tags: electro,electronic,electronica,electropop,indie,indie pop",radio-browser,Europe/Paris
FR,M Radio - Nouveautés,,Île-De-France,Ile de France,,Other,Other,French,None,Unknown,https://mfmwr-005.ice.infomaniak.ch/mfmwr-005.mp3,MP3,128,Working,26,https://mradio.fr/media/radio/thumb/160x160_61f1616475e1c-nouveautes.webp,tags: ,radio-browser,Europe/Paris
FR,MBS Good (AAC 96),,Île-De-France,Île-de-France,,Music,Oldies / 80s-90s,French,None,Unknown,http://mbs.ice.infomaniak.ch/mbs-96.aac,AAC+,96,Working,67,https://www.radiombs.fr/favicon.ico,"tags: 80's,80s,eighties",radio-browser,Europe/Paris
FR,Météo Terrasse Fab,,Île-De-France,Île-de-France,,Other,Other,French,None,Unknown,https://fqboy.com/labo/weather/rss/audio/meteo.mp3,MP3,,Working,1,,tags: local weather,radio-browser,Europe/Paris
FR,Oxygène Coulommiers,,Île-De-France,Île-de-France,,Other,Other,French,None,Unknown,http://str0.creacast.com/oxy-coulommiers,MP3,128,Working,32,http://www.radiooxygene.fr/upload/571f78393c0925.78293975.ico,tags: ,radio-browser,Europe/Paris
FR,Oxygène Provins,,Île-De-France,Île-de-France,,Other,Other,French,None,Unknown,http://str0.creacast.com/oxy-provins,MP3,128,Working,20,http://www.radiooxygene.fr//upload/571f78393c0925.78293975.ico,tags: ,radio-browser,Europe/Paris
FR,Oxygène Sud 77,,Île-De-France,Île-de-France,,Other,Other,French,None,Unknown,http://str0.creacast.com/oxy-montereau,MP3,128,Working,63,http://www.radiooxygene.fr/upload/571f78393c0925.78293975.ico,tags: ,radio-browser,Europe/Paris
FR,OZ Tarkan Radio,,Île-De-France,Île-de-France,,Other,Other,Turkish,None,Unknown,https://eu8.fastcast4u.com/proxy/oztarkan/stream,MP3,96,Working,1,,tags: arabesk,radio-browser,Europe/Paris
FR,Public Health Radio Arabic,,Île-De-France,Ile-de-France,,News & Talk,News & Talk,Arabic,None,Unknown,https://publichealthradioar.ice.infomaniak.ch/publichealthradioar-128.mp3,MP3,128,Working,35,,"tags: health,health programming,information",radio-browser,Europe/Paris
FR,Public Health Radio Deutch,,Île-De-France,Ile-de-France,,News & Talk,News & Talk,Deutch,None,Unknown,https://publichealthradiode.ice.infomaniak.ch/publichealthradiode-128.mp3,MP3,128,Working,7,,"tags: health,health programming,information",radio-browser,Europe/Paris
FR,Public Health Radio Italiano,,Île-De-France,Île-de-France,,Other,Other,Italian,None,Unknown,https://publichealthradioit.ice.infomaniak.ch/publichealthradioit-128.mp3,MP3,128,Working,10,,tags: health,radio-browser,Europe/Paris
FR,Public Health Radio Polish,,Île-De-France,Île-de-France,,News & Talk,News & Talk,Polish,None,Unknown,https://publichealthradiopl.ice.infomaniak.ch/publichealthradiopl-128.mp3,MP3,128,Working,0,,"tags: health,health programming,information",radio-browser,Europe/Paris
FR,Public Health Radio Portugues,,Île-De-France,Ile-de-France,,Other,Other,French,None,Unknown,https://publichealthradiopt.ice.infomaniak.ch/publichealthradiopt-128.mp3,MP3,128,Working,0,,tags: health,radio-browser,Europe/Paris
FR,Public Magazine Radio,,Île-De-France,Ile de France,,Other,Other,French,None,Unknown,https://play.radioking.io/public-radio2,MP3,128,Working,0,https://i.postimg.cc/0MK48HbQ/logopublicradio.jpg,tags: ,radio-browser,Europe/Paris
FR,Public Sante Detente,,Île-De-France,Île-de-France,,Other,Other,French,None,Unknown,https://publicsantedetente.ice.infomaniak.ch/publicsantedetente-192.mp3,MP3,192,Working,5,,tags: santé,radio-browser,Europe/Paris
FR,Public Santé Famille,,Île-De-France,Île-de-France,,Other,Other,French,None,Unknown,https://publicsanteloisirssports.ice.infomaniak.ch/publicsanteloisirssports-192.mp3,MP3,192,Working,3,,"tags: famille,santé",radio-browser,Europe/Paris
FR,Public Santé Loisirs & Sports,,Île-De-France,Île-de-France,,Sports,Sports,French,None,Unknown,https://publicsanteloisirssports.ice.infomaniak.ch/publicsanteloisirssports-192.mp3,MP3,192,Working,6,,"tags: loisirs,santé,sport",radio-browser,Europe/Paris
FR,Public Santé Nutri Conso,,Île-De-France,Île-de-France,,Other,Other,French,None,Unknown,https://publicsantenutri-conso.ice.infomaniak.ch/publicsantenutri-conso-192.mp3,MP3,192,Working,5,,"tags: conso,nutri,santé",radio-browser,Europe/Paris
FR,Public Santé Sexo,,Île-De-France,Île-de-France,,Other,Other,French,None,Unknown,https://publicsantesexo.ice.infomaniak.ch/publicsantesexo-192.mp3,MP3,192,Working,13,,"tags: santé,sexo",radio-browser,Europe/Paris
FR,Radio AC'S,,Île-De-France,Ile de France,,Music,World music,French,None,Unknown,https://listen.radioking.com/radio/33824/stream/199675,MP3,320,Working,20,https://radioacs.radio-website.com/upload/design/63ca6b9be24252.73424119.png,"tags: french chansons,french rap,pop,rap,rock,world music",radio-browser,Europe/Paris
FR,Radio Arche du Royaume,,Île-De-France,Ile de France,,Other,Other,French,None,Unknown,https://streamvps.frequenceapostolique.net/live,MP3,96,Working,0,https://frequenceapostolique.net/favicon.png,tags: live mix,radio-browser,Europe/Paris
FR,Radio Doudou,,Île-De-France,Île-de-France,,Music,Children,French,None,Unknown,https://listen.radioking.com/radio/11565/stream/22961,MP3,128,Working,114,http://radiodoudou.com/upload/52f8cc26745829.05897109.ico,"tags: baby,childrens music",radio-browser,Europe/Paris
FR,RVE,,Île-De-France,Île-de-France,,Other,Other,French,None,Unknown,http://str0.creacast.com/rve,MP3,128,Working,79,http://www.radiorve.com/favicon.ico,tags: ,radio-browser,Europe/Paris
FR,Sensations Yvelines,,Île-De-France,Île-de-France,,Other,Other,French,None,Unknown,http://sensations.ice.infomaniak.ch/sensations.mp3,MP3,192,Working,19,,tags: ,radio-browser,Europe/Paris
FR,VSD Radio,,Île-De-France,Ile de France,,News & Talk,News & Talk,French,None,Unknown,https://play.radioking.io/vsd-radio,MP3,128,Working,0,https://i.postimg.cc/340qKbd7/Vsd-Radio-Logo.png,"tags: news,top40",radio-browser,Europe/Paris
FR, Galaxie FM 95.30 ,,—,(unlisted),,Other,Other,French,None,Unknown,https://listen.radioking.com/radio/15684/stream/29075,MP3,128,Working,50,,tags: ,radio-browser,Europe/Paris
FR, MARSANARYAS,,—,(unlisted),,News & Talk,News & Talk,French,None,Unknown,https://www.marsanaryas.com/radio/live/,MP3,,Working,18,,"tags: independent,talk",radio-browser,Europe/Paris
FR,#1 Splash Jazz,,—,(unlisted),,Music,Jazz / Soul,"English,French",None,Unknown,https://ais-sa2.cdnstream1.com/2346_128.mp3,MP3,128,Working,145,,"tags: big band,classic jazz,cool jazz,free jazz,jazz,jazz fusion,latin jazz,nu-jazz,smooth jazz,splash,vocal jazz",radio-browser,Europe/Paris
FR,* Meme dans les orties *,,—,(unlisted),,Music,Electronic / Dance,French,None,Unknown,https://radio.sk8ter.org:8443/stream,MP3,192,Working,330,https://memeradio.org/favicon_meme.png,tags: electronic,radio-browser,Europe/Paris
FR,*Duuu,,—,(unlisted),,Other,Other,French,None,Unknown,https://duuu.out.airtime.pro/duuu_a,MP3,192,Working,3,,"tags: arts,lectures,live concerts,poetry,sound art",radio-browser,Europe/Paris
FR,.. atlantica oldies..,,—,(unlisted),,Other,Other,French,None,Unknown,http://radios.topymedia.com:8052/stream/;.mp3,MP3,128,Working,268,https://www.atlantica-radio.fr/storage/2017/08/cropped-logo_altantica_radio-180x180.png,tags: decades,radio-browser,Europe/Paris
FR,.. Atlantica Radio.. ,,—,(unlisted),,Music,Pop,French,None,Unknown,http://radios.topymedia.com:8000/stream/;.mp3,MP3,128,Working,57,https://www.atlantica-radio.fr/storage/2017/08/cropped-logo_altantica_radio-180x180.png,tags: pop,radio-browser,Europe/Paris
FR,.. Atlantica Soleil.. ,,—,(unlisted),,Other,Other,French,None,Unknown,http://radios.topymedia.com:8054/stream/;.mp3,MP3,128,Working,69,https://www.atlantica-radio.fr/storage/2017/08/cropped-logo_altantica_radio-180x180.png,tags: misc,radio-browser,Europe/Paris
FR,.. مختصر التفسير ,,—,(unlisted),,Music,Classical,French,None,Unknown,https://qurango.net/radio/mukhtasartafsir,MP3,128,Working,42,,tags: classical,radio-browser,Europe/Paris
FR,..al quran radio ,,—,(unlisted),,Music,Classical,French,None,Unknown,https://n0a.radiojar.com/0tpy1h0kxtzuv?rj-ttl=5&rj-tok=AAABhdgGORQA-2acfyF3_4WY2g,MP3,,Working,129,https://i.pinimg.com/564x/3a/a1/a1/3aa1a107c9434ca52b42b2dd0ffc896f.jpg,tags: classical,radio-browser,Europe/Paris
FR,.mohammed ayyub,,—,(unlisted),,Music,Classical,French,None,Unknown,https://qurango.net/radio/mohammed_ayyub,MP3,128,Working,9,,tags: classical,radio-browser,Europe/Paris
FR,/mlpfm/,,—,(unlisted),,Other,Other,French,None,Unknown,https://dash.mlp.radio:8020/radio.mp3,MP3,192,Working,2,https://mlp.radio/static/uploads/browser_icon/180.1732808201.png,tags: ,radio-browser,Europe/Paris
FR,100% Grosses Têtes ,,—,(unlisted),,Other,Other,French,None,Unknown,https://hls.m6radio.quortex.io/ssairadio/webradio/les-grosses-tetes/short/audio-64000/index.m3u8,UNKNOWN,,Working,6,,"tags: humor,humour",radio-browser,Europe/Paris
FR,100% Radio,,—,(unlisted),,Other,Other,French,None,Unknown,http://100radio-albi.ice.infomaniak.ch/100radio-albi-128.mp3,MP3,128,Working,10,https://images.lesindesradios.fr/fit-in/300x2000/filters:format(webp)/filters:quality(100)/radios/centpourcent/images/logo_HuGMY5WoOm.png,tags: ,radio-browser,Europe/Paris
FR,100% Radio 80,,—,(unlisted),,Music,Oldies / 80s-90s,French,None,Unknown,http://100radio-80.ice.infomaniak.ch/100radio-80-128.mp3,MP3,128,Working,35286,https://bocir-prod-bucket.s3.amazonaws.com/radios/centpourcent/images/favicon.ico,tags: 80s,radio-browser,Europe/Paris
FR,100% Radio Hit,,—,(unlisted),,Other,Other,French,None,Unknown,http://100radio-hit.ice.infomaniak.ch/100radio-hit-128.mp3,MP3,128,Working,19674,https://bocir-prod-bucket.s3.amazonaws.com/radios/centpourcent/images/favicon.ico,tags: ,radio-browser,Europe/Paris
FR,100% Radio Souvenirs,,—,(unlisted),,Other,Other,French,None,Unknown,http://100radio-souvenirs.ice.infomaniak.ch/100radio-souvenirs-128.mp3,MP3,128,Working,405,https://bocir-prod-bucket.s3.amazonaws.com/radios/centpourcent/images/favicon.ico,tags: ,radio-browser,Europe/Paris
FR,1000 Hits 90s,,—,(unlisted),,Music,Oldies / 80s-90s,French,None,Unknown,https://c4.auracast.net:8050/;,MP3,128,Working,78,,"tags: 90s,classic hits,oldies",radio-browser,Europe/Paris
FR,103 Radio,,—,(unlisted),,Music,Electronic / Dance,French,None,Unknown,http://streaming.103radio.fr/128,MP3,128,Working,277,https://www.103radio.fr/apple-touch-icon.png,"tags: clubbing,dance,electro",radio-browser,Europe/Paris
FR,123 All Classic Rock,,—,(unlisted),,Music,Rock / Alternative,French,None,Unknown,http://str4uice.streamakaci.com/4uclassicrock.mp3,MP3,128,Working,2313,https://www.facebook.com/favicon.ico,"tags: classic rock,rock,rock-classic",radio-browser,Europe/Paris
FR,1HITS,,—,(unlisted),,Other,Other,French,None,Unknown,https://live.1hits.fr/live-hd,MP3,320,Working,3,https://static.mytuner.mobi/media/tvos_radios/165/1hits.7c126b31.png,tags: ,radio-browser,Europe/Paris
FR,432hz Radio,,—,(unlisted),,Other,Other,French,None,Unknown,http://stream.zeno.fm/er3nkny6fd0uv,MP3,192,Working,374,,tags: ,radio-browser,Europe/Paris
FR,4U Classic Rock,,—,(unlisted),,Music,Rock / Alternative,English,None,Unknown,https://str4uice.streamakaci.com/4uclassicrock.mp3,MP3,128,Working,23,https://www.4urock.com/favicon.ico,"tags: classic rock,hits",radio-browser,Europe/Paris
FR,4U Hard FM,,—,(unlisted),,Music,Rock / Alternative,French,None,Unknown,https://live.4uradios.com/4uhardfm.mp3,MP3,128,Working,12,https://www.4uradios.com/images/4uhardfm.jpg,tags: hard rock heavy metal,radio-browser,Europe/Paris
FR,6coup.fm,,—,(unlisted),,Music,Classical,French,None,Unknown,http://stream.zeno.fm/p4cea0p314zuv,MP3,128,Working,5,,tags: classical,radio-browser,Europe/Paris
FR,ABC Dance,,—,(unlisted),,Other,Other,French,None,Unknown,https://www.radioking.com/play/abc-dance/374263,MP3,192,Working,122,,tags: ,radio-browser,Europe/Paris
FR,ABC Lounge France,,—,(unlisted),,Other,Other,French,None,Unknown,https://str1.openstream.co/589,MP3,128,Working,58,,tags: ,radio-browser,Europe/Paris
FR,ABC Relax,,—,(unlisted),,Other,Other,French,None,Unknown,https://listen.abcrelax.com/,MP3,192,Working,66,https://abcrelax.com/img/abc.png,tags: ,radio-browser,Europe/Paris
FR,ABC-Loungr,,—,(unlisted),,Other,Other,French,None,Unknown,http://streaming.radionomy.com/ABC-Lounge,MP3,128,Working,14,,tags: ,radio-browser,Europe/Paris
FR,Abdulbasit Abdulsamad,,—,(unlisted),,Other,Other,Arabic,None,Unknown,https://radio.mp3islam.com/listen/abdulbasit/radio.mp3,AAC,64,Working,4,,tags: ,radio-browser,Europe/Paris
FR,Activ radio,,—,(unlisted),,Other,Other,French,None,Unknown,http://94.23.219.163:8000/stetienne.mp3,MP3,320,Working,98,https://bocir-prod-bucket.s3.eu-west-1.amazonaws.com/radios/activ/images/favicon.x-icon,tags: ,radio-browser,Europe/Paris
FR,Active radio 100.6 FM,,—,(unlisted),,Other,Other,French,None,Unknown,http://manager.streaming-ingenierie.fr:8028/,MP3,320,Working,126,https://active-radio.fr/wp-content/uploads/2024/06/active-radio-2.png,tags: ,radio-browser,Europe/Paris
FR,Addict Alternative,,—,(unlisted),,Music,Rock / Alternative,"English,French",None,Unknown,http://stream2.addictradio.net/addictalternative.mp3,MP3,128,Working,135,,tags: alternative,radio-browser,Europe/Paris
FR,Addict Lounge,,—,(unlisted),,Music,Mixed music,French,None,Unknown,http://stream1.addictradio.net/addictlounge.mp3,MP3,128,Working,114,,tags: lounge music,radio-browser,Europe/Paris
FR,Addict Rock,,—,(unlisted),,Music,Rock / Alternative,French,None,Unknown,http://stream1.addictradio.net/addictrock.mp3,MP3,128,Working,76,,tags: rock,radio-browser,Europe/Paris
FR,Addict Star,,—,(unlisted),,Other,Other,French,None,Unknown,http://stream1.addictradio.net/addictstar.mp3,MP3,128,Working,17,http://www.addictradio.net/medias/images/header/logos/star.png,tags: ,radio-browser,Europe/Paris
FR,adofm,,—,(unlisted),,Music,Electronic / Dance,French,None,Unknown,http://start-adofm.ice.infomaniak.ch/start-adofm-high.mp3,MP3,128,Working,170,https://www.frequence-radio.com/favicon.ico,tags: dance,radio-browser,Europe/Paris
FR,AdventRadio,,—,(unlisted),,Religious,Religious,French,None,Unknown,http://51.210.179.55:8000/stream,MP3,192,Working,12,,"tags: adventista,christian,gospel",radio-browser,Europe/Paris
FR,Africa Radio Abidjan Webradio,,—,(unlisted),,Music,Mixed music,French,None,Unknown,https://africaradio.ice.infomaniak.ch/abidjan128.mp3,MP3,96,Working,155,https://images.lesindesradios.fr/fit-in/300x2000/filters:format(webp)/radios/africaradio/radiostream/4D9oGPMZbK/vignette_CL9ZJm8Vsg.png,tags: african music,radio-browser,Europe/Paris
FR,Africa Radio Africa Club Webradio,,—,(unlisted),,Music,Mixed music,French,None,Unknown,https://webradio1.ice.infomaniak.ch/webradio5-128.mp3,MP3,128,Working,70,https://bocir-prod-bucket.s3.eu-west-1.amazonaws.com/radios/africaradio/images/favicon.x-icon,tags: african music,radio-browser,Europe/Paris
FR,Africa Radio Coupé Decalé Webradio,,—,(unlisted),,Music,Mixed music,French,None,Unknown,https://webradio1.ice.infomaniak.ch/webradio1-128.mp3,MP3,128,Working,141,https://images.lesindesradios.fr/fit-in/300x2000/filters:format(webp)/radios/africaradio/radiostream/CkIE3S769N/vignette.png,tags: african music,radio-browser,Europe/Paris
FR,Africa Radio Mandingue Webradio,,—,(unlisted),,Music,Mixed music,French,None,Unknown,https://webradio1.ice.infomaniak.ch/webradio2-128.mp3,MP3,128,Working,90,https://images.lesindesradios.fr/fit-in/300x2000/filters:format(webp)/radios/africaradio/radiostream/pmoKDezn85/vignette.png,tags: african music,radio-browser,Europe/Paris
FR,Africa Radio Manu Dibango Webradio,,—,(unlisted),,Music,Mixed music,French,None,Unknown,https://webradio7.ice.infomaniak.ch/webradio7-128.mp3,MP3,128,Working,54,https://images.lesindesradios.fr/fit-in/300x2000/filters:format(webp)/radios/africaradio/radiostream/yXjSg233Sq/vignette_Tf3DO2vq08.png,tags: african music,radio-browser,Europe/Paris
FR,Africa Radio Naija Webradio,,—,(unlisted),,Music,Mixed music,French,None,Unknown,https://webradio1.ice.infomaniak.ch/webradio3-128.mp3,MP3,128,Working,160,https://images.lesindesradios.fr/fit-in/300x2000/filters:format(webp)/radios/africaradio/radiostream/QP0HYlUIr3/vignette.png,tags: african music,radio-browser,Europe/Paris
FR,Africa Radio Paris,,—,(unlisted),,News & Talk,News & Talk + Music,French,None,Unknown,https://african1paris.ice.infomaniak.ch/african1paris-128.mp3,MP3,128,Working,332,https://images.lesindesradios.fr/fit-in/300x2000/filters:format(webp)/filters:quality(100)/radios/africaradio/images/logo_RvDT2jBisJ.png,"tags: african music,news,talk",radio-browser,Europe/Paris
FR,Africa Radio Rumba Webradio,,—,(unlisted),,Music,Mixed music,French,None,Unknown,https://webradio1.ice.infomaniak.ch/webradio4-128.mp3,MP3,128,Working,490,https://images.lesindesradios.fr/fit-in/300x2000/filters:format(webp)/radios/africaradio/radiostream/dnV47tflYH/vignette.png,tags: african music,radio-browser,Europe/Paris
FR,Africa Radio Selecta Webradio,,—,(unlisted),,Music,Mixed music,French,None,Unknown,https://webradio6.ice.infomaniak.ch/webradio6-128.mp3,MP3,128,Working,53,https://www.africaradio.com/favicon.ico,tags: african music,radio-browser,Europe/Paris
FR,Agnes B Radio Europe,,—,(unlisted),,Other,Other,French,None,Unknown,https://listen.radioking.com/radio/131488/stream/171370,MP3,320,Working,2,,tags: ,radio-browser,Europe/Paris
FR,Airzen Radio,,—,(unlisted),,Other,Other,French,None,Unknown,http://n22a-eu.rcs.revma.com/vuumdncf368uv?,AAC,,Working,13,https://cdn.webpushr.com/siteassets/bJb1Y2vUfE.jpg,tags: ,radio-browser,Europe/Paris
FR,Album Radio Rock,,—,(unlisted),,Music,Rock / Alternative,English,None,Unknown,http://stream.laut.fm/album-radio-rock,MP3,128,Working,48,,tags: classic rock,radio-browser,Europe/Paris
FR,Alefamusic,,—,(unlisted),,Music,Electronic / Dance,"French,Malagasy",None,Unknown,http://www.radioking.com/play/alefamusic,MP3,128,Working,139,https://www.alefamusic.net/upload/583de911e42a49.25823503.ico,"tags: african,african music,african pop,afrique,afro-pop,afropop,pop,pop dance,pop music",radio-browser,Europe/Paris
FR,Alençon FM,,—,(unlisted),,Other,Other,French,None,Unknown,https://listen.radioking.com/radio/290959/stream/337222,MP3,128,Working,12,https://www.alenconfm.fr/favicon.ico,tags: ,radio-browser,Europe/Paris
FR,Algorythme Drum & Bass,,—,(unlisted),,Other,Other,French,None,Unknown,https://radio9.pro-fhi.net/flux-endvtlna/stream,MP3,128,Working,3082,https://www.algorythmeradio.com/assets/images/icon-algo.ico,"tags: drum n bass,drum&bass",radio-browser,Europe/Paris
FR,Algorythme Lounge & Bossa,,—,(unlisted),,Other,Other,French,None,Unknown,https://radio8.pro-fhi.net/flux-sinllzly/stream,MP3,128,Working,138,https://www.algorythmeradio.com/assets/images/icon-algo.ico,"tags: bossa,lounge",radio-browser,Europe/Paris
FR,Algorythme Radio,,—,(unlisted),,Music,Electronic / Dance,French,None,Unknown,https://radio3.pro-fhi.net/flux-ejzloxke/stream,MP3,128,Working,50,https://www.algorythmeradio.com/assets/images/icon-algo.ico,"tags: house,old school",radio-browser,Europe/Paris
FR,Algorythme UK Garage,,—,(unlisted),,Music,Electronic / Dance,English,None,Unknown,https://ukg.algorythmeradio.com/stream,MP3,128,Working,102,https://uk.radio.net/images/broadcasts/26/1e/186496/1/c300.png,"tags: garage house,uk garage",radio-browser,Europe/Paris
FR,Allzic Africa,,—,(unlisted),,Other,Other,French,None,Unknown,http://allzic49.ice.infomaniak.ch/allzic51.mp3,MP3,128,Working,137,https://www.allzicradio.com/apple-touch-icon-120x120.png,tags: ,radio-browser,Europe/Paris
FR,Allzic Classic Piano,,—,(unlisted),,Music,Classical,French,None,Unknown,http://allzic47.ice.infomaniak.ch/allzic47.mp3,MP3,128,Working,355,https://www.allzicradio.com/favicon.ico,tags: classical,radio-browser,Europe/Paris
FR,AllZic faire la fête,,—,(unlisted),,Other,Other,French,None,Unknown,http://allzic26.ice.infomaniak.ch/allzic26.mp3,MP3,128,Working,77,https://www.allzicradio.com/apple-touch-icon-120x120.png,tags: france,radio-browser,Europe/Paris
FR,Allzic French Mix,,—,(unlisted),,Music,Mixed music,French,None,Unknown,https://allzic65frenchmix.ice.infomaniak.ch/allzic65.aac,AAC+,64,Working,29,https://www.allzicradio.com/media/radios/thumb/195x195_65d4a0817a09d-french-mix.jpg,"tags: contemporary,music,remixes",radio-browser,Europe/Paris
FR,Allzic humour,,—,(unlisted),,Other,Other,French,None,Unknown,http://allzic25.ice.infomaniak.ch/allzic25.mp3,MP3,128,Working,240,http://www.allzicradio.com/favicon.ico,"tags: allzic,humour",radio-browser,Europe/Paris
FR,Allzic Jazz Lounge,,—,(unlisted),,Other,Other,French,None,Unknown,http://allzic03.ice.infomaniak.ch/allzic03.mp3,MP3,128,Working,495,https://www.allzicradio.com/apple-touch-icon-120x120.png,tags: ,radio-browser,Europe/Paris
FR,Allzic Nationale 7,,—,(unlisted),,Other,Other,French,None,Unknown,http://allzic38.ice.infomaniak.ch/allzic38.mp3,MP3,128,Working,52,,tags: ,radio-browser,Europe/Paris
FR,Allzic radio,,—,(unlisted),,Other,Other,French,None,Unknown,https://allzic53.ice.infomaniak.ch/allzic53.mp3,MP3,128,Working,9,,tags: ,radio-browser,Europe/Paris
FR,Allzic Radio - Lounge,,—,(unlisted),,Other,Other,French,None,Unknown,http://allzic21.ice.infomaniak.ch/allzic21.mp3,MP3,128,Working,244,https://www.allzicradio.com/apple-touch-icon-120x120.png,"tags: chillout,downtempo,lounge,relax",radio-browser,Europe/Paris
FR,Allzic Radio - Zen,,—,(unlisted),,Other,Other,French,None,Unknown,http://allzic20.ice.infomaniak.ch/allzic20.mp3,MP3,128,Working,282,http://www.allzicradio.com/favicon.ico,"tags: calm,relax,relaxation",radio-browser,Europe/Paris
FR,Allzic Radio 0/4 ans,,—,(unlisted),,Music,Children,French,None,Unknown,http://allzic14.ice.infomaniak.ch/allzic14.mp3,MP3,128,Working,83,http://www.allzicradio.com/favicon.ico,tags: children,radio-browser,Europe/Paris
FR,Allzic Radio 2000s,,—,(unlisted),,Music,Rock / Alternative,French,None,Unknown,http://allzic49.ice.infomaniak.ch/allzic49.mp3,MP3,128,Working,950,https://www.allzicradio.com/apple-touch-icon-120x120.png,"tags: 00s,alternative,classic hits,love,pop,rnb,rock",radio-browser,Europe/Paris
FR,Allzic Radio 4/7 ans,,—,(unlisted),,Music,Children,French,None,Unknown,http://allzic014.ice.infomaniak.ch/allzic15.mp3,MP3,128,Working,98,http://www.allzicradio.com/favicon.ico,tags: children,radio-browser,Europe/Paris
FR,Allzic Radio 50s,,—,(unlisted),,Music,Éntekhno / Chanson,French,None,Unknown,http://allzic29.ice.infomaniak.ch/allzic29.mp3,MP3,128,Working,528,https://www.allzicradio.com/favicon.ico,"tags: 1950s,50s,chansons françaises,oldies",radio-browser,Europe/Paris
FR,Allzic Radio 7-12 ans,,—,(unlisted),,Music,Children,French,None,Unknown,http://allzic16.ice.infomaniak.ch/allzic16.mp3,MP3,128,Working,86,http://www.allzicradio.com/favicon.ico,tags: children,radio-browser,Europe/Paris
FR,Allzic Radio 80s,,—,(unlisted),,Music,Oldies / 80s-90s,French,None,Unknown,http://allzic08.ice.infomaniak.ch/allzic08.mp3,MP3,128,Working,951,https://www.allzicradio.com/apple-touch-icon-120x120.png,"tags: 80s,classic hits,oldies,pop",radio-browser,Europe/Paris
FR,Allzic Radio 90s,,—,(unlisted),,Music,Rock / Alternative,French,None,Unknown,http://allzic24.ice.infomaniak.ch/allzic24.mp3,MP3,128,Working,552,https://www.allzicradio.com/apple-touch-icon-120x120.png,"tags: 90s,alternative,classic hits,pop,pop rock",radio-browser,Europe/Paris
FR,Allzic Radio Années 70,,—,(unlisted),,Music,Mixed music,French,None,Unknown,https://allzic50.ice.infomaniak.ch/allzic50.aac,AAC+,96,Working,48,,"tags: 70s,music",radio-browser,Europe/Paris
FR,Allzic Radio Black,,—,(unlisted),,Music,Hip-hop / Urban,French,None,Unknown,http://allzic04.ice.infomaniak.ch/allzic04.mp3,MP3,128,Working,269,https://www.allzicradio.com/apple-touch-icon-120x120.png,"tags: black,hiphop,oldschool,rap",radio-browser,Europe/Paris
FR,Allzic Radio Blues,,—,(unlisted),,Other,Other,French,None,Unknown,http://allzic09.ice.infomaniak.ch/allzic09.mp3,MP3,128,Working,1024,https://www.allzicradio.com/apple-touch-icon-120x120.png,tags: blues,radio-browser,Europe/Paris
FR,Allzic Radio Brazil,,—,(unlisted),,Other,Other,French,None,Unknown,http://allzic19.ice.infomaniak.ch/allzic19.mp3,MP3,128,Working,206,https://www.allzicradio.com/apple-touch-icon-120x120.png,"tags: bossa nova,bossanova,brasil,brazil,tropical",radio-browser,Europe/Paris
FR,Allzic Radio Chill Out,,—,(unlisted),,Music,Electronic / Dance,French,None,Unknown,http://allzic53.ice.infomaniak.ch/allzic53.mp3,MP3,128,Working,1189,https://www.allzicradio.com/apple-touch-icon-120x120.png,"tags: chillout,electro deep,electronic,house,vocal",radio-browser,Europe/Paris
FR,Allzic Radio Chopin,,—,(unlisted),,Other,Other,French,None,Unknown,https://allzicradiochopin.ice.infomaniak.ch/allzicradiochopin-128.mp3,MP3,128,Working,3,https://covers.eg-ad.fr/195x195_chopin-portrait.png,tags: ,radio-browser,Europe/Paris
FR,Allzic Radio Classic,,—,(unlisted),,Music,Classical,French,None,Unknown,http://allzic06.ice.infomaniak.ch/allzic06.mp3,MP3,128,Working,348,https://www.allzicradio.com/apple-touch-icon-120x120.png,tags: classical,radio-browser,Europe/Paris
FR,AllZic Radio Classic Violon,,—,(unlisted),,Music,Classical,French,None,Unknown,http://allzic48.ice.infomaniak.ch/allzic48.mp3,MP3,128,Working,154,https://www.allzicradio.com/apple-touch-icon-120x120.png,tags: classical,radio-browser,Europe/Paris
FR,Allzic Radio Comptines,,—,(unlisted),,Music,Children,French,None,Unknown,http://allzic05.ice.infomaniak.ch/allzic05.mp3,MP3,128,Working,139,http://www.allzicradio.com/favicon.ico,"tags: children,musiques des enfants",radio-browser,Europe/Paris
FR,Allzic Radio Country,,—,(unlisted),,Other,Other,English,None,Unknown,http://allzic32.ice.infomaniak.ch/allzic32.mp3,MP3,128,Working,546,,"tags: classic country,country",radio-browser,Europe/Paris
FR,Allzic Radio Dance Floor,,—,(unlisted),,Music,Electronic / Dance,French,None,Unknown,http://allzic07.ice.infomaniak.ch/allzic07.mp3,MP3,128,Working,1286,https://www.allzicradio.com/apple-touch-icon-120x120.png,"tags: charts,dance,edm,electro,pop",radio-browser,Europe/Paris
FR,Allzic Radio Deep Disco,,—,(unlisted),,Other,Other,French,None,Unknown,http://allzic31.ice.infomaniak.ch/allzic31.mp3,MP3,128,Working,761,https://www.allzicradio.com/apple-touch-icon-120x120.png,"tags: deep,disco",radio-browser,Europe/Paris
FR,Allzic Radio Disco,,—,(unlisted),,Music,Oldies / 80s-90s,French,None,Unknown,http://allzic36.ice.infomaniak.ch/allzic36.mp3,MP3,128,Working,450,https://www.allzicradio.com/apple-touch-icon-120x120.png,"tags: 80s,classic disco,disco",radio-browser,Europe/Paris
FR,Allzic Radio Disney,,—,(unlisted),,Music,Children,French,None,Unknown,http://allzic52.ice.infomaniak.ch/allzic52.mp3,MP3,128,Working,428,https://www.allzicradio.com/apple-touch-icon-120x120.png,"tags: children,film music,movies,score,soundtracks",radio-browser,Europe/Paris
FR,Allzic Radio Electro Chill,,—,(unlisted),,Music,Electronic / Dance,French,None,Unknown,https://allzic57.ice.infomaniak.ch/allzic57.aac,AAC+,64,Working,85,https://super-radio-global.devhub.top/logo/default.png,"tags: chill,electro,music",radio-browser,Europe/Paris
FR,Allzic Radio Enfoirés,,—,(unlisted),,Music,Éntekhno / Chanson,French,None,Unknown,http://allzic12.ice.infomaniak.ch/allzic12.mp3,MP3,128,Working,175,http://www.allzicradio.com/favicon.ico,tags: chansons françaises,radio-browser,Europe/Paris
FR,Allzic Radio Fitness,,—,(unlisted),,Music,Electronic / Dance,French,None,Unknown,http://allzic13.ice.infomaniak.ch/allzic13.mp3,MP3,128,Working,545,https://www.allzicradio.com/apple-touch-icon-120x120.png,"tags: dance,fitness,pop",radio-browser,Europe/Paris
FR,Allzic Radio Funk,,—,(unlisted),,Music,Jazz / Soul,French,None,Unknown,http://allzic08.ice.infomaniak.ch/allzic11.mp3,MP3,128,Working,660,https://www.allzicradio.com/apple-touch-icon-120x120.png,"tags: classic hits,funk,funky",radio-browser,Europe/Paris
FR,Allzic Radio Golds Français,,—,(unlisted),,Music,Mixed music,French,None,Unknown,https://allzic30.ice.infomaniak.ch/allzic30.aac,AAC+,64,Working,53,,tags: music,radio-browser,Europe/Paris
FR,AllZic Radio Gothique,,—,(unlisted),,Music,Rock / Alternative,French,None,Unknown,http://allzic27.ice.infomaniak.ch/allzic27.mp3,MP3,128,Working,186,https://www.allzicradio.com/apple-touch-icon-120x120.png,tags: rock,radio-browser,Europe/Paris
FR,Allzic Radio Hard Heavy,,—,(unlisted),,Music,Rock / Alternative,French,None,Unknown,http://allzic18.ice.infomaniak.ch/allzic18.mp3,MP3,128,Working,323,https://www.allzicradio.com/apple-touch-icon-120x120.png,"tags: classic rock,hard rock,heavy rock,rock",radio-browser,Europe/Paris
FR,Allzic Radio Hommage Johnny,,—,(unlisted),,Music,Mixed music,French,None,Unknown,https://allzic56.ice.infomaniak.ch/allzic56.aac,AAC+,64,Working,32,,tags: music,radio-browser,Europe/Paris
FR,Allzic Radio Italia,,—,(unlisted),,Music,Pop,French,None,Unknown,http://allzic35.ice.infomaniak.ch/allzic35.mp3,MP3,128,Working,223,https://www.allzicradio.com/apple-touch-icon-120x120.png,"tags: classic italian pop,italian pop",radio-browser,Europe/Paris
FR,Allzic Radio Jazz,,—,(unlisted),,Music,Jazz / Soul,French,None,Unknown,https://allzic40.ice.infomaniak.ch/allzic40.aac,AAC+,64,Working,35,,"tags: jazz,music",radio-browser,Europe/Paris
FR,Allzic Radio Jazz Lounge,,—,(unlisted),,Music,Jazz / Soul,French,None,Unknown,https://allzic03.ice.infomaniak.ch/allzic03.mp3,MP3,128,Working,63,https://www.google.com/images/branding/googlelogo/2x/googlelogo_color_272x92dp.png,"tags: jazz,music",radio-browser,Europe/Paris
FR,Allzic Radio Kitch,,—,(unlisted),,Music,Mixed music,French,None,Unknown,https://allzic59.ice.infomaniak.ch/allzic59.aac,AAC+,64,Working,36,,"tags: kitch,music",radio-browser,Europe/Paris
FR,Allzic Radio Latino,,—,(unlisted),,Other,Other,French,None,Unknown,http://allzic39.ice.infomaniak.ch/allzic39.mp3,MP3,128,Working,1129,https://www.allzicradio.com/apple-touch-icon-120x120.png,"tags: español,exitos,latino,reggaeton",radio-browser,Europe/Paris
FR,Allzic Radio Live FR,,—,(unlisted),,Music,Mixed music,French,None,Unknown,https://allzic44.ice.infomaniak.ch/allzic44.aac,AAC+,64,Working,13,,tags: music,radio-browser,Europe/Paris
FR,Allzic Radio Live GOLD,,—,(unlisted),,Music,Mixed music,French,None,Unknown,https://allzic45.ice.infomaniak.ch/allzic45.aac,AAC+,64,Working,18,,tags: music,radio-browser,Europe/Paris
FR,Allzic Radio Love,,—,(unlisted),,Music,Mixed music,French,None,Unknown,https://allzic34.ice.infomaniak.ch/allzic34.aac,AAC+,64,Working,45,https://super-radio-global.devhub.top/logo/default.png,"tags: love,music",radio-browser,Europe/Paris
FR,ALLZIC RADIO NOUVEAUTES FRANCAISES,,—,(unlisted),,Music,Pop / Hits,French,None,Unknown,https://allzic23.ice.infomaniak.ch/allzic23.mp3,MP3,128,Working,6,https://www.allzicradio.com/media/radios/nouveautes-francaises-by-allzic_69d21446d2116.jpg,"tags: hits,pop,top hits",radio-browser,Europe/Paris
FR,Allzic Radio Noël,,—,(unlisted),,Music,Mixed music,French,None,Unknown,https://allzic42.ice.infomaniak.ch/allzic42.aac,AAC+,64,Working,33,https://super-radio-global.devhub.top/logo/default.png,"tags: music,noël",radio-browser,Europe/Paris
FR,Allzic Radio Orientale,,—,(unlisted),,Music,Mixed music,French,None,Unknown,https://allzic33.ice.infomaniak.ch/allzic33.aac,AAC+,64,Working,670,,"tags: music,orientale",radio-browser,Europe/Paris
FR,Allzic Radio Pop Queens,,—,(unlisted),,Music,Pop,French,None,Unknown,https://allzic54.ice.infomaniak.ch/allzic54.aac,AAC+,64,Working,52,https://super-radio-global.devhub.top/logo/default.png,"tags: music,pop,queens",radio-browser,Europe/Paris
FR,Allzic Radio R&B,,—,(unlisted),,Music,Hip-hop / Urban,French,None,Unknown,http://allzic08.ice.infomaniak.ch/allzic10.mp3,MP3,128,Working,407,,"tags: hits,pop,rnb",radio-browser,Europe/Paris
FR,Allzic Radio Rap,,—,(unlisted),,Music,Hip-hop / Urban,English,None,Unknown,http://allzic01.ice.infomaniak.ch/allzic01.mp3,MP3,128,Working,344,https://www.allzicradio.com/apple-touch-icon-120x120.png,"tags: rap,street,trap,urban",radio-browser,Europe/Paris
FR,Allzic Radio Reggae,,—,(unlisted),,Other,Other,French,None,Unknown,http://allzic43.ice.infomaniak.ch/allzic43.mp3,MP3,128,Working,1030,,"tags: ganja,jamaican,reggae,weed",radio-browser,Europe/Paris
FR,Allzic Radio Road 66,,—,(unlisted),,Music,Mixed music,French,None,Unknown,https://allzic37.ice.infomaniak.ch/allzic37.aac,AAC+,64,Working,31,,tags: music,radio-browser,Europe/Paris
FR,Allzic Radio Rock,,—,(unlisted),,Music,Rock / Alternative,English,None,Unknown,http://allzic17.ice.infomaniak.ch/allzic17.mp3,MP3,128,Working,384,http://www.allzicradio.com/favicon.ico,tags: rock,radio-browser,Europe/Paris
FR,Allzic Radio Summer,,—,(unlisted),,Music,Mixed music,French,None,Unknown,https://allzic42.ice.infomaniak.ch/allzic42.aac,AAC+,64,Working,17,,tags: music,radio-browser,Europe/Paris
FR,Allzic Radio TOP 10,,—,(unlisted),,Music,Mixed music,French,None,Unknown,https://allzic22.ice.infomaniak.ch/allzic22.aac,AAC+,64,Working,20,https://super-radio-global.devhub.top/logo/default.png,"tags: music,top 10",radio-browser,Europe/Paris
FR,Allzic Radio Top 20,,—,(unlisted),,Music,Electronic / Dance,French,None,Unknown,http://allzic41.ice.infomaniak.ch/allzic41.mp3,MP3,128,Working,314,https://www.allzicradio.com/apple-touch-icon-120x120.png,"tags: charts,dance,hits,hot hits,pop,top 20",radio-browser,Europe/Paris
FR,Allzic Radio Top 50,,—,(unlisted),,Music,Electronic / Dance,French,None,Unknown,http://allzic55.ice.infomaniak.ch/allzic55.mp3,MP3,128,Working,466,https://www.allzicradio.com/apple-touch-icon-120x120.png,"tags: charts,dance,hits,hot,pop,top",radio-browser,Europe/Paris
FR,Allzic Radio Zouk,,—,(unlisted),,Music,Mixed music,French,None,Unknown,https://allzic28.ice.infomaniak.ch/allzic28.mp3,MP3,128,Working,99,https://www.google.com/images/branding/googlelogo/2x/googlelogo_color_272x92dp.png,"tags: music,zouk",radio-browser,Europe/Paris
FR,Allzic Rap Fr,,—,(unlisted),,Other,Other,French,None,Unknown,http://allzic02.ice.infomaniak.ch/allzic02.mp3,MP3,128,Working,318,https://www.allzicradio.com/apple-touch-icon-120x120.png,tags: ,radio-browser,Europe/Paris
FR,ALLZIC REGGAE ,,—,(unlisted),,Other,Other,Franch,None,Unknown,http://allzic43.ice.infomaniak.ch/allzic43.mp3,MP3,128,Working,16,,tags: reggae,radio-browser,Europe/Paris
FR,Allzic Zouk,,—,(unlisted),,Other,Other,French,None,Unknown,http://allzic28.ice.infomaniak.ch/allzic28.mp3,MP3,128,Working,404,,tags: ,radio-browser,Europe/Paris
FR,Alouette,,—,(unlisted),,Other,Other,French,None,Unknown,http://alouette.ice.infomaniak.ch/alouette-high.mp3,MP3,128,Working,1445,https://bocir-prod-bucket.s3.amazonaws.com/radios/alouette/images/favicon.x-icon,tags: ,radio-browser,Europe/Paris
FR,ALOUETTE INDIE,,—,(unlisted),,Other,Other,French,None,Unknown,https://alouetteindie.ice.infomaniak.ch/alouetteindie-128.mp3,MP3,128,Working,36,,tags: ,radio-browser,Europe/Paris
FR,ALOUETTE INDRE ET LOIRE,,—,(unlisted),,Other,Other,French,None,Unknown,https://alouette-tours.ice.infomaniak.ch/alouette-tours-128.mp3,MP3,128,Working,10,https://www.alouette.fr/favicon.ico,tags: ,radio-browser,Europe/Paris
FR,Alouette Le Club,,—,(unlisted),,Other,Other,French,None,Unknown,https://alouetteleclub.ice.infomaniak.ch/alouetteleclub-128.mp3,MP3,128,Working,53,https://bocir-prod-bucket.s3.eu-west-1.amazonaws.com/radios/alouette/radiostream/CACNRjDCGu/vignette_NM9owAwwwM.png,tags: ,radio-browser,Europe/Paris
FR,ALOUETTE MAINE ET LOIRE,,—,(unlisted),,Other,Other,French,None,Unknown,https://alouette-angers.ice.infomaniak.ch/alouette-angers-128.mp3,MP3,128,Working,34,http://www.alouette.fr/favicon.ico,tags: ,radio-browser,Europe/Paris
FR,Alouette Nouveau Talents,,—,(unlisted),,Music,Pop,French,None,Unknown,https://alouettenouveauxtalents.ice.infomaniak.ch/alouettenouveauxtalents-128.mp3,MP3,128,Working,19,https://bocir-prod-bucket.s3.eu-west-1.amazonaws.com/radios/alouette/radiostream/Ekd89g4WHp/vignette_zqacsdAP1Y.png,"tags: adult contemporary,french pop,pop",radio-browser,Europe/Paris
FR,AlterNantes,,—,(unlisted),,Music,Rock / Alternative,French,None,Unknown,http://diffusion.lafrap.fr/alternantes.mp3,MP3,192,Working,415,,"tags: alternative,france,frankreich",radio-browser,Europe/Paris
FR,Alternative Radio,,—,(unlisted),,Music,World music,French,None,Unknown,https://www.radioking.com/play/alternative-radio-1,MP3,128,Working,3455,,"tags: electro,folk,funk,hiphop,jazz,rock,soul,world music",radio-browser,Europe/Paris
FR,Alternative Radio HD,,—,(unlisted),,Other,Other,French,None,Unknown,https://www.radioking.com/play/alternative-radio-1/224215,MP3,320,Working,111,,tags: international,radio-browser,Europe/Paris
FR,Amiga Paradise Radio,,—,(unlisted),,Music,Mixed music,English,None,Unknown,http://amigaparadise.com:8000/amigaparadise.mp3,MP3,,Working,3,https://amigaparadise.com/favicon.ico,"tags: amiga,chiptune,demoscene,game soundtrack,vgm,video game music",radio-browser,Europe/Paris
FR,Angel City FC | I Heart Radio,,—,(unlisted),,Other,Other,French,None,Unknown,https://stream.revma.ihrhls.com/zc9419/hls.m3u8,AAC,16,Working,2,,tags: ,radio-browser,Europe/Paris
FR,ARL - Aquitaine Radio Live,,—,(unlisted),,Music,Pop / Hits,French,None,Unknown,http://n38a-eu.rcs.revma.com/rxdsv41g88hvv,MP3,,Working,3,https://www.arlradio.fr/,"tags: hits,pop",radio-browser,Europe/Paris
FR,Atlantic 2000 international,,—,(unlisted),,Other,Other,French,None,Unknown,http://stream.zeno.fm/5hab4wx41xhvv,MP3,128,Working,15,http://radioatlantic2000.free.fr/favicon.ico,tags: ,radio-browser,Europe/Paris
FR,Atomic radio,,—,(unlisted),,Other,Other,French,None,Unknown,http://radios.topymedia.com:8032/,MP3,192,Working,351,http://www.atomicradio.fr/storage/2016/07/cropped-coctaillogotete-180x180.png,tags: ,radio-browser,Europe/Paris
FR,Attitude Radio,,—,(unlisted),,Other,Other,French,None,Unknown,http://178.32.222.164:8002/;,MP3,192,Working,3,,tags: ,radio-browser,Europe/Paris
FR,Autoroute Info 107.7 Zone Nord,,—,(unlisted),,Other,Other,French,None,Unknown,http://media.autorouteinfo.fr:8000/direct_nord.mp3,MP3,128,Working,736,,tags: ,radio-browser,Europe/Paris
FR,Autoroute Info 107.7 Zone Sud,,—,(unlisted),,Other,Other,French,None,Unknown,http://media.autorouteinfo.fr:8000/direct_sud.mp3,MP3,128,Working,295,http://www.autorouteinfo.fr/Templates/autorouteinfo_jpg.jpg?FileID=images%2520transversales%2fautorouteinfo_jpg.jpg,tags: ,radio-browser,Europe/Paris
FR,Awfully Awesome 80s,,—,(unlisted),,Music,Oldies / 80s-90s,"English,French",None,Unknown,http://psn3.prostreaming.net:8163/;,MP3,128,Working,35,https://www.awfullyawesomeeighties.com/favicon.ico,"tags: 80s,classic hits,oldies",radio-browser,Europe/Paris
FR,B2B dance club,,—,(unlisted),,Music,Electronic / Dance,French,None,Unknown,http://eu10.fastcast4u.com:8120/,MP3,128,Working,56,,tags: electronic,radio-browser,Europe/Paris
FR,B4B Deep House,,—,(unlisted),,Music,Electronic / Dance,"English,French",None,Unknown,http://eu10.fastcast4u.com:8120/,MP3,128,Working,3617,https://www.b4bradio.com/images/favicon.png,"tags: dance,deep house",radio-browser,Europe/Paris
FR,B4B Radio DISCO FUNK,,—,(unlisted),,Music,Jazz / Soul,English,None,Unknown,https://eu10.fastcast4u.com:8120/,MP3,128,Working,2458,,"tags: dance classics,disco funk,funk",radio-browser,Europe/Paris
FR,"badradio 24/7 OG Phonk, Memphis, Houston, Trap & Trill",,—,(unlisted),,Music,Hip-hop / Urban,French,None,Unknown,https://s2.radio.co/s2b2b68744/listen,MP3,320,Working,701,https://yt3.ggpht.com/ytc/AMLnZu8eXtkd-wn5s-Ww_RXId5AsUc0kqfM-1hikJJtzjw=s88-c-k-c0x00ffffff-no-rj,"tags: houston,phonk,trap,trap & trill",radio-browser,Europe/Paris
FR,BCC Blues Rock Radio,,—,(unlisted),,Other,Other,French,None,Unknown,https://radio12.pro-fhi.net/radio/9132/stream.mp3,MP3,256,Working,11,"https://www.bccrock.fr/media/yootheme/cache/ba/Logo_BCC_blues_ROCK-baa97e44.webp?src=images/logo/Logo_BCC_blues_ROCK.png&thumbnail=400,400,&type=webp,100&hash=69c0ddd3",tags: ,radio-browser,Europe/Paris
FR,BCC Classic Rock Radio,,—,(unlisted),,Other,Other,French,None,Unknown,https://radio12.pro-fhi.net/radio/9134/stream.mp3,MP3,256,Working,2,"https://www.bccrock.fr/media/yootheme/cache/e0/Logo_BCC_ROCK_-e037e6ac.webp?src=images/logo/Logo_BCC_ROCK_.png&thumbnail=400,400,&type=webp,100&hash=c6ecc033",tags: ,radio-browser,Europe/Paris
FR,Beaub'FM,,—,(unlisted),,Other,Other,Francaise,None,Unknown,http://beaubfm2.ice.infomaniak.ch/beaubfm2-96.mp3,MP3,192,Working,12,https://beaubfm.org/wordpress/wp-content/uploads/2024/11/logo-violet.png,tags: ,radio-browser,Europe/Paris
FR,Beem Boom Radio,,—,(unlisted),,Other,Other,French,None,Unknown,https://listen.radioking.com/radio/299368/stream/356549,MP3,192,Working,12,https://beemboomradio.com/favicon.ico,tags: ,radio-browser,Europe/Paris
FR,BFM radio,,—,(unlisted),,News & Talk,News & Talk,French,None,Unknown,https://audio.bfmtv.com/bfmradio_128.mp3,MP3,256,Working,22111,https://www.radio.fr/images/broadcasts/76/27/105095/3/c300.png,"tags: information,news",radio-browser,Europe/Paris
FR,BFM Radio (128.mp3),,—,(unlisted),,Other,Other,French,None,Unknown,https://audio.bfmtv.com/bfmradio_128.mp3,MP3,256,Working,4713,https://www.bfmtv.com/android-icon-192x192.png,tags: ,radio-browser,Europe/Paris
FR,Bide et Musique,,—,(unlisted),,Music,Oldies / 80s-90s,French,None,Unknown,https://relay2.bide-et-musique.com:9143/,MP3,128,Working,287,,tags: oldies,radio-browser,Europe/Paris
FR,Bide&Musique,,—,(unlisted),,Other,Other,French,None,Unknown,http://relay1.bide-et-musique.com:9100/,MP3,128,Working,5,https://direct-radio.fr/files/bide-et-musique.png,tags: ,radio-browser,Europe/Paris
FR,BIG BANG RADIO,,—,(unlisted),,Other,Other,French,None,Unknown,https://audio-edge-hy4wy.blr.d.radiomast.io/2b410ada-8653-40aa-a654-3e8954cf4a4d,OGG,1500,Working,43,https://bigbangradio.live/wp-content/uploads/2022/06/LOGO0080-big-bang.png,tags: ,radio-browser,Europe/Paris
FR,Big Cactus Classic Rock,,—,(unlisted),,Music,Rock / Alternative,English,None,Unknown,http://radio12.pro-fhi.net/radio/9134/stream.mp3,MP3,256,Working,187,https://cdn-radiotime-logos.tunein.com/s221218q.png,tags: classic rock,radio-browser,Europe/Paris
FR,Blackbox @Work,,—,(unlisted),,Other,Other,French,None,Unknown,http://blackboxwork.ice.infomaniak.ch/blackboxwork-128.mp3,MP3,128,Working,87,http://ecouter.lesindesradios.fr/logos/orange305.png,tags: ,radio-browser,Europe/Paris
FR,BlackBox classic US,,—,(unlisted),,Other,Other,French,None,Unknown,https://blackbox-classic-us.ice.infomaniak.ch/blackbox-classic-us.mp3,MP3,128,Working,558,https://bocir-prod-bucket.s3.eu-west-1.amazonaws.com/radios/blackbox/images/favicon.ico,tags: ,radio-browser,Europe/Paris
FR,BlackBox FR,,—,(unlisted),,Other,Other,French,None,Unknown,https://blackbox-fr.ice.infomaniak.ch/blackbox-fr.mp3,MP3,128,Working,78,https://bocir-prod-bucket.s3.eu-west-1.amazonaws.com/radios/blackbox/images/favicon.ico,tags: ,radio-browser,Europe/Paris
FR,BlackBox US,,—,(unlisted),,Other,Other,French,None,Unknown,https://blackbox-us.ice.infomaniak.ch/blackbox-us.mp3,MP3,128,Working,77,,tags: ,radio-browser,Europe/Paris
FR,bLaGuEs cOuRtEs,,—,(unlisted),,Other,Other,French,None,Unknown,https://radio.blagues-courtes.fr/stream,MP3,,Working,113,,"tags: blagues,jokes",radio-browser,Europe/Paris
FR,Blues Café Radio,,—,(unlisted),,Other,Other,"English,French",None,Unknown,https://manager4.streamradio.fr/bluescaferadio?x=1693763714913,MP3,192,Working,209,https://cdn.onlineradiobox.com/img/l/8/73528.v11.png,tags: ,radio-browser,Europe/Paris
FR,Brend Radio,,—,(unlisted),,Music,Pop / Hits,"English,French",None,Unknown,http://brendradio.com:8008/;stream.nsv?1687286261195,MP3,320,Working,8,,"tags: classic hits,hits,pop,top40",radio-browser,Europe/Paris
FR,bringthenoise,,—,(unlisted),,Music,Jazz / Soul,"English,French",None,Unknown,https://radio.bringthenoi.se/listen/dj_nocide/default,AAC,192,Working,3,https://bringthenoi.se/apple-touch-icon.png,"tags: disco,drum and bass,folk,funk,fusion,house,indie,jazz,pop,stoner rock",radio-browser,Europe/Paris
FR,Buddha Beach,,—,(unlisted),,Other,Other,French,None,Unknown,https://radio4.vip-radios.fm:18054/stream-128kmp3-BuddhaBeach,MP3,128,Working,382,https://www.vip-radios.fm/favicon.ico,tags: ,radio-browser,Europe/Paris
FR,C Lab,,—,(unlisted),,Music,World music,French,None,Unknown,http://stream.c-lab.fr:8001/c-lab,MP3,320,Working,158,https://www.c-lab.fr/apple-icon-120x120.png,"tags: electro,funk,hiphop,jazz,pop,rap,reggae,soul,world music",radio-browser,Europe/Paris
FR,C2L,,—,(unlisted),,Music,Mixed music,French,None,Unknown,http://srv2.streaming-ingenierie.fr:8164/;stream.nsv,MP3,320,Working,206,,"tags: music,variété",radio-browser,Europe/Paris
FR,C9 Radio,,—,(unlisted),,News & Talk,News & Talk,"English,French",None,Unknown,https://stream.c9.fr/c9radio-192.mp3,MP3,192,Working,10,https://www.c9.fr/favicon.ico,"tags: dance,pop,rock,talk,top 40",radio-browser,Europe/Paris
FR,C9Radio,,—,(unlisted),,Music,Pop / Hits,French,None,Unknown,http://newstream.c9.fr/c9radio-flac.ogg,OGG,128,Working,9,https://www.c9.fr/favicon.ico,tags: hits,radio-browser,Europe/Paris
FR,California-101,,—,(unlisted),,Other,Other,French,None,Unknown,http://194.150.236.178:8000/,MP3,128,Working,16,https://encrypted-tbn3.gstatic.com/images?q=tbn:ANd9GcQonNTaqBr0TuepPSpAcN0C3jUyDeDDDzLUO8mzr9we0T1AiRay,tags: ,radio-browser,Europe/Paris
FR,CAMP Radio,,—,(unlisted),,Music,Classical,"English,French",None,Unknown,https://listen.camp/campradio.ogg,OGG,,Working,16,https://favicon.im/listen.camp,"tags: ambient,avantgarde,classical music,cosmic,dream pop,drone,dub,electroacoustic,electronic,experimental,field recording,folk,hip hop,idm,improvisation,jazz,modern classical,multi genre,noise,poetry,post-punk,psychedelic,punk,shoegaze,soundart,soundscape,soundtrack,world",radio-browser,Europe/Paris
FR,Chansons oubliees ou presque,,—,(unlisted),,Music,Éntekhno / Chanson,French,None,Unknown,https://manager7.streamradio.fr:2580/stream?1701295921862,MP3,128,Working,106,,"tags: chansons françaises,french chansons",radio-browser,Europe/Paris
FR,Chante France 60's,,—,(unlisted),,Other,Other,French,None,Unknown,http://stream.chantefrance.com/cf-60,MP3,128,Working,3353,https://bocir-prod-bucket.s3.eu-west-1.amazonaws.com/radios/chante-france/images/favicon.x-icon,tags: 60s,radio-browser,Europe/Paris
FR,Chante France 70's,,—,(unlisted),,Other,Other,French,None,Unknown,http://stream.chantefrance.com/cf-70,MP3,128,Working,3993,,tags: 70s,radio-browser,Europe/Paris
FR,Chante France 80's,,—,(unlisted),,Music,Oldies / 80s-90s,French,None,Unknown,http://stream1.chantefrance.com/cf-80,MP3,128,Working,16683,https://bocir-prod-bucket.s3.eu-west-1.amazonaws.com/radios/chante-france/images/favicon.x-icon,tags: 80s,radio-browser,Europe/Paris
FR,Chante France Emotion,,—,(unlisted),,Other,Other,French,None,Unknown,http://stream.chantefrance.com/cf-emotion,MP3,128,Working,3483,https://bocir-prod-bucket.s3.eu-west-1.amazonaws.com/radios/chante-france/images/favicon.x-icon,tags: ,radio-browser,Europe/Paris
FR,Chante France Nouveautés,,—,(unlisted),,Music,Éntekhno / Chanson,French,None,Unknown,http://stream.chantefrance.com/cf-nouveautes.aac,AAC+,96,Working,2702,https://bocir-prod-bucket.s3.eu-west-1.amazonaws.com/radios/chante-france/images/favicon.x-icon,tags: chansons françaises,radio-browser,Europe/Paris
FR,Chaos Radio,,—,(unlisted),,Music,Mixed music,"English,French",None,Unknown,http://5.135.177.61:8000/;stream/1,MP3,320,Working,82,http://chaos-radio.fr/assets/icons/icon-128x128.png,tags: music,radio-browser,Europe/Paris
FR,Chillofi radio,,—,(unlisted),,Other,Other,English,None,Unknown,http://streams.dez.ovh:8000/radio.mp3,MP3,192,Working,1115,https://chillofi-radio.dez.ovh/img/clofi-logo.jpg,"tags: chill,chillhop,chillout,lo-fi",radio-browser,Europe/Paris
FR,Chillofi Radio: relax & study beats,,—,(unlisted),,Music,Mixed music,French,None,Unknown,http://rdstream-0625.dez.ovh:8000/radio.mp3,MP3,192,Working,658,https://chillofi-radio.dez.ovh/img/clofi-logo.jpg,"tags: chill,chillhop,chillout,lo-fi,music for study,relax,relaxing",radio-browser,Europe/Paris
FR,Christmas hits 1,,—,(unlisted),,Other,Other,English,None,Unknown,https://hits1christmas-audiomediaradio.radioca.st/christmas,MP3,192,Working,18,https://www.hits1radio.com/wp-content/uploads/2019/03/dummy-e1554135926529.jpg,tags: ,radio-browser,Europe/Paris
FR,Chérie FM 2000,,—,(unlisted),,Other,Other,French,None,Unknown,https://streaming.nrjaudio.fm/ouf2ebtx4thg,MP3,128,Working,2,,"tags: cherie fm,webradio",radio-browser,Europe/Paris
FR,Chérie FM Acoustic,,—,(unlisted),,Other,Other,French,None,Unknown,https://streaming.nrjaudio.fm/ouw8wysk6j4d?origine=fluxradios&aw_0_1st.station=CHERIE-ACOUSTIC,MP3,128,Working,3,,tags: ,radio-browser,Europe/Paris
FR,Cinemix,,—,(unlisted),,Music,Mixed music,French,None,Unknown,https://kathy.torontocast.com:1825/stream,MP3,128,Working,1062,,"tags: film music,film scores,instrumental,soundtrack",radio-browser,Europe/Paris
FR,Classic FM,,—,(unlisted),,Music,Classical,French,None,Unknown,http://classicfm.ice.infomaniak.ch/classic-fm.mp3,MP3,128,Working,369,,tags: classical,radio-browser,Europe/Paris
FR,Classic FM France,,—,(unlisted),,Other,Other,French,None,Unknown,https://classicfm.ice.infomaniak.ch/classic-fm.mp3,MP3,128,Working,310,,tags: ,radio-browser,Europe/Paris
FR,CLASSIC HITS RADIO,,—,(unlisted),,Music,Jazz / Soul,English,None,Unknown,http://www.play4.fr/play4-club.mp3,AAC+,192,Working,423,,"tags: 1970s,1980s,70's,70s,70s disco,80,80's,80s,boogie,classic hits,disco funk,funk,funky,modern soul",radio-browser,Europe/Paris
FR,Clazz,,—,(unlisted),,Other,Other,French,None,Unknown,http://stream.rcs.revma.com/w18s9m7mfm3vv,MP3,,Working,4,,tags: ,radio-browser,Europe/Paris
FR,CLAZZ Radio,,—,(unlisted),,Other,Other,French,None,Unknown,https://stream.rcs.revma.com/xsycwftnfm3vv,AAC,,Working,9,https://medias.lesindesradios.fr/t:app(web)/t:r(Nmdqu9nR2l)/fit-in/300x2000/filters:format(webp)/filters:quality(100)/radios/clazz/images/logo_Y0XNpUiBm6.png,tags: ,radio-browser,Europe/Paris
FR,CN'O,,—,(unlisted),,Other,Other,French,None,Unknown,http://master.net-radio.fr/cno-96.aac,AAC,96,Working,3,https://www.cno-radio.fr/assets/img/basic/logo.png,tags: ,radio-browser,Europe/Paris
FR,Collector Radio,,—,(unlisted),,Other,Other,French,None,Unknown,https://ouifm6.ice.infomaniak.ch/collector-rnt.mp3?ua=InfomaniakPlayer,MP3,128,Working,17,https://images.lesindesradios.fr/filters:quality(100)/radios/collector-radio/images/logo.png,tags: ,radio-browser,Europe/Paris
FR,COMALA Radio,,—,(unlisted),,Music,Jazz / Soul,French,None,Unknown,http://www.radioking.com/play/supag,MP3,128,Working,211,,"tags: afro,brasil,disco,funk,global,groove,hiphop,house,jazz,oriental,soul",radio-browser,Europe/Paris
FR,Comtoise Radio,,—,(unlisted),,Other,Other,French,None,Unknown,https://stream.tiennot.net/comtoise.aac,AAC,192,Working,2,https://www.comtoiseradio.fr/images/logo.png,tags: ,radio-browser,Europe/Paris
FR,Cool Radio,,—,(unlisted),,Music,Jazz / Soul,French,None,Unknown,https://listen.radioking.com/radio/530131/stream/588580,MP3,128,Working,23,"https://static.wixstatic.com/media/a276e6_268d8bb5969c4360808f3688aa0f7ce4~mv2.png/v1/fill/w_454,h_454,al_c,q_85,usm_0.66_1.00_0.01,enc_auto/LOGO%20COOL%20RADIO%20MAI%202023.png","tags: lounge music,musique du monde,smooth jazz",radio-browser,Europe/Paris
FR,coran radio,,—,(unlisted),,Music,Classical,French,None,Unknown,https://n0a.radiojar.com/0tpy1h0kxtzuv?rj-ttl=5&rj-tok=AAABhdgGORQA-2acfyF3_4WY2g,MP3,,Working,894,https://i.pinimg.com/564x/3a/a1/a1/3aa1a107c9434ca52b42b2dd0ffc896f.jpg,tags: classical,radio-browser,Europe/Paris
FR,COTE SUD FM,,—,(unlisted),,Other,Other,French,None,Unknown,https://sd-151888.dedibox.fr/proxy/cotesud/csfm,MP3,128,Working,5,,tags: ,radio-browser,Europe/Paris
FR,Couleurs JAZZ,,—,(unlisted),,Music,Jazz / Soul,French,None,Unknown,https://www.radioking.com/play/couleurs-jazz/216016,MP3,320,Working,320,,tags: jazz,radio-browser,Europe/Paris
FR,CouleursJAZZ,,—,(unlisted),,Other,Other,French,None,Unknown,https://listen.radioking.com/radio/127546/stream/167344,MP3,128,Working,36,https://couleursjazz.fr/wp-content/uploads/2020/04/favicon.ico,tags: ,radio-browser,Europe/Paris
FR,CP2077 - Impulse 99.9,,—,(unlisted),,Other,Other,English,None,Unknown,http://82.65.103.36:8000/impulse,MP3,,Working,2,https://www.nexusxiv.fr/media/radio/logos/99.9_Impulse.webp,tags: ,radio-browser,Europe/Paris
FR,CPC Scene Radio,,—,(unlisted),,Other,Other,French,None,Unknown,https://a1.asurahosting.com/listen/cpc_scene_radio/radio.mp3,MP3,128,Working,13,,"tags: chiptune,chiptunes",radio-browser,Europe/Paris
FR,Crazy Radio,,—,(unlisted),,Other,Other,French,None,Unknown,https://radio10.pro-fhi.net/flux-bphdrtog/stream?1722411025208,MP3,320,Working,4,https://www.crazyradio.fr/wp-content/uploads/2020/10/Suivez-Sportissimeaux-01-300x122.png,tags: ,radio-browser,Europe/Paris
FR,Crooner Radio,,—,(unlisted),,Other,Other,French,None,Unknown,https://direct.croonerradio.fr/croonerradio-midfi.mp3,MP3,128,Working,191,https://www.croonerradio.fr/favicon.ico,"tags: crooner,crooners",radio-browser,Europe/Paris
FR,Crooner Radio - Movies,,—,(unlisted),,Music,Mixed music,English,None,Unknown,https://croonerradio_movies.ice.infomaniak.ch/croonerradio-movies-midfi.mp3,MP3,128,Working,43,,"tags: crooner,movie music,music",radio-browser,Europe/Paris
FR,Crooner Radio American,,—,(unlisted),,Other,Other,French,None,Unknown,http://croonerradio_american.ice.infomaniak.ch/croonerradio-american-midfi.mp3,MP3,128,Working,287,,tags: ,radio-browser,Europe/Paris
FR,Crooner Radio Barbra Streisand,,—,(unlisted),,Music,Jazz / Soul,English,None,Unknown,http://croonerradio_barbrastreisand.ice.infomaniak.ch/croonerradio-barbrastreisand-midfi.mp3,MP3,128,Working,41,https://www.croonerradio.fr/wp-content/uploads/2023/02/LOGO-CROONER-RADIO-WR-BARBRA-STREISAND.jpg,"tags: barbra,barbra streisand,crooner,crooners,oldies,smooth,smoothest songs,streisand,vocal jazz",radio-browser,Europe/Paris
FR,Crooner Radio Celine Dion,,—,(unlisted),,Music,Jazz / Soul,English,None,Unknown,http://croonerradio_celinedion.ice.infomaniak.ch/croonerradio-celinedion-midfi.mp3,MP3,128,Working,52,https://www.croonerradio.fr/wp-content/uploads/2023/02/LOGO-CROONER-RADIO-WR-CELINE-DION-1.jpg,"tags: celine,celine dion,crooner,crooners,dion,female vocals,smooth,smoothest songs,vocal jazz",radio-browser,Europe/Paris
FR,Crooner Radio Christmas,,—,(unlisted),,Religious,Religious,French,None,Unknown,http://croonerradio_christmas.ice.infomaniak.ch/croonerradio-christmas-midfi.mp3,MP3,128,Working,97,https://www.croonerradio.fr/favicon.ico,"tags: christmas,crooner radio",radio-browser,Europe/Paris
FR,Crooner Radio Classic Gold,,—,(unlisted),,Music,Pop / Hits,French,None,Unknown,http://croonerradio_classicgold.ice.infomaniak.ch/croonerradio-classicgold-midfi.mp3,MP3,128,Working,398,https://www.croonerradio.fr/wp-content/uploads/2021/06/LOGO-CROONER-RADIO-WR-CLASSIC-GOLD.jpg,"tags: classic hits,crooner",radio-browser,Europe/Paris
FR,Crooner Radio Dean Martin,,—,(unlisted),,Music,Jazz / Soul,English,None,Unknown,http://croonerradio_deanmartin.ice.infomaniak.ch/croonerradio-deanmartin-midfi.mp3,MP3,128,Working,187,https://www.croonerradio.fr/wp-content/uploads/2023/02/LOGO-CROONER-RADIO-WR-DEAN-MARTIN.jpg,"tags: crooner,crooners,dean,dean martin,martin,oldies,smooth,smoothest songs,vocal jazz",radio-browser,Europe/Paris
FR,Crooner Radio Elvis Presley,,—,(unlisted),,Other,Other,French,None,Unknown,http://croonerradio_elvispresley.ice.infomaniak.ch/croonerradio-elvispresley-midfi.mp3,MP3,128,Working,213,,"tags: crooner radio,elvis presley",radio-browser,Europe/Paris
FR,Crooner Radio Frenchy,,—,(unlisted),,Other,Other,French,None,Unknown,http://croonerradio_frenchy.ice.infomaniak.ch/croonerradio-frenchy-midfi.mp3,MP3,128,Working,139,https://www.croonerradio.fr/favicon.ico,"tags: crooner,french",radio-browser,Europe/Paris
FR,Crooner Radio Gentlemen Drivers,,—,(unlisted),,Music,Jazz / Soul,English,None,Unknown,http://croonerradio_gentlemendrivers.ice.infomaniak.ch/croonerradio-gentlemendrivers-midfi.mp3,MP3,128,Working,113,https://www.croonerradio.fr/wp-content/uploads/2023/02/LOGO-CROONER-RADIO-WR-GENTLEMEN-DRIVERS.jpg,"tags: crooner,crooner radio,crooners,gentlemen drivers,oldies,smooth,smoothest songs,vocal jazz",radio-browser,Europe/Paris
FR,Crooner Radio Italiano,,—,(unlisted),,Music,Jazz / Soul,"English,Italian",None,Unknown,http://croonerradio_italiano.ice.infomaniak.ch/croonerradio-italiano-midfi.mp3,MP3,128,Working,137,https://www.croonerradio.fr/wp-content/uploads/2021/06/LOGO-CROONER-RADIO-WR-ITALIANO.jpg,"tags: crooner,crooner radio,crooners,italiano,oldies,smooth,smoothest songs,vocal jazz",radio-browser,Europe/Paris
FR,Crooner Radio Julio Iglesias,,—,(unlisted),,Other,Other,French,None,Unknown,https://croonerradio_julioiglesias.ice.infomaniak.ch/croonerradio-julioiglesias-midfi.mp3,MP3,128,Working,4,https://www.croonerradio.fr/wp-content/uploads/2019/04/crooner-julio-iglesias-bio-190424.png,tags: ,radio-browser,Europe/Paris
FR,Crooner Radio Legends,,—,(unlisted),,Music,Jazz / Soul,French,None,Unknown,http://croonerradio_legends.ice.infomaniak.ch/croonerradio-legends-midfi.mp3,MP3,128,Working,521,,"tags: crooners,goldies,oldies,sinatra,smooth jazz,vocal jazz",radio-browser,Europe/Paris
FR,Crooner Radio Lounge,,—,(unlisted),,Other,Other,French,None,Unknown,http://croonerradio_lounge.ice.infomaniak.ch/croonerradio-lounge-midfi.mp3,MP3,128,Working,269,https://www.croonerradio.fr/favicon.ico,tags: lounge,radio-browser,Europe/Paris
FR,Crooner Radio Love (Romantique),,—,(unlisted),,Music,Jazz / Soul,English,None,Unknown,http://croonerradio_love.ice.infomaniak.ch/croonerradio-love-midfi.mp3,MP3,128,Working,137,https://www.croonerradio.fr/wp-content/uploads/2023/02/LOGO-CROONER-RADIO-WR-LOVE.jpg,"tags: crooner,crooner radio,crooners,love songs,oldies,romantique,smooth,smoothest songs,vocal jazz",radio-browser,Europe/Paris
FR,Crooner Radio Michael Buble,,—,(unlisted),,Music,Jazz / Soul,English,None,Unknown,http://croonerradio_michaelbuble.ice.infomaniak.ch/croonerradio-michaelbuble-midfi.mp3,MP3,128,Working,60,https://www.croonerradio.fr/wp-content/uploads/2019/05/LOGO-CROONER-RADIO-WR-MICHAEL-BUBLE.jpg,"tags: buble,crooner,crooner radio,crooners,michael,michael buble,smooth,smoothest songs,vocal jazz",radio-browser,Europe/Paris
FR,Crooner Radio Premium,,—,(unlisted),,Other,Other,French,None,Unknown,http://croonerradio_inprivate.ice.infomaniak.ch/croonerradio-inprivate-midfi.mp3,MP3,128,Working,186,https://www.croonerradio.fr/favicon.ico,tags: ,radio-browser,Europe/Paris
FR,Crooner Radio Swing ,,—,(unlisted),,Other,Other,French,None,Unknown,http://croonerradio_swing.ice.infomaniak.ch/croonerradio-swing-midfi.mp3,MP3,128,Working,377,https://www.croonerradio.fr/favicon.ico,tags: swing,radio-browser,Europe/Paris
FR,Crooner Radio Zen,,—,(unlisted),,Other,Other,French,None,Unknown,http://croonerradio_zen.ice.infomaniak.ch/croonerradio-zen-midfi.mp3,MP3,128,Working,273,,tags: ,radio-browser,Europe/Paris
FR,Cuberadio.fr,,—,(unlisted),,Other,Other,French,None,Unknown,https://api.cuberadio.fr/play,MP3,128,Working,18,,tags: amateur radio,radio-browser,Europe/Paris
FR,Delta FM,,—,(unlisted),,Music,Mixed music,French,None,Unknown,http://deltafmboulogne.ice.infomaniak.ch/deltafmboulogne-high.mp3,MP3,320,Working,18,,tags: musique,radio-browser,Europe/Paris
FR,DELTA FM - Terre de Camargue,,—,(unlisted),,Other,Other,French,None,Unknown,http://stream.radios-arra.fr:8000/deltafm,MP3,128,Working,26,,tags: ,radio-browser,Europe/Paris
FR,DHECTAR,,—,(unlisted),,Other,Other,French,None,Unknown,https://manager.dhectar.fr:1065/stream,MP3,320,Working,10,,tags: ,radio-browser,Europe/Paris
FR,Discothèque Fantastique Radio,,—,(unlisted),,Music,Jazz / Soul,English,None,Unknown,https://radio.discothequefantastique.org/listen/discotheque_fantastique_radio/radio.mp3,MP3,320,Working,7,https://discothequefantastique.org/wp-content/uploads/2026/03/cropped-logo-small-1-300x168.png,"tags: balearic,boogie,disco,funk,jazz,reggae,soul",radio-browser,Europe/Paris
FR,Discover trance,,—,(unlisted),,Music,Electronic / Dance,French,None,Unknown,https://uk01.discovertrance.com/;*.mp3,MP3,192,Working,85,,"tags: electronic,progressive trance,trance",radio-browser,Europe/Paris
FR,Djam Radio - AAC192LC,,—,(unlisted),,Other,Other,French,None,Unknown,https://stream9.xdevel.com/audio1s976748-1515/stream/icecast.audio,AAC+,,Working,984,https://static.wixstatic.com/media/8f2aad_b81fa83db54340c3af97af5cf2cd0d0e~mv2.png,tags: ,radio-browser,Europe/Paris
FR,Djam Radio - Flac 1411 Kbps,,—,(unlisted),,Other,Other,French,None,Unknown,https://stream10.xdevel.com/audio15s976748-2280/stream/icecast.audio,OGG,,Working,766,https://static.wixstatic.com/media/8f2aad_f0ad87746b3f4cebb1e67e1a25e89b6e~mv2.png,tags: ,radio-browser,Europe/Paris
FR,DnBRadio.com - Main Channel (FR Mirror),,—,(unlisted),,Other,Other,French,None,Unknown,http://ildnb1.dnbradio.com:8000/dnbradio_main.mp3,MP3,320,Working,141,https://i.imgur.com/txk5cnh.jpg,"tags: dnb,drum & bass,drum 'n' bass,drum and bass,drum n bass,drum&bass,drum'n'bass,drumn bass,liquid dnb",radio-browser,Europe/Paris
FR,Droogies,,—,(unlisted),,Music,Rock / Alternative,French,None,Unknown,http://www.droogies.org:8000/stream,MP3,128,Working,73,http://www.droogies.org/css/radio-page/img/logo.png,"tags: hardcore,oi!,punk,reggae,rocksteady",radio-browser,Europe/Paris
FR,dubsideradio,,—,(unlisted),,Other,Other,French,None,Unknown,https://puma.streemlion.com:5505/stream,MP3,320,Working,56,,"tags: dub,reggae",radio-browser,Europe/Paris
FR,dub🌴'issimo,,—,(unlisted),,Other,Other,French,None,Unknown,http://stream.zeno.fm/bq72xm4z61zuv,MP3,96,Working,93,https://zeno.fm/favicon.ico,tags: ,radio-browser,Europe/Paris
FR,Décibel FM,,—,(unlisted),,Other,Other,Francaise,None,Unknown,http://str20.creacast.com/decibel_fm,MP3,320,Working,9,https://cdn.helloasso.com/img/photos/croppedimage-9a2bb36cac714097b3d657883bc4e480.png?quality=80&width=920&height=240&img_format=webp,tags: ,radio-browser,Europe/Paris
FR,E-KWALITY RADIO,,—,(unlisted),,Other,Other,French,None,Unknown,https://www.radioking.com/play/e-kwality-radio/478513,AAC+,64,Working,30,https://e-kwalityradio.com/wp-content/uploads/2023/11/LogoTransp_FondFonce_650x200.png,tags: ,radio-browser,Europe/Paris
FR,Echo FM,,—,(unlisted),,News & Talk,News & Talk + Music,French,None,Unknown,https://radio5.pro-fhi.net/flux-ghergigw/stream,MP3,128,Working,5,https://echo-fm.fr/upload/54f46f2956d752.40262468.ico,"tags: local news,local radio,music",radio-browser,Europe/Paris
FR,EIPM,,—,(unlisted),,Other,Other,French,None,Unknown,https://stunnel1.cyber-streaming.com:9046/stream?type=http&nocache=30,MP3,192,Working,18,https://radio-eipm.fr/favicon.ico,tags: misc,radio-browser,Europe/Paris
FR,EklectyWaves - The Sharing Radio,,—,(unlisted),,Music,Rock / Alternative,"English,French",None,Unknown,https://play.radioking.io/eklectywaves-the-sharing-radio,MP3,128,Working,23,https://www.radioplug.co.uk/img/channel/19-03-2025-22-43-21-c.png,"tags: blues,classic rock,metal,pop rock,progressive,rock,world",radio-browser,Europe/Paris
FR,Eko Des Garrigues ,,—,(unlisted),,Music,Electronic / Dance,French,None,Unknown,https://radio.ekodesgarrigues.com/eko-des-garrigues-256k.ogg,OGG,320,Working,5,https://www.ekodesgarrigues.com/local/cache-vignettes/L69xH60/siteon0-e6dcd.jpg,"tags: dnb,electronic",radio-browser,Europe/Paris
FR,ELECTRO CHOC,,—,(unlisted),,Other,Other,French,None,Unknown,https://manager.conceptradio.fr:1255/stream?x=1778074871622,MP3,320,Working,2,https://www.radioelectrochoc.com/image/logo_electrochoc.png,tags: ,radio-browser,Europe/Paris
FR,ELECTRO radio,,—,(unlisted),,Other,Other,French,None,Unknown,http://stream.electroradio.fr:8030/live,MP3,128,Working,2,https://www.electroradio.fr/wp-content/uploads/2024/07/bANNER-1500-X-660.png,tags: ,radio-browser,Europe/Paris
FR,Energy Classics rap us,,—,(unlisted),,Music,Hip-hop / Urban,French,None,Unknown,https://streaming.nrjaudio.fm/oupn23bgddr9,MP3,128,Working,2,,tags: hip hop,radio-browser,Europe/Paris
FR,Espace Club,,—,(unlisted),,Other,Other,French,None,Unknown,http://espace100.ice.infomaniak.ch/espace100-high.mp3,MP3,128,Working,51,https://www.radioespace.com/apple-touch-icon-120x120.png,tags: ,radio-browser,Europe/Paris
FR,Espace Dance 90,,—,(unlisted),,Other,Other,French,None,Unknown,http://espace-disco.ice.infomaniak.ch/espace-disco-high.mp3,MP3,128,Working,1279,https://www.radioespace.com/apple-touch-icon-120x120.png,tags: ,radio-browser,Europe/Paris
FR,Espace Dancefloor,,—,(unlisted),,Other,Other,French,None,Unknown,http://espace-dancefloor.ice.infomaniak.ch/espace-dancefloor-high.mp3,MP3,128,Working,87,https://www.radioespace.com/apple-touch-icon-120x120.png,tags: ,radio-browser,Europe/Paris
FR,Espace Hot 30,,—,(unlisted),,Other,Other,French,None,Unknown,http://espace-vintage.ice.infomaniak.ch/espace-vintage-high.mp3,MP3,128,Working,19,http://www.radioespace.com/favicon.ico,tags: ,radio-browser,Europe/Paris
FR,ESSENTIEL Bible,,—,(unlisted),,Other,Other,French,None,Unknown,http://essentielradioing.streamakaci.com/essentielbible.mp3,MP3,128,Working,38,http://www.essentielradio.com/upload/5b26b4bf024887.93808522.ico,tags: bible,radio-browser,Europe/Paris
FR,ESSENTIEL kidz,,—,(unlisted),,Music,Children,French,None,Unknown,http://essentielradioing.streamakaci.com/essentielkidz.mp3,MP3,128,Working,30,http://www.essentielradio.com/upload/Radios%20digitales/ESSENTIELKidz1200.png,tags: kids,radio-browser,Europe/Paris
FR,ESSENTIEL radio,,—,(unlisted),,Religious,Religious,French,None,Unknown,http://essentielradioing.streamakaci.com/essentielradio.mp3,MP3,128,Working,19,http://www.essentielradio.com/upload/5b26b4bf024887.93808522.ico,"tags: gospel,pop rock",radio-browser,Europe/Paris
FR,ESSENTIEL.fr,,—,(unlisted),,Religious,Religious,French,None,Unknown,http://cdnradio.streamakaci.com/essentielfr.mp3,MP3,128,Working,15,http://www.essentielradio.com/upload/Radios%20digitales/ESSENTIEL.fr1200.png,"tags: gospel,pop rock",radio-browser,Europe/Paris
FR,EURadio,,—,(unlisted),,Other,Other,French,None,Unknown,https://euradio.fr/stream/,MP3,256,Working,16,https://euradio.fr/apple-touch-icon.png,tags: ,radio-browser,Europe/Paris
FR,Eurodance 90,,—,(unlisted),,Other,Other,French,None,Unknown,https://stream-eurodance90.fr/radio/8000/128.mp3,MP3,128,Working,46,https://eurodance90.fr/img/logos/logo.png?1723690752,tags: ,radio-browser,Europe/Paris
FR,EuroDance 90 radio,,—,(unlisted),,Music,Electronic / Dance,French,None,Unknown,https://stream-eurodance90.fr/radio/8000/128.mp3?1627933323,MP3,128,Working,43234,https://eurodance90.fr/favicon.ico,"tags: dancefloor,electronic dance music,eurodance,pop dance,pop music",radio-browser,Europe/Paris
FR,Europa Radio Jazz HD,,—,(unlisted),,Music,Jazz / Soul,French,None,Unknown,https://streams.radiomast.io/818607ce-8815-42fb-8dfc-344234a0ff83,AAC,320,Working,58,,tags: jazz,radio-browser,Europe/Paris
FR,Europa Radio Jazz SD,,—,(unlisted),,Music,Jazz / Soul,French,None,Unknown,https://streams.radiomast.io/818607ce-8815-42fb-8dfc-344234a0ff83,AAC,320,Working,12,,tags: jazz,radio-browser,Europe/Paris
FR,Europe 1 Musique,,—,(unlisted),,Other,Other,French,None,Unknown,https://wr.lmn.fm/e1-wr5.aac?aw_0_1st.playerid=lgrdnwsRadioplayer,AAC+,128,Working,383,,tags: ,radio-browser,Europe/Paris
FR,Europe 1 Musique Classique,,—,(unlisted),,Other,Other,French,None,Unknown,https://wr.lmn.fm/e1-wr3.aac?aw_0_1st.playerid=lgrdnwsRadioplayer,AAC+,128,Working,464,"https://resize-europe1.lanmedia.fr/f/webp/r/622,311,forcex,center-middle/img/var/europe1/storage/images/europe1/culture/nouveau-ecoutez-europe-musiqueclassique-4095055/58235479-1-fre-FR/NOUVEAU-Ecoutez-Europe-musique-classique.png",tags: classic,radio-browser,Europe/Paris
FR,Europe 2 aac,,—,(unlisted),,Music,Pop,French,None,Unknown,http://europe2.lmn.fm/europe2.aac,AAC,128,Working,32,,tags: pop,radio-browser,Europe/Paris
FR,Europe 2 Centre,,—,(unlisted),,Other,Other,French,None,Unknown,https://europe2.lmn.fm/europe2-37000/playlist.m3u8,AAC,127,Working,53,https://www.facebook.com/favicon.ico,tags: ,radio-browser,Europe/Paris
FR,Europe 2 Classics,,—,(unlisted),,Music,Rock / Alternative,French,None,Unknown,https://europe2.lmn.fm/vr-wr2.mp3?aw_0_1st.playerid=lagardereappVirgin,MP3,128,Working,382,https://www.europe2.fr/wp-content/themes/melty/europeradio/assets/images/radio/radio_2002.png,"tags: pop,pop rock,rock",radio-browser,Europe/Paris
FR,Europe 2 Happy Rock Hours,,—,(unlisted),,Music,Rock / Alternative,French,None,Unknown,https://europe2.lmn.fm/vr-wr5.mp3?aw_0_1st.playerid=lagardereappVirgin,MP3,128,Working,167,https://www.europe2.fr/wp-content/themes/melty/europeradio/assets/images/radio/radio_2005.png,"tags: pop rock,rock",radio-browser,Europe/Paris
FR,Europe 2 Hits,,—,(unlisted),,Music,Rock / Alternative,French,None,Unknown,https://europe2.lmn.fm/vr-wr4.mp3?aw_0_1st.playerid=lagardereappVirgin,MP3,128,Working,181,,tags: pop rock,radio-browser,Europe/Paris
FR,Europe 2 Maine et loire,,—,(unlisted),,Other,Other,French,None,Unknown,https://europe2.lmn.fm/europe2-49000/playlist.m3u8,AAC,127,Working,11,,tags: ,radio-browser,Europe/Paris
FR,"Europe 2 Mix / Rock, Electro, Pop",,—,(unlisted),,Music,Rock / Alternative,French,None,Unknown,https://europe2.lmn.fm/vr-wr6.mp3?aw_0_1st.playerid=lagardereappVirgin,MP3,128,Working,60,https://www.europe2.fr/wp-content/themes/melty/europeradio/assets/images/radio/radio_wr6_v2.jpg,"tags: electro,pop,rock",radio-browser,Europe/Paris
FR,Europe 2 New,,—,(unlisted),,Music,Rock / Alternative,French,None,Unknown,https://europe2.lmn.fm/vr-wr1.mp3?aw_0_1st.playerid=lagardereappVirgin,MP3,128,Working,50,https://www.europe2.fr/wp-content/themes/melty/europeradio/assets/images/radio/radio_2001.png,tags: pop rock,radio-browser,Europe/Paris
FR,Europe 2 Nouvelle Scène,,—,(unlisted),,Music,Rock / Alternative,French,None,Unknown,https://europe2.lmn.fm/vr-wr8.mp3?aw_0_1st.playerid=lagardereappVirgin,MP3,128,Working,52,https://www.europe2.fr/wp-content/themes/melty/europeradio/assets/images/radio/radio_2008.png,"tags: french pop,pop,pop rock",radio-browser,Europe/Paris
FR,Europe 2 Radio Officiel,,—,(unlisted),,Music,Rock / Alternative,French,None,Unknown,https://europe2.lmn.fm/europe2-57600/playlist.m3u8?aw_0_1st.playerid=lagardereappEurope2,AAC,127,Working,1280,,tags: pop rock,radio-browser,Europe/Paris
FR,Evasion,,—,(unlisted),,Other,Other,French,None,Unknown,http://stream.evasionfm.com/stream.mp3,MP3,128,Working,41,,tags: ,radio-browser,Europe/Paris
FR,F. HITS,,—,(unlisted),,Other,Other,French,None,Unknown,https://listen.f-group.fr/listen/fhits/fhits_96.aac,AAC,,Working,4,https://www.fhits.fr/inc/img/FHITS_LOGO.png,tags: ,radio-browser,Europe/Paris
FR,FB Haute Normandie ,,—,(unlisted),,Other,Other,French,None,Unknown,http://direct.francebleu.fr/live/fbhautenormandie-midfi.mp3,MP3,128,Working,9,,tags: country,radio-browser,Europe/Paris
FR,Feeling Floyd,,—,(unlisted),,Other,Other,Francaise,None,Unknown,http://5.39.71.39:8007/stream,MP3,192,Working,42,,tags: ,radio-browser,Europe/Paris
FR,Feeling Floyd Rock,,—,(unlisted),,Music,Rock / Alternative,French,None,Unknown,http://91.121.59.45:8013/stream,MP3,192,Working,406,http://www.feelingfloydrock.com/favicon.ico,"tags: 70s,80s,90er,pink floyd,pop rock,rock",radio-browser,Europe/Paris
FR,FG Classics,,—,(unlisted),,Music,Electronic / Dance,French,None,Unknown,https://stream.rcs.revma.com/wknqhm4yuchvv?CAID=202605180046506038991434,MP3,,Working,23,https://www.radiofg.com/favicon.ico,"tags: dance,house",radio-browser,Europe/Paris
FR,FG Disco Funk,,—,(unlisted),,Other,Other,French,None,Unknown,http://radiofg.impek.com/fg16.mp3,MP3,,Working,7,,tags: ,radio-browser,Europe/Paris
FR,FIP (hifi + metadata),,—,(unlisted),,Music,Mixed music,French,None,Unknown,http://radio-metadata.fr:8000/fip,AAC,192,Working,100,https://upload.wikimedia.org/wikipedia/commons/thumb/1/16/FIP_logo_2021.svg/960px-FIP_logo_2021.svg.png,"tags: eclectic,music,radio france",radio-browser,Europe/Paris
FR,FIP (hifi.aac),,—,(unlisted),,Other,Other,French,None,Unknown,https://icecast.radiofrance.fr/fip-hifi.aac,AAC,192,Working,172,,tags: misc,radio-browser,Europe/Paris
FR,FIP (metadata),,—,(unlisted),,Music,Mixed music,French,None,Unknown,http://radio-metadata.fr:8000/fip,AAC,192,Working,86,https://www.radiofrance.fr/dist/favicons/logo-192.png,"tags: music,radio france",radio-browser,Europe/Paris
FR,FIP (no pub),,—,(unlisted),,Other,Other,French,None,Unknown,https://stream.radiofrance.fr/fip/fip_hifi.m3u8,UNKNOWN,,Working,1189,https://www.radiofrance.fr/s3/cruiser-production/2023/03/3a1422a4-6f1f-4e17-874c-bad21e67f39b/300x300_sc_fip-avatar.jpg,"tags: eclectic,m3u8,public radio,radio france",radio-browser,Europe/Paris
FR,FIP aac,,—,(unlisted),,Other,Other,French,None,Unknown,http://icecast.radiofrance.fr/fip-hifi.aac,AAC,192,Working,12,,tags: ,radio-browser,Europe/Paris
FR,FIP autour de l’électro,,—,(unlisted),,Music,Electronic / Dance,French,None,Unknown,http://direct.fipradio.fr/live/fip-webradio8.mp3,MP3,128,Working,3161,http://www.fipradio.fr/dist/favicons/logo-120.png,"tags: easy listening,electro",radio-browser,Europe/Paris
FR,FIP autour du groove,,—,(unlisted),,Music,Jazz / Soul,French,None,Unknown,http://direct.fipradio.fr/live/fip-webradio3.mp3,MP3,128,Working,1564,http://www.fipradio.fr/dist/favicons/logo-120.png,"tags: groove,jazz,lounge",radio-browser,Europe/Paris
FR,FIP autour du reggae,,—,(unlisted),,Other,Other,French,None,Unknown,http://direct.fipradio.fr/live/fip-webradio6.mp3,MP3,128,Working,1431,http://www.fipradio.fr/dist/favicons/logo-120.png,tags: reggae,radio-browser,Europe/Paris
FR,Fip Bordeaux,,—,(unlisted),,Music,Mixed music,French,None,Unknown,http://icecast.radiofrance.fr/fipbordeaux-midfi.mp3?ID=76zqey582k,MP3,128,Working,180,http://fip.fr/dist/favicons/logo-120.png,"tags: #bordeaux,#music,#public radio,#radio france",radio-browser,Europe/Paris
FR,FIP Cultes,,—,(unlisted),,Other,Other,French,None,Unknown,https://stream.radiofrance.fr/fipcultes/fipcultes.m3u8?id=radiofranceBose,AAC,105,Working,95,,tags: ,radio-browser,Europe/Paris
FR,FIP Cultes (hifi + metadata),,—,(unlisted),,Music,Mixed music,French,None,Unknown,http://radio-metadata.fr:8000/fipcultes,AAC,192,Working,35,https://upload.wikimedia.org/wikipedia/commons/thumb/1/16/FIP_logo_2021.svg/960px-FIP_logo_2021.svg.png,"tags: classics,eclectic,music,radio france",radio-browser,Europe/Paris
FR,FIP Electro,,—,(unlisted),,Music,Electronic / Dance,French,None,Unknown,http://icecast.radiofrance.fr/fipelectro-hifi.aac,AAC,192,Working,3819,https://www.fip.fr/dist/favicons/logo-120.png,"tags: aac,electro,public radio,radio france",radio-browser,Europe/Paris
FR,FIP Groove,,—,(unlisted),,Other,Other,French,None,Unknown,http://icecast.radiofrance.fr/fipgroove-hifi.aac,AAC,192,Working,2664,https://www.fip.fr/dist/favicons/logo-120.png,"tags: aac,groove,public radio,radio france",radio-browser,Europe/Paris
FR,FIP Groove (hifi.aac),,—,(unlisted),,Other,Other,French,None,Unknown,https://icecast.radiofrance.fr/fipgroove-hifi.aac,AAC,192,Working,106,,tags: misc,radio-browser,Europe/Paris
FR,FIP Groove (metadata),,—,(unlisted),,Other,Other,French,None,Unknown,http://radio-metadata.fr:8000/fipgroove,AAC,192,Working,58,https://www.radiofrance.fr/dist/favicons/logo-192.png,"tags: groove,radio france",radio-browser,Europe/Paris
FR,FIP Hip Hop,,—,(unlisted),,Music,Hip-hop / Urban,French,None,Unknown,http://icecast.radiofrance.fr/fiphiphop-hifi.aac,AAC,192,Working,738,https://www.radiofrance.fr/dist/favicons/logo-120.png,"tags: hip hop,radio france",radio-browser,Europe/Paris
FR,FIP Jazz,,—,(unlisted),,Music,Jazz / Soul,French,None,Unknown,http://icecast.radiofrance.fr/fipjazz-hifi.aac,AAC,192,Working,10893,https://www.fip.fr/dist/favicons/logo-120.png,"tags: aac,jazz,public radio,radio france",radio-browser,Europe/Paris
FR,FIP Jazz (Hi-Fi),,—,(unlisted),,Music,Jazz / Soul,French,None,Unknown,https://stream.radiofrance.fr/fipjazz/fipjazz_hifi.m3u8?id=radiofrance,UNKNOWN,,Working,535,https://www.radiofrance.fr/s3/cruiser-production/2019/06/840a4431-0db0-4a94-aa28-53f8de011ab6/300x300_fip-jazz-01.jpg,tags: jazz,radio-browser,Europe/Paris
FR,FIP Jazz (hifi.aac),,—,(unlisted),,Music,Jazz / Soul,French,None,Unknown,https://icecast.radiofrance.fr/fipjazz-hifi.aac,AAC,192,Working,143,,tags: jazz,radio-browser,Europe/Paris
FR,FIP Metal,,—,(unlisted),,Music,Rock / Alternative,French,None,Unknown,https://icecast.radiofrance.fr/fipmetal-hifi.aac?id=radiofrance,AAC,192,Working,645,https://www.radiofrance.fr/s3/cruiser-production/2022/07/160994f8-296b-4cd8-97a0-34c9111cdd9d/400x400_fip-metal-20222x_2.webp,"tags: hard rock,metal,thrash",radio-browser,Europe/Paris
FR,Fip Monde,,—,(unlisted),,Other,Other,French,None,Unknown,http://direct.fipradio.fr/live/fipworld-hifi.aac,AAC,192,Working,435,https://cdn-profiles.tunein.com/s262538/images/logod.png?t=636966437370000000,tags: ,radio-browser,Europe/Paris
FR,Fip Monde (metadata),,—,(unlisted),,Music,World music,French,None,Unknown,http://radio-metadata.fr:8000/fipmonde,AAC,192,Working,59,,tags: world music,radio-browser,Europe/Paris
FR,FIP Musiques du monde,,—,(unlisted),,Music,World music,French,None,Unknown,http://icecast.radiofrance.fr/fipworld-hifi.aac,AAC,192,Working,2075,https://www.fip.fr/dist/favicons/logo-120.png,"tags: aac,public radio,radio france,world music",radio-browser,Europe/Paris
FR,FIP Pop,,—,(unlisted),,Music,Pop,French,None,Unknown,https://icecast.radiofrance.fr/fippop-hifi.aac,AAC,192,Working,1392,https://www.fip.fr/dist/favicons/logo-120.png,"tags: aac,pop,public radio,radio france",radio-browser,Europe/Paris
FR,FIP Reggae,,—,(unlisted),,Other,Other,French,None,Unknown,http://icecast.radiofrance.fr/fipreggae-hifi.aac,AAC,192,Working,4985,https://www.fip.fr/dist/favicons/logo-120.png,"tags: aac,public radio,radio france,reggae",radio-browser,Europe/Paris
FR,FIP Reggae (metadata),,—,(unlisted),,Other,Other,French,None,Unknown,http://radio-metadata.fr:8000/fipreggae,AAC,192,Working,53,,"tags: fip,reggae",radio-browser,Europe/Paris
FR,FIP Rock,,—,(unlisted),,Music,Rock / Alternative,French,None,Unknown,http://icecast.radiofrance.fr/fiprock-hifi.aac,AAC,192,Working,3390,https://cdn.radiofrance.fr/s3/cruiser-production/2019/06/f5b944ca-9a21-4970-8eed-e711dac8ac15/200x200_fip-rock_ok.jpg,"tags: aac,public radio,radio france,rock",radio-browser,Europe/Paris
FR,FIP Rock (metadata),,—,(unlisted),,Music,Rock / Alternative,French,None,Unknown,http://radio-metadata.fr:8000/fiprock,AAC,192,Working,36,,"tags: fip,rock",radio-browser,Europe/Paris
FR,FIP Sacré Français !,,—,(unlisted),,Music,Éntekhno / Chanson,French,None,Unknown,http://icecast.radiofrance.fr/fipsacrefrancais-hifi.aac,AAC,192,Working,352,https://upload.wikimedia.org/wikipedia/commons/thumb/1/16/FIP_logo_2021.svg/2048px-FIP_logo_2021.svg.png,"tags: chansons françaises,fip,french",radio-browser,Europe/Paris
FR,FIP Tout nouveau,,—,(unlisted),,Other,Other,French,None,Unknown,https://stream.radiofrance.fr/fipnouveautes/fipnouveautes_hifi.m3u8?id=radiofrance,UNKNOWN,,Working,2,https://www.radiofrance.fr/pikapi/images/9f85ac9d-1151-429a-9645-d030e92b441f/2048,tags: current,radio-browser,Europe/Paris
FR,"FIP tout nouveau, tout FIP",,—,(unlisted),,Music,Mixed music,French,None,Unknown,http://direct.fipradio.fr/live/fip-webradio5.mp3,MP3,128,Working,696,http://www.fipradio.fr/dist/favicons/logo-120.png,"tags: music,only music",radio-browser,Europe/Paris
FR,Fly Foot Selecta,,—,(unlisted),,Other,Other,French,None,Unknown,https://manager5.streamradio.fr:1185/stream,MP3,192,Working,116,,"tags: black,dub,hiphop,jungle,ragga,reggae",radio-browser,Europe/Paris
FR,FM 80 Funky Music,,—,(unlisted),,Other,Other,French,None,Unknown,https://listen.radioking.com/radio/467555/stream/523739,MP3,192,Working,3245,,tags: ,radio-browser,Europe/Paris
FR,Forum,,—,(unlisted),,Other,Other,French,None,Unknown,http://start-forum.ice.infomaniak.ch/start-forum-high.mp3,MP3,128,Working,377,https://bocir-prod-bucket.s3.amazonaws.com/radios/forum/images/favicon.vnd.microsoft.icon,tags: ,radio-browser,Europe/Paris
FR,Forum 2000,,—,(unlisted),,Other,Other,French,None,Unknown,http://forum2000.ice.infomaniak.ch/forum2000.mp3,MP3,128,Working,68,,tags: ,radio-browser,Europe/Paris
FR,Forum 70's,,—,(unlisted),,Other,Other,French,None,Unknown,http://forum70s.ice.infomaniak.ch/forum70s.mp3,MP3,128,Working,25,,tags: ,radio-browser,Europe/Paris
FR,Forum 80's,,—,(unlisted),,Other,Other,French,None,Unknown,http://forum80s.ice.infomaniak.ch/forum80s.mp3,MP3,128,Working,46,,tags: ,radio-browser,Europe/Paris
FR,Forum 90's,,—,(unlisted),,Other,Other,French,None,Unknown,http://forum90s.ice.infomaniak.ch/forum90s.mp3,MP3,128,Working,59,,tags: ,radio-browser,Europe/Paris
FR,Forum @Work,,—,(unlisted),,Other,Other,French,None,Unknown,http://forumwork.ice.infomaniak.ch/forumwork.mp3,MP3,128,Working,13,,tags: ,radio-browser,Europe/Paris
FR,Forum en Français,,—,(unlisted),,Other,Other,French,None,Unknown,http://forumenfrancais.ice.infomaniak.ch/forumenfrancais-128.mp3,MP3,128,Working,36,,tags: ,radio-browser,Europe/Paris
FR,Forum Maine et Loire,,—,(unlisted),,Other,Other,French,None,Unknown,https://start-forum.ice.infomaniak.ch/start-forum-high.mp3,MP3,128,Working,16,https://bocir-prod-bucket.s3.eu-west-1.amazonaws.com/radios/forum/images/favicon.ico,tags: ,radio-browser,Europe/Paris
FR,Francais dans le monde,,—,(unlisted),,Other,Other,French,None,Unknown,https://listen.radioking.com/radio/2079/stream/63043,MP3,192,Working,111,,tags: general,radio-browser,Europe/Paris
FR,france ,,—,(unlisted),,Music,Electronic / Dance,Franch,None,Unknown,https://stream-eurodance90.fr/radio/8000/128.mp3,MP3,128,Working,94,https://stream-eurodance90.fr/static/uploads/browser_icon/120.1680701870.png,tags: eurodance,radio-browser,Europe/Paris
FR,France Antilles Radio,,—,(unlisted),,Other,Other,French,None,Unknown,https://2stream.net/fa_radio.mp3,MP3,128,Working,9,https://assets.franceantilles.fr/common/images/logo_FAR-Color.png,tags: ,radio-browser,Europe/Paris
FR,France Bleu 100% chanson française ,,—,(unlisted),,Other,Other,French,None,Unknown,https://icecast.radiofrance.fr/fbchansonfrancaise-midfi.mp3,MP3,128,Working,196,https://www.francebleu.fr/favicons/apple-touch-icon-180x180.png,tags: french,radio-browser,Europe/Paris
FR,France Bleu Haute Normandie,,—,(unlisted),,News & Talk,News & Talk,French,None,Unknown,https://direct.francebleu.fr/live/fbhautenormandie-midfi.mp3,MP3,128,Working,15,,tags: news,radio-browser,Europe/Paris
FR,France Bleu Provence,,—,(unlisted),,Other,Other,French,None,Unknown,https://icecast.radiofrance.fr/fbprovence-midfi.mp3?ID=radiofrance,MP3,128,Working,964,https://www.francebleu.fr/img/logo-france-bleu-seo.jpg,"tags: france,provence,radio",radio-browser,Europe/Paris
FR,France Culture (sans pub),,—,(unlisted),,Other,Other,French,None,Unknown,https://stream.radiofrance.fr/franceculture/franceculture.m3u8?id=radiofranceBose,AAC,107,Working,57,,"tags: culture,drama,features,generalist,science",radio-browser,Europe/Paris
FR,france info (lofi),,—,(unlisted),,Other,Other,French,None,Unknown,http://direct.franceinfo.fr/live/franceinfo-lofi.mp3,MP3,32,Working,4915,https://www.francetvinfo.fr/skin/dist/mobile/img/pwa/launcher-76x76-832d6cb324.png,"tags: info,lofi,radio france",radio-browser,Europe/Paris
FR,France inter icecast,,—,(unlisted),,News & Talk,News & Talk,French,None,Unknown,https://icecast.radiofrance.fr/franceinter-hifi.aac?id=radiofrance,AAC,192,Working,26,https://fr.m.wikipedia.org/w/index.php?title=Fichier:France_Inter_logo_2021.svg&lang=fr,"tags: generalist,information",radio-browser,Europe/Paris
FR,France Inter La musique d'Inter,,—,(unlisted),,Other,Other,French,None,Unknown,https://icecast.radiofrance.fr/franceinterlamusiqueinter-midfi.mp3,MP3,128,Working,88,https://www.radiofrance.fr/s3/cruiser-production-eu3/2024/06/2eb99120-ff28-414d-a805-c354c3967edf/300x300_sc_fi-webradio-c3b2.jpg,tags: ,radio-browser,Europe/Paris
FR,France Inter La musique d'Inter Hifi,,—,(unlisted),,Other,Other,French,None,Unknown,https://icecast.radiofrance.fr/franceinterlamusiqueinter-hifi.aac,AAC,192,Working,189,https://www.radiofrance.fr/s3/cruiser-production-eu3/2024/06/2eb99120-ff28-414d-a805-c354c3967edf/300x300_sc_fi-webradio-c3b2.jpg,tags: ,radio-browser,Europe/Paris
FR,France Maghreb 2 Province,,—,(unlisted),,Other,Other,French,None,Unknown,http://francemaghreb2.ice.infomaniak.ch/francemaghreb2-high.mp3,MP3,128,Working,2445,,tags: ,radio-browser,Europe/Paris
FR,France Musique (avec metadata),,—,(unlisted),,Other,Other,French,None,Unknown,http://radio-metadata.fr:8000/francemusique,AAC,192,Working,8,,tags: ,radio-browser,Europe/Paris
FR,France Musique (no pub),,—,(unlisted),,Music,Classical,French,None,Unknown,https://stream.radiofrance.fr/francemusique/francemusique.m3u8?id=radiofrance,AAC,107,Working,33,https://www.radiofrance.fr/client/immutable/assets/francemusique-rect.CE3jFcTq.svg,"tags: classical music,hls,public radio,radio france",radio-browser,Europe/Paris
FR,France Musique - Banana,,—,(unlisted),,Other,Other,French,None,Unknown,http://icecast.radiofrance.fr/francemusique-hifi.aac,AAC,192,Working,2,,tags: ,radio-browser,Europe/Paris
FR,France Musique Classique Plus,,—,(unlisted),,Music,Classical,French,None,Unknown,http://icecast.radiofrance.fr/francemusiqueclassiqueplus-hifi.aac,AAC,192,Working,1129,,"tags: aac,long pieces of classical music,public radio,radio france",radio-browser,Europe/Paris
FR,France Musique Hi-fi ,,—,(unlisted),,Other,Other,French,None,Unknown,http://icecast.radiofrance.fr/francemusique-hifi.aac,AAC,192,Working,111,,tags: ,radio-browser,Europe/Paris
FR,France Musique Jazz,,—,(unlisted),,Music,Classical,French,None,Unknown,https://icecast.radiofrance.fr/francemusiquelajazz-hifi.aac,AAC,192,Working,78,,tags: classical,radio-browser,Europe/Paris
FR,France Musique La B.O.,,—,(unlisted),,Other,Other,French,None,Unknown,http://icecast.radiofrance.fr/francemusiquelabo-hifi.aac,AAC,192,Working,498,,"tags: aac,movie soundtracks,public radio,radio france",radio-browser,Europe/Paris
FR,France Musique La Baroque,,—,(unlisted),,Music,Classical,French,None,Unknown,http://icecast.radiofrance.fr/francemusiquebaroque-hifi.aac,AAC,192,Working,6696,,"tags: aac,classical,public radio,radio france",radio-browser,Europe/Paris
FR,France Musique La Contemporaine,,—,(unlisted),,Music,Mixed music,French,None,Unknown,http://icecast.radiofrance.fr/francemusiquelacontemporaine-hifi.aac,AAC,192,Working,1033,https://cdn.radiofrance.fr/s3/cruiser-production/2017/06/d135f74f-6c96-4b6f-90ac-2d3b6ca96b53/200x200_fmwebradiosnormalcontemp.jpg,"tags: aac,contemporary music,public radio,radio france",radio-browser,Europe/Paris
FR,France Musique La Contemporaine avec metadata,,—,(unlisted),,Other,Other,French,None,Unknown,http://radio-metadata.fr:8000/francemusiquelacontemporaine,AAC,192,Working,5,,tags: ,radio-browser,Europe/Paris
FR,France Musique OCORA,,—,(unlisted),,Music,World music,French,None,Unknown,http://icecast.radiofrance.fr/francemusiqueocoramonde-hifi.aac,AAC,192,Working,257,,"tags: aac,public radio,radio france,webradio,world music",radio-browser,Europe/Paris
FR,France Musique Opéra,,—,(unlisted),,Other,Other,French,None,Unknown,https://icecast.radiofrance.fr/francemusiqueopera-hifi.aac,AAC,192,Working,663,,"tags: opera,public radio,radio france",radio-browser,Europe/Paris
FR,France Musique Piano Zen,,—,(unlisted),,Other,Other,French,None,Unknown,http://icecast.radiofrance.fr/francemusiquepianozen-hifi.aac,AAC,192,Working,403,https://www.radiofrance.fr/dist/favicons/logo-120.png,tags: piano,radio-browser,Europe/Paris
FR,France Musique | Classique Easy,,—,(unlisted),,Music,Classical,French,None,Unknown,http://direct.francemusique.fr/live/francemusiqueeasyclassique-hifi.mp3,MP3,128,Working,7320,,"tags: classic,classical",radio-browser,Europe/Paris
FR,France Musique | Concerts Radio France,,—,(unlisted),,Music,Classical,French,None,Unknown,http://direct.francemusique.fr/live/francemusiqueconcertsradiofrance-hifi.mp3,MP3,128,Working,1815,,"tags: classic,classical",radio-browser,Europe/Paris
FR,France Musique | La Jazz,,—,(unlisted),,Music,Jazz / Soul,French,None,Unknown,http://direct.francemusique.fr/live/francemusiquelajazz-hifi.mp3,MP3,128,Working,1996,,tags: jazz,radio-browser,Europe/Paris
FR,France Musique | Ocora - Musiques du monde,,—,(unlisted),,Music,World music,French,None,Unknown,http://direct.francemusique.fr/live/francemusiqueocoramonde-hifi.mp3,MP3,128,Working,410,,tags: world music,radio-browser,Europe/Paris
FR,France24 arabic,,—,(unlisted),,News & Talk,News & Talk,French,None,Unknown,http://static.france24.com/live/F24_AR_LO_HLS/live_web.m3u8,"AAC,H.264",1095,Working,410,,tags: news,radio-browser,Europe/Paris
FR,France24 Español,,—,(unlisted),,Other,Other,Spanish,None,Unknown,http://static.france24.com/live/F24_ES_LO_HLS/live_audio.m3u8,AAC,105,Working,166,https://www.france24.com/apple-touch-icon.png,tags: noticias,radio-browser,Europe/Paris
FR,France24 Français,,—,(unlisted),,News & Talk,News & Talk,French,None,Unknown,http://static.france24.com/live/F24_FR_LO_HLS/live_audio.m3u8,AAC,105,Working,440,https://www.france24.com/favicon-194x194.png,tags: information,radio-browser,Europe/Paris
FR,FranceClassique Easy,,—,(unlisted),,Other,Other,French,None,Unknown,http://direct.francemusique.fr/live/francemusiqueeasyclassique-hifi.mp3?ID=76zqey582k,MP3,128,Working,166,https://www.francemusique.fr/favicon.ico,tags: ,radio-browser,Europe/Paris
FR,FranceCulture,,—,(unlisted),,Other,Other,French,None,Unknown,https://stream.radiofrance.fr/franceculture/franceculture_hifi.m3u8?id=radiofrance,UNKNOWN,,Working,57,https://www.radiofrance.fr/dist/favicons/logo-120.png,tags: ,radio-browser,Europe/Paris
FR,franceinfo aac lofi,,—,(unlisted),,News & Talk,News & Talk,French,None,Unknown,https://icecast.radiofrance.fr/franceinfo-lofi.aac,AAC,32,Working,22,,tags: news,radio-browser,Europe/Paris
FR,franceinfo aac lofi http,,—,(unlisted),,News & Talk,News & Talk,French,None,Unknown,http://icecast.radiofrance.fr/franceinfo-lofi.aac,AAC,32,Working,7,,tags: news,radio-browser,Europe/Paris
FR,FranceInter,,—,(unlisted),,Other,Other,French,None,Unknown,https://stream.radiofrance.fr/franceinter/franceinter_hifi.m3u8?id=radiofrance,UNKNOWN,,Working,90,https://www.radiofrance.fr/dist/favicons/franceinter/favicon.png,tags: ,radio-browser,Europe/Paris
FR,Frequence 3,,—,(unlisted),,Other,Other,French,None,Unknown,http://hd.stream.frequence3.net/frequence3-256.mp3,MP3,256,Working,338,,tags: ,radio-browser,Europe/Paris
FR,Frequence 3 Gold FLAC,,—,(unlisted),,Music,Oldies / 80s-90s,"English,French",None,Unknown,https://frequence3.net-radio.fr/frequence3gold.flac,OGG,1536,Working,380,https://api2.frequence3.net/static/img/stations/horizontal/frequence3gold.png,"tags: 80s,90s",radio-browser,Europe/Paris
FR,Frequence tropicale,,—,(unlisted),,Other,Other,French,None,Unknown,https://ecmanager2.pro-fhi.net:1640/stream,MP3,320,Working,30,,tags: ,radio-browser,Europe/Paris
FR,Frequence3,,—,(unlisted),,Other,Other,French,None,Unknown,http://ice.stream.frequence3.net/frequence3-256.mp3,MP3,256,Working,102,,tags: top 40,radio-browser,Europe/Paris
FR,Fréquence 3 - World FLAC,,—,(unlisted),,Music,World music,French,None,Unknown,https://frequence3.net-radio.fr/frequence3world.flac,OGG,1536,Working,209,,tags: world music,radio-browser,Europe/Paris
FR,Fréquence 3 Dance,,—,(unlisted),,Music,Electronic / Dance,French,None,Unknown,https://frequence3.net-radio.fr/frequence3dance.mp3,MP3,160,Working,113,,"tags: dance,pop",radio-browser,Europe/Paris
FR,Fréquence 3 FLAC,,—,(unlisted),,Music,Pop,French,None,Unknown,http://hd.stream.frequence3.net/frequence3.flac,OGG,128,Working,225,,tags: pop,radio-browser,Europe/Paris
FR,Fréquence 3 Gold,,—,(unlisted),,Music,Pop,French,None,Unknown,https://frequence3.net-radio.fr/frequence3gold.mp3,MP3,160,Working,48,,tags: pop,radio-browser,Europe/Paris
FR,Fréquence 3 Urban,,—,(unlisted),,Music,Hip-hop / Urban,French,None,Unknown,https://frequence3.net-radio.fr/frequence3urban-128.mp3,MP3,160,Working,27,,"tags: pop,urban",radio-browser,Europe/Paris
FR,Fréquence 3 Urban 3,,—,(unlisted),,Other,Other,French,None,Unknown,http://ice.stream.frequence3.net/frequence3urban-128.mp3,MP3,160,Working,33,,tags: ,radio-browser,Europe/Paris
FR,Fréquence 3 Urban FLAC,,—,(unlisted),,Music,Hip-hop / Urban,French,None,Unknown,https://frequence3.net-radio.fr/frequence3urban.flac,OGG,1536,Working,177,,"tags: hip-hop,r&b,rap,urban",radio-browser,Europe/Paris
FR,Fréquence 3 World,,—,(unlisted),,Music,Pop,French,None,Unknown,https://frequence3.net-radio.fr/frequence3world.mp3,MP3,160,Working,29,,"tags: pop,world",radio-browser,Europe/Paris
FR,Fréquence 3 Xmas,,—,(unlisted),,Other,Other,French,None,Unknown,http://ice.stream.frequence3.net/xmas-128.mp3,MP3,128,Working,22,,tags: ,radio-browser,Europe/Paris
FR,Fréquence 7,,—,(unlisted),,Other,Other,French,None,Unknown,https://live.aurafm.org/Frequence7,MP3,128,Working,26,https://www.frequence7.net/images/logo.jpg,tags: ,radio-browser,Europe/Paris
FR,Fréquence Hit,,—,(unlisted),,Music,Rock / Alternative,"English,French",None,Unknown,https://stream.frequencehit.com/frequencehit.mp3,MP3,192,Working,16,https://www.frequencehit.com/favicon.ico,"tags: classic hits,hits,music non stop,non-stop music,rock,top 40 hits,top hits",radio-browser,Europe/Paris
FR,Fréquence Plus ,,—,(unlisted),,Other,Other,French,None,Unknown,http://frequenceplus71.ice.infomaniak.ch/frequenceplus71-128.mp3,MP3,128,Working,160,https://www.frequenceplus.fr/img/favicon-32x32.png,tags: ,radio-browser,Europe/Paris
FR,Fréquence Sillé,,—,(unlisted),,Other,Other,French,None,Unknown,https://stric6.streamakaci.com/frequencesille.mp3,MP3,192,Working,4,,tags: ,radio-browser,Europe/Paris
FR,Fun Radio France,,—,(unlisted),,Music,Pop,French,None,Unknown,http://icecast.funradio.fr/fun-1-44-128?listen=webCwsBCggNCQgLDQUGBAcGBg,MP3,128,Working,792,,tags: pop,radio-browser,Europe/Paris
FR,FunVibe,,—,(unlisted),,Music,Pop / Hits,French,None,Unknown,https://radio.funvibe.fr/listen/funvibe/radio.mp3,MP3,192,Working,2,https://www.webradio.media/upload/6a0650b1ab163-funvibe.webp,"tags: french,hits,pop,top hits",radio-browser,Europe/Paris
FR,Fusion FM,,—,(unlisted),,Other,Other,French,None,Unknown,http://fusionfm.ice.infomaniak.ch/fusionfm-192.mp3,MP3,192,Working,37,http://www.fusionfm.fr/upload/54db3483c37db5.00076713.ico,tags: ,radio-browser,Europe/Paris
FR,Galaxie Lounge,,—,(unlisted),,Other,Other,French,None,Unknown,https://listen.radioking.com/radio/45838/stream/82624,MP3,128,Working,213,http://galaxie-radio1.radio-website.com/upload/578f3bce151616.43092430.ico,tags: ,radio-browser,Europe/Paris
FR,Galaxie New Wave,,—,(unlisted),,Other,Other,French,None,Unknown,https://www.radioking.com/play/galaxienewwave,MP3,128,Working,1013,http://galaxie-radio1.radio-website.com/upload/578f3bce151616.43092430.ico,tags: ,radio-browser,Europe/Paris
FR,Galaxie Vintage,,—,(unlisted),,Other,Other,French,None,Unknown,https://www.radioking.com/play/galaxievintage,MP3,128,Working,242,http://galaxie-radio1.radio-website.com/upload/578f3bce151616.43092430.ico,tags: ,radio-browser,Europe/Paris
FR,GalaxieTek,,—,(unlisted),,Music,Electronic / Dance,French,None,Unknown,https://fr.radioking.com/play/galaxietek,MP3,128,Working,335,http://www.galaxieradio.fr/upload/578f3bce151616.43092430.ico,"tags: electronic,techno",radio-browser,Europe/Paris
FR,Gay Radio,,—,(unlisted),,Other,Other,French,None,Unknown,https://srv.webradiomanager.fr:1285/stream,MP3,128,Working,12,"https://static.wixstatic.com/media/a6829f_52646f2543c040f684f47d94f96c9545~mv2.jpg/v1/fill/w_179,h_179,al_c,q_80,usm_0.66_1.00_0.01,enc_avif,quality_auto/FotoJet.jpg",tags: ,radio-browser,Europe/Paris
FR,Gay Radio FR,,—,(unlisted),,Music,Pop,French,None,Unknown,https://srv.webradiomanager.fr:1285/stream?x=1745084131773,MP3,128,Working,7,,"tags: gay,hit,lgbt,musique,pop",radio-browser,Europe/Paris
FR,GENERATION SOUL DISCO FUNK,,—,(unlisted),,Other,Other,French,None,Unknown,https://gestream.fr/g-radio-sd.aac,AAC,64,Working,108,https://www.generationdiscofunk.com/wp-content/uploads/2022/08/Logo_G_Radio_500px-370x370.png,tags: ,radio-browser,Europe/Paris
FR,GENERATION SOUL DISCO FUNK RADIO,,—,(unlisted),,Music,Jazz / Soul,"English,French",None,Unknown,https://gestream.fr/g-radio-hd.mp3,MP3,192,Working,44,https://generationdiscofunk.com/favicon.ico,"tags: acid jazz,disco,funk,groove,neo soul,new jack swing,nu disco,nu funk,smooth jazz,soul",radio-browser,Europe/Paris
FR,Generations 2015,,—,(unlisted),,Other,Other,French,None,Unknown,http://generations-thema.ice.infomaniak.ch/generations-thema.mp3,MP3,128,Working,22,https://generations.fr/apple-touch-icon-120x120.png,tags: ,radio-browser,Europe/Paris
FR,Generations Booba,,—,(unlisted),,Other,Other,French,None,Unknown,http://generations-booba.ice.infomaniak.ch/generations-booba.mp3,MP3,128,Working,240,https://generations.fr/apple-touch-icon-120x120.png,tags: ,radio-browser,Europe/Paris
FR,Generations En Mode Brand New,,—,(unlisted),,Other,Other,French,None,Unknown,http://gene-wr10.ice.infomaniak.ch/gene-wr10.mp3,MP3,128,Working,35,https://generations.fr/apple-touch-icon-120x120.png,tags: ,radio-browser,Europe/Paris
FR,GENERATIONS France,,—,(unlisted),,Other,Other,French,None,Unknown,https://generationfm.ice.infomaniak.ch/generationfm-high.aac?i=70138,AAC+,64,Working,20,https://generations.fr/media/option/logo.webp,tags: ,radio-browser,Europe/Paris
FR,Generations Freestyle,,—,(unlisted),,Other,Other,French,None,Unknown,http://gene-wr09.ice.infomaniak.ch/gene-wr09.aac,AAC+,64,Working,208,http://generations.fr/media/radio/thumb/90x90_generations-freestyle-logo-smartphone.jpg,tags: ,radio-browser,Europe/Paris
FR,Generations Funk,,—,(unlisted),,Music,Jazz / Soul,French,None,Unknown,http://gene-wr05.ice.infomaniak.ch/gene-wr05.mp3,MP3,128,Working,1677,http://generations.fr/media/radio/thumb/90x90_funk.png,tags: funk,radio-browser,Europe/Paris
FR,Generations Girl,,—,(unlisted),,Other,Other,French,None,Unknown,http://generations-girls.ice.infomaniak.ch/generations-girls.mp3,MP3,128,Working,214,https://generations.fr/apple-touch-icon-120x120.png,tags: ,radio-browser,Europe/Paris
FR,Generations La Fouine,,—,(unlisted),,Other,Other,French,None,Unknown,http://generations-la-fouine.ice.infomaniak.ch/generations-la-fouine.mp3,MP3,128,Working,43,http://generations.fr/media/radio/thumb/90x90_generations-la-fouine-logo-smartphone.png,tags: ,radio-browser,Europe/Paris
FR,Generations NewJack,,—,(unlisted),,Other,Other,French,None,Unknown,http://generations-njs.ice.infomaniak.ch/generations-njs.mp3,MP3,128,Working,187,http://generations.fr/media/radio/thumb/90x90_generations-newjack-logo-smartphone.png,tags: ,radio-browser,Europe/Paris
FR,Generations R&B,,—,(unlisted),,Other,Other,French,None,Unknown,http://generationfm-slowjam.ice.infomaniak.ch/generationfm-slowjam-high.mp3,MP3,128,Working,15751,http://generations.fr/media/radio/thumb/90x90_rnb.png,tags: ,radio-browser,Europe/Paris
FR,Generations R&B Gold,,—,(unlisted),,Other,Other,French,None,Unknown,http://generations-rnb-gold.ice.infomaniak.ch/generations-rnb-gold.mp3,MP3,128,Working,810,http://generations.fr/media/radio/thumb/90x90_rnb-gold.png,tags: ,radio-browser,Europe/Paris
FR,Generations Rap FR,,—,(unlisted),,Other,Other,French,None,Unknown,http://generationfm-rap.ice.infomaniak.ch/generationfm-rap-high.mp3,MP3,128,Working,1500,https://generations.fr/apple-touch-icon-120x120.png,tags: ,radio-browser,Europe/Paris
FR,Generations Rap FR Gold,,—,(unlisted),,Other,Other,French,None,Unknown,http://gene-wr06.ice.infomaniak.ch/gene-wr06.mp3,MP3,128,Working,6375,https://generations.fr/apple-touch-icon-120x120.png,tags: ,radio-browser,Europe/Paris
FR,Generations Rap U.S,,—,(unlisted),,Other,Other,French,None,Unknown,http://generationfm-underground.ice.infomaniak.ch/generationfm-underground-high.mp3,MP3,128,Working,7812,https://generations.fr/apple-touch-icon-120x120.png,tags: ,radio-browser,Europe/Paris
FR,Generations Rap U.S Gold,,—,(unlisted),,Other,Other,French,None,Unknown,http://gene-wr08.ice.infomaniak.ch/gene-wr08.mp3,MP3,128,Working,1836,https://generations.fr/apple-touch-icon-120x120.png,tags: ,radio-browser,Europe/Paris
FR,Generations Reggae,,—,(unlisted),,Other,Other,French,None,Unknown,http://generations-caraibes.ice.infomaniak.ch/generations-caraibes-high.mp3,MP3,128,Working,3126,https://generations.fr/apple-touch-icon-120x120.png,tags: reggae,radio-browser,Europe/Paris
FR,Generations Reggaeton,,—,(unlisted),,Other,Other,French,None,Unknown,http://generations-rgton.ice.infomaniak.ch/generations-rgton.mp3,MP3,128,Working,2099,http://generations.fr/media/radio/thumb/90x90_reggaeton1.png,tags: ,radio-browser,Europe/Paris
FR,Generations Rohff,,—,(unlisted),,Other,Other,French,None,Unknown,http://generation-rohff.ice.infomaniak.ch/generation-rohff.mp3,MP3,128,Working,257,http://generations.fr/media/radio/thumb/90x90_generations-rohff-logo-smartphone1.png,tags: ,radio-browser,Europe/Paris
FR,Generations SlowJam,,—,(unlisted),,Other,Other,French,None,Unknown,http://gene-wr11.ice.infomaniak.ch/gene-wr11.mp3,MP3,128,Working,493,http://generations.fr/media/radio/thumb/90x90_slowjam.png,tags: ,radio-browser,Europe/Paris
FR,Generations Soul,,—,(unlisted),,Other,Other,French,None,Unknown,http://gene-wr07.ice.infomaniak.ch/gene-wr07.mp3,MP3,128,Working,1328,http://generations.fr/media/radio/thumb/90x90_soul.png,tags: ,radio-browser,Europe/Paris
FR,Girl Power,,—,(unlisted),,Music,Rock / Alternative,"English,French,Spanish",None,Unknown,https://scoopgirls.ice.infomaniak.ch/radioscoop-girls-64.aac,AAC+,64,Working,148,,"tags: female vocalists,female vocals,female voices,femininity,feminist,pop,pop rock,rock,soft rock",radio-browser,Europe/Paris
FR,Globule Radio,,—,(unlisted),,Other,Other,French,None,Unknown,https://905.ice.infomaniak.ch/905-128.mp3,MP3,128,Working,4,https://globule.chamonix.radio/favicon.ico,tags: ,radio-browser,Europe/Paris
FR,Good Morning Poker,,—,(unlisted),,Other,Other,French,None,Unknown,https://streamer.radio.co/s43556a89a/listen,MP3,128,Working,2,,tags: poker,radio-browser,Europe/Paris
FR,Graffiti Urban Radio,,—,(unlisted),,Music,Rock / Alternative,French,None,Unknown,https://diffusion.lafrap.fr/graffiti,AAC+,56,Working,22,,"tags: alternative,community radio,independent,independent radio",radio-browser,Europe/Paris
FR,Groove Cabane,,—,(unlisted),,Music,Jazz / Soul,French,None,Unknown,https://listen.radioking.com/radio/314264/stream/361499,MP3,320,Working,27,https://www.groovecabane.com/upload/5fc908afba9a83.98129202.ico,"tags: disco,electro house,funk,groove",radio-browser,Europe/Paris
FR,Gu Radio,,—,(unlisted),,Other,Other,French,None,Unknown,https://listen.radioking.com/radio/371/stream/1583,MP3,128,Working,14,,tags: ,radio-browser,Europe/Paris
FR,Gure irratia,,—,(unlisted),,Other,Other,French,None,Unknown,https://hosting.studioradiomedia.fr:1345/stream,MP3,128,Working,14,https://www.inakinoblia.com/wp-content/uploads/2019/11/gure-irratia.jpg,tags: ,radio-browser,Europe/Paris
FR,Génération JUL,,—,(unlisted),,Music,Hip-hop / Urban,French,None,Unknown,https://generations-jul.ice.infomaniak.ch/generations-jul.mp3,MP3,128,Working,46,https://generations.fr/apple-touch-icon-120x120.png,tags: rap,radio-browser,Europe/Paris
FR,Génération Mix,,—,(unlisted),,Music,Pop,French,None,Unknown,https://ecmanager2.pro-fhi.net/generationmix,AAC,64,Working,42,,tags: pop music,radio-browser,Europe/Paris
FR,génération Soul,,—,(unlisted),,Music,Classical,French,None,Unknown,https://gene-wr07.ice.infomaniak.ch/gene-wr07.mp3,MP3,128,Working,20,,tags: classical,radio-browser,Europe/Paris
FR,Générations 90,,—,(unlisted),,Music,Hip-hop / Urban,French,None,Unknown,https://generations-90.ice.infomaniak.ch/generations-90.aac,AAC+,64,Working,40,https://generations.fr/media/radio/generations-90s-logo-smartphone.webp,"tags: 90's,france,hiphop,rap",radio-browser,Europe/Paris
FR,H2O,,—,(unlisted),,Other,Other,French,None,Unknown,http://vps443190.ovh.net:8000/h2oradio.mp3,MP3,128,Working,30,,"tags: annecy,haute-savoie,lac d'annecy,montagne",radio-browser,Europe/Paris
FR,H2O Lac d'Annecy,,—,(unlisted),,Other,Other,French,None,Unknown,https://h2oradio.net-radio.fr/h2oradio-256.mp3,MP3,128,Working,6,http://www.h2oradio.fr/assets/img/basic/b2_lac.png,tags: ,radio-browser,Europe/Paris
FR,Happy Radio France,,—,(unlisted),,Other,Other,French,None,Unknown,http://37.187.77.45:9179/stream,MP3,128,Working,15,https://www.happy-radio.org/assets/img/profile.png,tags: ,radio-browser,Europe/Paris
FR,Heavy1,,—,(unlisted),,Music,Rock / Alternative,French,None,Unknown,https://listen.radioking.com/radio/119653/stream/159127,MP3,320,Working,130,https://static.mytuner.mobi/media/tvos_radios/sdapkvmjcrmh.jpg,"tags: hard rock,heavy metal,rock",radio-browser,Europe/Paris
FR,Hello Provence,,—,(unlisted),,Other,Other,French,None,Unknown,https://ice.creacast.com/hello-provence-mp3,MP3,128,Working,23,https://www.helloprovence.fr/img/news/61561d9050c77.png,tags: local radio,radio-browser,Europe/Paris
FR,here4ears,,—,(unlisted),,Music,Electronic / Dance,"English,French",None,Unknown,http://here4ears.ddns.net/,MP3,320,Working,94,http://www.facebook.com/favicon.ico,"tags: ambient,deep house,downtempo,electronica,here4ears,indie,new wave,nu-disco,pascal dumont,skyline,synthpop",radio-browser,Europe/Paris
FR,Hit Radio Fr,,—,(unlisted),,Music,Electronic / Dance,French,None,Unknown,https://onlineradiobox.com/json/fr/hit/play?platform=web,MP3,256,Working,25,,tags: electronic,radio-browser,Europe/Paris
FR,Hit! Radio,,—,(unlisted),,Music,Pop / Hits,"English,French",None,Unknown,http://quasar.shoutca.st:8853/;,MP3,256,Working,25,https://hit-radio.fr/upload/5ca218818df5b6.67339023.ico,"tags: hits,top40",radio-browser,Europe/Paris
FR,Hit53,,—,(unlisted),,Music,Electronic / Dance,French,None,Unknown,https://azura.hit53.fr/hit128.mp3,MP3,128,Working,5,https://hit53.fr/favicon.png,"tags: contemporary hits,dance,electro,pop",radio-browser,Europe/Paris
FR,HitFM,,—,(unlisted),,Other,Other,Français - Lëtzebuergesch,None,Unknown,https://stream10.vestaradio.com/HitFM,MP3,320,Working,2,,tags: ,radio-browser,Europe/Paris
FR,Hits 1,,—,(unlisted),,Music,Electronic / Dance,"Englsih,French",None,Unknown,https://radio7.pro-fhi.net/radio/9006/hits1hd,MP3,256,Working,138,https://www.hits1radio.com/wp-content/uploads/2019/03/1024.png,"tags: club dance,dance,dance top40,electro,electronic,electronic dance music,music non stop,non-commercial,non-stop,non-stop music,noncommercial,pop,pop dance,top 40,top 40 hits,top charts,top hits,top40",radio-browser,Europe/Paris
FR,Hits 1 Cognac,,—,(unlisted),,Music,Electronic / Dance,French,None,Unknown,https://hits1cognac-audiomediaradio.radioca.st/hits1cognac,MP3,192,Working,6,https://www.hits1radio.com/wp-content/uploads/2019/03/dummy-e1554135926529.jpg,"tags: dance,dj,dj sets,edm,electronic,hits,house,music,top 40,top charts,top hits",radio-browser,Europe/Paris
FR,Hits 1 latina,,—,(unlisted),,Music,Pop,English,None,Unknown,https://hits1latina-audiomediaradio.radioca.st/latina,MP3,192,Working,36,https://www.hits1radio.com/wp-content/uploads/2019/03/dummy-e1554135926529.jpg,"tags: fiesta latina,fiestalatina,latin,latin music,latin pop,latina,latino,latinoamerica,musica latina,música latina,pop,pop latino,radio latina",radio-browser,Europe/Paris
FR,Hits and Fun,,—,(unlisted),,Music,Electronic / Dance,French,None,Unknown,http://ns2.hitsandfun.net/hitsandfun-hd,MP3,192,Working,3,https://www.hitsandfun.fr/wp-content/themes/haf2019/img/nocover.jpg,"tags: electro,hits,pop,top 40,urban",radio-browser,Europe/Paris
FR,Horizon 2000,,—,(unlisted),,Other,Other,French,None,Unknown,https://horizon2000.ice.infomaniak.ch/horizon2000-128.mp3,MP3,128,Working,3,,tags: ,radio-browser,Europe/Paris
FR,Horizon la radio libre 100.9fm,,—,(unlisted),,News & Talk,News & Talk + Music,French,None,Unknown,https://horizonlaradiolibre.ice.infomaniak.ch/horizonlaradiolibre-128.mp3,MP3,128,Working,6,https://horizon-fm.fr/wp-content/uploads/2015/03/logoanimeRouge.gif,"tags: local news,pop music",radio-browser,Europe/Paris
FR,Hotel Costes,,—,(unlisted),,Music,Éntekhno / Chanson,French,None,Unknown,https://s3.radio.co/s39c195d74/listen,AAC,192,Working,204,,"tags: chansons françaises,downtempo,euro disco,italo disco,lounge",radio-browser,Europe/Paris
FR,hotmix,,—,(unlisted),,Other,Other,French,None,Unknown,https://streaming.hotmixradio.fr/hotmix-blues-en-mp3,MP3,128,Working,26,,tags: blues,radio-browser,Europe/Paris
FR,Hotmix 2000,,—,(unlisted),,Music,Pop / Hits,French,None,Unknown,https://streaming.hotmixradio.fr/hotmix-2000s-en-mp3,MP3,128,Working,51,https://www.radio.fr/100/hotmix2000.jpeg?version=749430a1a48c58f6cbf16d73efeb789770c8cf66,tags: 2000s hits,radio-browser,Europe/Paris
FR,Hotmix 2010,,—,(unlisted),,Music,Mixed music,French,None,Unknown,https://streaming.hotmixradio.fr/hotmix-2010-en-mp3,MP3,128,Working,13,https://www.radio.fr/100/hotmixradio2011.jpeg?version=1d8568ad4f6ade0b75baeba1c6d8c841e2dc7f24,tags: 2010s music,radio-browser,Europe/Paris
FR,Hotmix 90,,—,(unlisted),,Music,Rock / Alternative,French,None,Unknown,https://streaming.hotmixradio.com/hotmix-90-en-mp3?provider=radiobrowser,MP3,128,Working,6,https://cdn.hotmixradio.com/hotmix-90s-fr-mp3.jpg,"tags: 90's,90s,90s dance,pop,pop rock",radio-browser,Europe/Paris
FR,Hotmix Acoustic Chill,,—,(unlisted),,Other,Other,French,None,Unknown,https://streaming.hotmixradio.com/hotmix-acoustic-en-mp3?provider=radiobrowser,MP3,128,Working,69,https://cdn.hotmixradio.com/hotmix-acoustic-en-mp3.jpg,"tags: acoustic,acoustic guitar",radio-browser,Europe/Paris
FR,Hotmix Afro Beats,,—,(unlisted),,Other,Other,French,None,Unknown,https://streaming.hotmixradio.com/hotmix-afro-en-mp3?provider=radiobrowser,MP3,128,Working,8,https://cdn.hotmixradio.com/hotmix-afro-en-mp3.jpg,"tags: afro,afrobeat,afrobeats",radio-browser,Europe/Paris
FR,Hotmix Baby,,—,(unlisted),,Other,Other,French,None,Unknown,https://streaming.hotmixradio.com/hotmix-baby-fr-mp3?provider=radiobrowser,MP3,128,Working,3,https://cdn.hotmixradio.com/hotmix-baby-fr-mp3.jpg,tags: baby,radio-browser,Europe/Paris
FR,Hotmix Balearic Vibes,,—,(unlisted),,Other,Other,French,None,Unknown,https://streaming.hotmixradio.com/hotmix-balear-vibes-en-mp3?provider=radiobrowser,MP3,128,Working,3,https://cdn.hotmixradio.com/hotmix-balearic_vibes-en-mp3.jpg,"tags: balearic,balearic beat,ibiza",radio-browser,Europe/Paris
FR,Hotmix Blues,,—,(unlisted),,Music,Rock / Alternative,French,None,Unknown,https://streaming.hotmixradio.com/hotmix-blues-en-mp3?provider=radiobrowser,MP3,128,Working,7,https://cdn.hotmixradio.com/hotmix-blues-en-mp3.jpg,"tags: blues,blues rock",radio-browser,Europe/Paris
FR,Hotmix China,,—,(unlisted),,Other,Other,French,None,Unknown,https://streaming.hotmixradio.com/hotmix-china-en-mp3?provider=radiobrowser,MP3,128,Working,7,https://cdn.hotmixradio.com/hotmix-china-en-mp3.jpg,tags: china,radio-browser,Europe/Paris
FR,Hotmix Classic House,,—,(unlisted),,Music,Electronic / Dance,French,None,Unknown,https://streaming.hotmixradio.com/hotmix-classic-house-en-mp3?provider=radiobrowser,MP3,128,Working,2,https://cdn.hotmixradio.com/hotmix-classic-house-en-mp3.jpg,"tags: club house,house",radio-browser,Europe/Paris
FR,Hotmix Classic Rap,,—,(unlisted),,Music,Hip-hop / Urban,French,None,Unknown,https://streaming.hotmixradio.com/hotmix-classic-rap-en-mp3?provider=radiobrowser,MP3,128,Working,4,https://cdn.hotmixradio.com/hotmix-rap_us-en-mp3.jpg,"tags: hip-hop and rap oldies,rap",radio-browser,Europe/Paris
FR,Hotmix Classic Soul,,—,(unlisted),,Music,Jazz / Soul,French,None,Unknown,https://streaming.hotmixradio.fr/hotmix-classic_soul-en-mp3,MP3,128,Working,3,https://www.radio.fr/100/hotmixclassicsoul.jpeg?version=8de6af053a576aeffd3b936b1a753513ddcc3969,tags: soul,radio-browser,Europe/Paris
FR,Hotmix Classical,,—,(unlisted),,Music,Classical,French,None,Unknown,https://streaming.hotmixradio.com/hotmix-classical-en-mp3?provider=radiobrowser,MP3,128,Working,3,https://cdn.hotmixradio.com/hotmix-classical-en-mp3.jpg,"tags: classical,classical music",radio-browser,Europe/Paris
FR,Hotmix Cocktail Groove,,—,(unlisted),,Other,Other,French,None,Unknown,https://streaming.hotmixradio.com/hotmix-cocktail-groove-en-mp3?provider=radiobrowser,MP3,128,Working,5,https://cdn.hotmixradio.com/hotmix-cocktail_groove-en-mp3.jpg,tags: groove,radio-browser,Europe/Paris
FR,Hotmix Country Hits,,—,(unlisted),,Music,Mixed music,French,None,Unknown,https://streaming.hotmixradio.com/hotmix-country-hits-en-mp3?provider=radiobrowser,MP3,128,Working,4,https://cdn.hotmixradio.com/hotmix-country_hits-en-mp3.jpg,"tags: country,country music,new country",radio-browser,Europe/Paris
FR,Hotmix Dance,,—,(unlisted),,Music,Electronic / Dance,English,None,Unknown,https://streaming.hotmixradio.com/hotmix-dance-en-mp3,MP3,128,Working,60,https://web.hotmixradio.com/favicon.ico,"tags: dance,electro,electronic",radio-browser,Europe/Paris
FR,Hotmix Deep House,,—,(unlisted),,Music,Electronic / Dance,French,None,Unknown,https://streaming.hotmixradio.com/hotmix-deep-en-mp3?provider=radiobrowser,MP3,128,Working,49,https://cdn.hotmixradio.com/hotmix-deep_in_ibz-en-mp3.jpg,"tags: deep,deep house",radio-browser,Europe/Paris
FR,Hotmix Dinner Lounge,,—,(unlisted),,Other,Other,French,None,Unknown,https://streaming.hotmixradio.com/hotmix-dinner-lounge-en-mp3?provider=radiobrowser,MP3,128,Working,5,https://cdn.hotmixradio.com/hotmix-dinner_lounge-en-mp3.jpg,"tags: chillout+lounge,dinner,dinner lounge,lounge",radio-browser,Europe/Paris
FR,Hotmix DIsco Fever,,—,(unlisted),,Other,Other,French,None,Unknown,https://streaming.hotmixradio.com/hotmix-disco-fever-en-mp3?provider=radiobrowser,MP3,128,Working,2,https://cdn.hotmixradio.com/hotmix-disco_fever-en-mp3.jpg,"tags: disco,disco fever",radio-browser,Europe/Paris
FR,Hotmix Disco Funk,,—,(unlisted),,Music,Jazz / Soul,French,None,Unknown,https://streaming.hotmixradio.com/hotmix-disco-funk-en-mp3?provider=radiobrowser,MP3,128,Working,7,https://cdn.hotmixradio.com/hotmix-disco_funk-en-mp3.jpg,"tags: disco,disco funk,funk",radio-browser,Europe/Paris
FR,Hotmix Electro Dance,,—,(unlisted),,Music,Electronic / Dance,French,None,Unknown,https://streaming.hotmixradio.com/hotmix-electro-dance-en-mp3?provider=radiobrowser,MP3,128,Working,9,https://cdn.hotmixradio.com/hotmix-electro_dance-en-mp3.jpg,"tags: dance,edm,electro house",radio-browser,Europe/Paris
FR,Hotmix Frenchy,,—,(unlisted),,Music,Éntekhno / Chanson,French,None,Unknown,https://streaming.hotmixradio.com/hotmix-frenchy-fr-mp3?provider=radiobrowser,MP3,128,Working,3,https://cdn.hotmixradio.com/hotmix-frenchy-fr-mp3.jpg,"tags: french,french chansons,french music",radio-browser,Europe/Paris
FR,Hotmix Funk,,—,(unlisted),,Music,Jazz / Soul,French,None,Unknown,https://streaming.hotmixradio.com/hotmix-funk-en-mp3?provider=radiobrowser,MP3,128,Working,2,https://cdn.hotmixradio.com/hotmix-funk-en-mp3.jpg,"tags: funk,funky",radio-browser,Europe/Paris
FR,Hotmix Greece,,—,(unlisted),,Music,Greek music,French,None,Unknown,https://streaming.hotmixradio.com/hotmix-greece-en-mp3?provider=radiobrowser,MP3,128,Working,6,https://cdn.hotmixradio.com/hotmix-greece-en-mp3.jpg,"tags: greece,greek music",radio-browser,Europe/Paris
FR,Hotmix Happy,,—,(unlisted),,Music,Pop / Hits,French,None,Unknown,https://streaming.hotmixradio.com/hotmix-happy-en-mp3?provider=radiobrowser,MP3,128,Working,3,https://cdn.hotmixradio.com/hotmix-happy-en-mp3.jpg,"tags: happy,happy hits,happy music,happy vibes",radio-browser,Europe/Paris
FR,Hotmix Hard Rock,,—,(unlisted),,Music,Rock / Alternative,French,None,Unknown,https://streaming.hotmixradio.com/hotmix-hard-rock-en-mp3?provider=radiobrowser,MP3,128,Working,6,https://cdn.hotmixradio.com/hotmix-hard_rock-en-mp3.jpg,"tags: classic hard rock,hard rock,hard rock heavy metal,rock",radio-browser,Europe/Paris
FR,Hotmix Hits,,—,(unlisted),,Music,Pop / Hits,French,None,Unknown,https://streaming.hotmixradio.fr/hotmix-hits-en-mp3,MP3,128,Working,14,https://encrypted-tbn0.gstatic.com/images?q=tbn:ANd9GcTWG7cS2WAti3iHMUSHvSYmLy70vpxDmXg3fA&s,tags: hits,radio-browser,Europe/Paris
FR,Hotmix India,,—,(unlisted),,Music,Mixed music,French,None,Unknown,https://streaming.hotmixradio.com/hotmix-india-en-mp3?provider=radiobrowser,MP3,128,Working,11,https://cdn.hotmixradio.com/hotmix-india-en-mp3.jpg,"tags: india,indian music,indians",radio-browser,Europe/Paris
FR,Hotmix Japan,,—,(unlisted),,Music,Mixed music,French,None,Unknown,https://streaming.hotmixradio.com/hotmix-japan-en-mp3?provider=radiobrowser,MP3,128,Working,10,https://cdn.hotmixradio.com/hotmix-japan-en-mp3.jpg,"tags: japan,japanese,japanese music",radio-browser,Europe/Paris
FR,Hotmix K-Pop,,—,(unlisted),,Music,Pop,French,None,Unknown,https://streaming.hotmixradio.com/hotmix-k-pop-en-mp3?provider=radiobrowser,MP3,128,Working,4,https://cdn.hotmixradio.com/hotmix-k-pop-en-mp3.jpg,"tags: k pop,kpop",radio-browser,Europe/Paris
FR,Hotmix Latino,,—,(unlisted),,Music,Hip-hop / Urban,French,None,Unknown,https://streaming.hotmixradio.com/hotmix-latino-en-mp3?provider=radiobrowser,MP3,128,Working,4,https://cdn.hotmixradio.com/hotmix-latino-en-mp3.jpg,"tags: latino,latino urbano,latino-pop,latinoamérica",radio-browser,Europe/Paris
FR,Hotmix Lo-Fi,,—,(unlisted),,Music,Hip-hop / Urban,French,None,Unknown,https://streaming.hotmixradio.com/hotmix-lofi-en-mp3?provider=radiobrowser,MP3,128,Working,7,https://cdn.hotmixradio.com/hotmix-lo-fi-en-mp3.jpg,"tags: lofi,lofi beats,lofi hip hop,lofi study beats",radio-browser,Europe/Paris
FR,hotmix Lounge,,—,(unlisted),,Music,Mixed music,French,None,Unknown,https://streaming.hotmixradio.com/hotmix-lounge-en-mp3?,MP3,128,Working,53,https://www.radio.fr/300/hotmixlounge.jpeg?version=cf0ac3e994b5c65899372a763b4b9cdf,tags: lounge music,radio-browser,Europe/Paris
FR,Hotmix meal,,—,(unlisted),,Music,Rock / Alternative,English,None,Unknown,https://streaming.hotmixradio.com/hotmix-metal-en-mp3,MP3,128,Working,35,https://web.hotmixradio.com/favicon.ico,"tags: heavy metal,metal,nu metal",radio-browser,Europe/Paris
FR,Hotmix Metal,,—,(unlisted),,Music,Rock / Alternative,French,None,Unknown,https://streaming.hotmixradio.com/hotmix-metal-en-mp3?provider=radiobrowser,MP3,128,Working,3,https://cdn.hotmixradio.com/hotmix-metal-en-mp3.jpg,"tags: black metal,death metal,heavy metal,metal,metalcore,nu metal,thrash metal",radio-browser,Europe/Paris
FR,Hotmix Motown,,—,(unlisted),,Other,Other,French,None,Unknown,https://streaming.hotmixradio.com/hotmix-motown-en-mp3?provider=radiobrowser,MP3,128,Working,2,https://cdn.hotmixradio.com/hotmix-motown-en-mp3.jpg,tags: motown,radio-browser,Europe/Paris
FR,Hotmix Nu Disco,,—,(unlisted),,Other,Other,French,None,Unknown,https://streaming.hotmixradio.com/hotmix-nu_disco-en-mp3?provider=radiobrowser,MP3,128,Working,4,https://cdn.hotmixradio.com/hotmix-nu_disco-en-mp3.jpg,"tags: disco,nu disco",radio-browser,Europe/Paris
FR,Hotmix Party Dance,,—,(unlisted),,Music,Electronic / Dance,French,None,Unknown,https://streaming.hotmixradio.com/hotmix-party-dance-en-mp3?provider=radiobrowser,MP3,128,Working,4,,"tags: club dance,dance,party,party dance",radio-browser,Europe/Paris
FR,Hotmix Platinum,,—,(unlisted),,Music,Oldies / 80s-90s,French,None,Unknown,https://streaming.hotmixradio.com/hotmix-platinium-en-mp3?provider=radiobrowser,MP3,128,Working,2,https://cdn.hotmixradio.com/hotmix-platinum-fr-mp3.jpg,"tags: best music,golden oldies,platinum",radio-browser,Europe/Paris
FR,Hotmix Pop Rock,,—,(unlisted),,Music,Rock / Alternative,French,None,Unknown,https://streaming.hotmixradio.com/hotmix-pop-rock-en-mp3?provider=radiobrowser,MP3,128,Working,3,https://cdn.hotmixradio.com/hotmix-pop_rock-fr-mp3.jpg,"tags: pop rock,poprock",radio-browser,Europe/Paris
FR,Hotmix R&B,,—,(unlisted),,Music,Hip-hop / Urban,French,None,Unknown,https://streaming.hotmixradio.com/hotmix-rnb-en-mp3?provider=radiobrowser,MP3,128,Working,4,https://cdn.hotmixradio.com/hotmix-rnb-en-mp3.jpg,"tags: r&b,r&b music,rnb,smooth rnb",radio-browser,Europe/Paris
FR,Hotmix Rap Francais,,—,(unlisted),,Music,Hip-hop / Urban,French,None,Unknown,https://streaming.hotmixradio.com/hotmix-rap-fr-mp3?provider=radiobrowser,MP3,128,Working,21,,"tags: french rap,rap",radio-browser,Europe/Paris
FR,Hotmix Rap US,,—,(unlisted),,Music,Hip-hop / Urban,French,None,Unknown,https://streaming.hotmixradio.com/hotmix-hiphop-us-en-mp3?provider=radiobrowser,MP3,192,Working,10,,"tags: rap,rap hiphop rnb,rap us",radio-browser,Europe/Paris
FR,Hotmix Reggae,,—,(unlisted),,Other,Other,French,None,Unknown,https://streaming.hotmixradio.com/hotmix-reggae-en-mp3?provider=radiobrowser,MP3,128,Working,8,https://cdn.hotmixradio.com/hotmix-reggae-en-mp3.jpg,"tags: reggae,roots reggae,smooth reggae",radio-browser,Europe/Paris
FR,Hotmix RnB,,—,(unlisted),,Other,Other,French,None,Unknown,https://streaming.hotmixradio.fr/hotmix-rnb-en-pre,MP3,320,Working,15,,tags: ,radio-browser,Europe/Paris
FR,Hotmix Rock,,—,(unlisted),,Music,Rock / Alternative,French,None,Unknown,https://streaming.hotmixradio.com/hotmix-rock-en-mp3?provider=radiobrowser,MP3,128,Working,2,https://cdn.hotmixradio.com/hotmix-rock-en-mp3.jpg,"tags: alternative rock,punk rock,rock,soft rock",radio-browser,Europe/Paris
FR,Hotmix Salsa,,—,(unlisted),,Other,Other,French,None,Unknown,https://streaming.hotmixradio.com/hotmix-salsa-en-mp3?provider=radiobrowser,MP3,128,Working,12,https://cdn.hotmixradio.com/hotmix-salsa-en-mp3.jpg,"tags: latin salsa,salsa",radio-browser,Europe/Paris
FR,Hotmix Slow Morning,,—,(unlisted),,Other,Other,French,None,Unknown,https://streaming.hotmixradio.com/hotmix-slow-morning-en-mp3?provider=radiobrowser,MP3,128,Working,2,,"tags: morning,slow,slow morning",radio-browser,Europe/Paris
FR,Hotmix Spain,,—,(unlisted),,Other,Other,French,None,Unknown,https://streaming.hotmixradio.com/hotmix-spain-en-mp3?provider=radiobrowser,MP3,128,Working,4,https://cdn.hotmixradio.com/hotmix-spain-en-mp3.jpg,"tags: español,flamenco,spain",radio-browser,Europe/Paris
FR,Hotmix Sport Hits,,—,(unlisted),,Sports,Sports,French,None,Unknown,https://streaming.hotmixradio.com/hotmix-sport-hits-en-mp3?provider=radiobrowser,MP3,128,Working,3,https://cdn.hotmixradio.com/hotmix-sport-en-mp3.jpg,"tags: sports,sports news",radio-browser,Europe/Paris
FR,Hotmix Sport Workout,,—,(unlisted),,Sports,Sports,French,None,Unknown,https://streaming.hotmixradio.com/hotmix-sport-plus-en-mp3?provider=radiobrowser,MP3,128,Working,2,https://cdn.hotmixradio.com/hotmix-sport_plus-en-mp3.jpg,"tags: sport,workout",radio-browser,Europe/Paris
FR,Hotmixradio frenchy ,,—,(unlisted),,Other,Other,French,None,Unknown,https://streaming.hotmixradio.com/hotmix-frenchy-fr-mp3?,MP3,128,Working,8,,tags: ,radio-browser,Europe/Paris
FR,HotmixRadio Sunny,,—,(unlisted),,Other,Other,French,None,Unknown,http://streaming.hotmixradio.fr/hotmix-sunny-en-mp3,MP3,128,Working,7,,tags: ,radio-browser,Europe/Paris
FR,I have a dream,,—,(unlisted),,Music,World music,French,None,Unknown,http://live.radio-ihaveadream.com/?type=http&nocache=392/;stream/1,MP3,128,Working,81,http://www.radio-ihaveadream.com/favicon.ico,"tags: general,reggae,world music",radio-browser,Europe/Paris
FR,Ibrahim ,,—,(unlisted),,Other,Other,French,None,Unknown,http://hosting.studioradiomedia.fr:1080/stream,MP3,320,Working,21,,tags: ,radio-browser,Europe/Paris
FR,ICI 100% Chanson française,,—,(unlisted),,Other,Other,French,None,Unknown,https://icecast.radiofrance.fr/fbchansonfrancaise-hifi.aac,AAC,192,Working,134,https://www.francebleu.fr/favicons/apple-touch-icon-180x180.png,tags: variété française 80's 90's & 2000's,radio-browser,Europe/Paris
FR,ICI 100% Chansons françaises,,—,(unlisted),,Other,Other,"Fra,French",None,Unknown,https://icecast.radiofrance.fr/fbchansonfrancaise-hifi.aac,AAC,192,Working,83,https://upload.wikimedia.org/wikipedia/commons/c/c6/Logo_ICI_par_France_Bleu_et_France_3.svg,"tags: french songs from the 60s to the present day,variété française des années 60 à nos jours",radio-browser,Europe/Paris
FR,Ici Drome Ardecche,,—,(unlisted),,Other,Other,French,None,Unknown,http://direct.francebleu.fr/live/fbdromeardeche-midfi.mp3,MP3,128,Working,2,,tags: ,radio-browser,Europe/Paris
FR,Ici Loire Océan,,—,(unlisted),,Other,Other,French,None,Unknown,http://direct.francebleu.fr/live/fbloireocean-midfi.mp3,MP3,128,Working,4,,tags: regional,radio-browser,Europe/Paris
FR,ICI NORD,,—,(unlisted),,Other,Other,French,None,Unknown,https://stream.radiofrance.fr/fbnord/fbnord_midfi.m3u8,UNKNOWN,,Working,637,https://www.francebleu.fr/images/logo-ici.jpg,tags: régionale,radio-browser,Europe/Paris
FR,ICI Picardie,,—,(unlisted),,Other,Other,French,None,Unknown,https://stream.radiofrance.fr/fbpicardie/fbpicardie_lofi.m3u8,UNKNOWN,,Working,6,https://france3-regions.francetvinfo.fr/image/thQ-APUfopLbhRQ-a29GfT_Hmb8/1398x819/regions/2024/11/04/capture-6728a8716f4ef458287475.jpg,tags: ,radio-browser,Europe/Paris
FR,ici Poitou,,—,(unlisted),,Other,Other,French,None,Unknown,http://direct.francebleu.fr/live/fbpoitou-midfi.mp3,MP3,128,Working,4,https://charte.radiofrance.fr/images/ici/ici-avatar.png,tags: ,radio-browser,Europe/Paris
FR,Identité radio,,—,(unlisted),,Other,Other,French,None,Unknown,https://listen.radioking.com/radio/26860/stream/59584,MP3,128,Working,4,,tags: ,radio-browser,Europe/Paris
FR,In2 Mix FR,,—,(unlisted),,Other,Other,French,None,Unknown,https://listen.radioking.com/radio/384/stream/1613,MP3,128,Working,3,,tags: ,radio-browser,Europe/Paris
FR,Info RC,,—,(unlisted),,Other,Other,French,None,Unknown,https://live.aurafm.org/InfoRC,MP3,192,Working,20,,tags: ,radio-browser,Europe/Paris
FR,Infraordinary Five Radio Stations,,—,(unlisted),,Other,Other,French,None,Unknown,https://infraordinary.fiveradiostations.com:8443/stream,MP3,,Working,30,,tags: ,radio-browser,Europe/Paris
FR,Irulegiko Irratia,,—,(unlisted),,News & Talk,News & Talk + Music,"Basque,Euskera",None,Unknown,https://hosting.studioradiomedia.fr:1365/stream,MP3,320,Working,48,,"tags: abisuak,basque music,local information,local music,local news",radio-browser,Europe/Paris
FR,ISEKOI Radio,,—,(unlisted),,Music,Electronic / Dance,"English,French",None,Unknown,https://public.isekoi-radio.com/listen/isekoi/radio.mp3,MP3,320,Working,41,https://i.postimg.cc/BQZXKJnh/LOGO-3-2-bg1.png,"tags: dance,dnb,drum & bass,eclectic,electronic,hip-hop,house,rap,techno",radio-browser,Europe/Paris
FR,ISEKOI Radio | Chill Zone,,—,(unlisted),,Music,Jazz / Soul,"English,French",None,Unknown,https://public.isekoi-radio.com/listen/chill/radio.mp3,MP3,320,Working,86,https://i.postimg.cc/ncdMKNsn/LOGO-3-2-bg4.png,"tags: chill,chillout,electronic,house,intelligent drum and bass,intelligent drum&bass,liquid,liquid drum and bas,liquid funk,lofi,phonk,relax",radio-browser,Europe/Paris
FR,ISEKOI Radio | Non-Stop Ambient,,—,(unlisted),,Other,Other,"English,French",None,Unknown,https://public.isekoi-radio.com/listen/ambient/ambientradio.flac,OGG,128,Working,112,https://i.postimg.cc/3rFkNkY4/LOGO-3-2-bg3.png,"tags: ambient,meditation,relax,relaxation",radio-browser,Europe/Paris
FR,Italo Radio FM,,—,(unlisted),,Other,Other,"English,French",None,Unknown,http://danceradio1.shoutcaststream.com:8102/;,MP3,192,Working,106,,"tags: euro disco,italo disco",radio-browser,Europe/Paris
FR,Jade FM,,—,(unlisted),,Other,Other,French,None,Unknown,https://diffusion.lafrap.fr/radiochrono.mp3,MP3,80,Working,18,https://jadefm.fr/upload/6034f72fbd05f4.03480480.ico,tags: ,radio-browser,Europe/Paris
FR,Jazz,,—,(unlisted),,Other,Other,French,None,Unknown,https://jazzradio.ice.infomaniak.ch/jazzradio-high.mp3,MP3,192,Working,24,,tags: ,radio-browser,Europe/Paris
FR,Jazz Afro,,—,(unlisted),,Music,Jazz / Soul,French,None,Unknown,http://jazz-radio-afro.ice.infomaniak.ch/jazz-radio-afro.mp3,MP3,128,Working,292,http://www.jazzradio.fr/apple-touch-icon-120x120.png,"tags: afro,jazz",radio-browser,Europe/Paris
FR,Jazz Manouche,,—,(unlisted),,Other,Other,French,None,Unknown,https://jazz-wr02.ice.infomaniak.ch/jazz-wr02-128.mp3,MP3,128,Working,116,https://www.jazzradio.fr/media/radio/thumb/180x180_jazz-manouche.webp,tags: ,radio-browser,Europe/Paris
FR,Jazz Radio,,—,(unlisted),,Music,Jazz / Soul,French,None,Unknown,http://jazzradio.ice.infomaniak.ch/jazzradio-high.mp3,MP3,192,Working,50589,http://www.jazzradio.fr/apple-touch-icon-120x120.png,"tags: jazz,soul",radio-browser,Europe/Paris
FR,JAZZ RADIO - Jazz & Classique,,—,(unlisted),,Other,Other,French,None,Unknown,http://jazz-wr17.ice.infomaniak.ch/jazz-wr17-128.mp3,MP3,128,Working,634,https://www.jazzradio.fr/apple-touch-icon-120x120.png,tags: ,radio-browser,Europe/Paris
FR,Jazz Radio - La radio de tous les Jazz,,—,(unlisted),,Music,Jazz / Soul,French,None,Unknown,http://jazzradio.ice.infomaniak.ch/jazzradio-high.mp3,MP3,192,Working,167,https://www.jazzradio.fr/media/option/logo-jazzradio-52715.webp,"tags: jazz,soul",radio-browser,Europe/Paris
FR,Jazz Radio Afro,,—,(unlisted),,Other,Other,French,None,Unknown,https://jazz-radio-afro.ice.infomaniak.ch/jazz-radio-afro.mp3,MP3,128,Working,34,https://www.jazzradio.fr/apple-touch-icon-120x120.png,tags: ,radio-browser,Europe/Paris
FR,Jazz Radio Black Music,,—,(unlisted),,Music,Jazz / Soul,French,None,Unknown,http://jazzblackmusic.ice.infomaniak.ch/jazzblackmusic-high.mp3,MP3,128,Working,1818,http://www.jazzradio.fr/apple-touch-icon-120x120.png,"tags: black,blasmusik,jazz,music",radio-browser,Europe/Paris
FR,Jazz Radio Blues,,—,(unlisted),,Music,Jazz / Soul,French,None,Unknown,http://jazzblues.ice.infomaniak.ch/jazzblues-high.mp3,MP3,128,Working,65293,https://www.jazzradio.fr/apple-touch-icon-120x120.png,"tags: blues,jazz",radio-browser,Europe/Paris
FR,Jazz Radio Classic FR,,—,(unlisted),,Other,Other,French,None,Unknown,http://jazz-wr01.ice.infomaniak.ch/jazz-wr01-128.mp3,MP3,128,Working,42,https://www.jazzradio.fr/apple-touch-icon-120x120.png,tags: ,radio-browser,Europe/Paris
FR,Jazz Radio Classic Jazz,,—,(unlisted),,Music,Classical,French,None,Unknown,http://jazz-wr01.ice.infomaniak.ch/jazz-wr01-128.mp3,MP3,128,Working,28289,https://www.jazzradio.fr/apple-touch-icon-120x120.png,"tags: classical,jazz",radio-browser,Europe/Paris
FR,Jazz Radio Contemporary Jazz,,—,(unlisted),,Music,Jazz / Soul,French,None,Unknown,http://jazz-wr05.ice.infomaniak.ch/jazz-wr05-128.mp3,MP3,128,Working,1194,https://www.jazzradio.fr/apple-touch-icon-120x120.png,"tags: contemporary,jazz",radio-browser,Europe/Paris
FR,Jazz Radio Electro Swing,,—,(unlisted),,Music,Jazz / Soul,French,None,Unknown,http://jazz-wr04.ice.infomaniak.ch/jazz-wr04-128.mp3,MP3,128,Working,5983,http://www.jazzradio.fr/apple-touch-icon-120x120.png,"tags: electro,jazz,swing",radio-browser,Europe/Paris
FR,Jazz Radio Funk,,—,(unlisted),,Music,Jazz / Soul,French,None,Unknown,http://jazz-wr06.ice.infomaniak.ch/jazz-wr06-128.mp3,MP3,128,Working,17965,https://www.jazzradio.fr/apple-touch-icon-120x120.png,tags: funk,radio-browser,Europe/Paris
FR,Jazz Radio Gospel,,—,(unlisted),,Religious,Religious,French,None,Unknown,http://jazz-wr07.ice.infomaniak.ch/jazz-wr07-128.mp3,MP3,128,Working,803,http://www.jazzradio.fr/apple-touch-icon-120x120.png,"tags: gospel,jazz",radio-browser,Europe/Paris
FR,Jazz Radio Groov'Up,,—,(unlisted),,Music,Jazz / Soul,French,None,Unknown,http://jazz-wr13.ice.infomaniak.ch/jazz-wr13-128.mp3,MP3,128,Working,302,http://www.jazzradio.fr/apple-touch-icon-120x120.png,"tags: groove,jazz",radio-browser,Europe/Paris
FR,Jazz Radio Groove,,—,(unlisted),,Music,Jazz / Soul,French,None,Unknown,http://jazz-wr08.ice.infomaniak.ch/jazz-wr08-128.mp3,MP3,128,Working,872,,"tags: groove,jazz",radio-browser,Europe/Paris
FR,Jazz Radio Happy Hour,,—,(unlisted),,Music,Jazz / Soul,French,None,Unknown,http://jazz-wr14.ice.infomaniak.ch/jazz-wr14-128.mp3,MP3,128,Working,260,https://www.jazzradio.fr/apple-touch-icon-120x120.png,tags: jazz,radio-browser,Europe/Paris
FR,Jazz Radio Jazz & Cinema,,—,(unlisted),,Music,Jazz / Soul,French,None,Unknown,http://jzr-wr20.ice.infomaniak.ch/jzr-wr20.mp3,MP3,128,Working,702,https://www.jazzradio.fr/apple-touch-icon-120x120.png,"tags: cinema,jazz",radio-browser,Europe/Paris
FR,Jazz Radio Jazz Fusion,,—,(unlisted),,Other,Other,French,None,Unknown,https://jazz-radio-fusion.ice.infomaniak.ch/jazz-radio-fusion.mp3,MP3,128,Working,316,https://www.allzicradio.com/media/radios/jazzradio-1400x1400_fusion.png,tags: ,radio-browser,Europe/Paris
FR,Jazz Radio Jazzy French,,—,(unlisted),,Music,Jazz / Soul,French,None,Unknown,http://jazz-wr18.ice.infomaniak.ch/jazz-wr18-128.mp3,MP3,128,Working,1024,https://www.jazzradio.fr/apple-touch-icon-120x120.png,"tags: french music,jazz",radio-browser,Europe/Paris
FR,Jazz Radio Ladies & Crooners,,—,(unlisted),,Music,Jazz / Soul,French,None,Unknown,http://jazzladiescrooners.ice.infomaniak.ch/jazzladiescrooners-high.mp3,MP3,128,Working,1667,https://www.jazzradio.fr/apple-touch-icon-120x120.png,tags: jazz,radio-browser,Europe/Paris
FR,Jazz Radio Latin Jazz,,—,(unlisted),,Music,Jazz / Soul,French,None,Unknown,http://jazz-wr09.ice.infomaniak.ch/jazz-wr09-128.mp3,MP3,128,Working,3864,http://www.jazzradio.fr/apple-touch-icon-120x120.png,"tags: jazz,latin,latin jazz,latino",radio-browser,Europe/Paris
FR,Jazz Radio Lounge,,—,(unlisted),,Other,Other,French,None,Unknown,http://jazzlounge.ice.infomaniak.ch/jazzlounge-high.mp3,MP3,128,Working,2992,http://www.jazzradio.fr/apple-touch-icon-120x120.png,tags: lounge,radio-browser,Europe/Paris
FR,Jazz Radio Manouche,,—,(unlisted),,Music,Jazz / Soul,French,None,Unknown,http://jazz-wr02.ice.infomaniak.ch/jazz-wr02-128.mp3,MP3,128,Working,1725,https://www.jazzradio.fr/apple-touch-icon-120x120.png,"tags: django,jazz,manouche",radio-browser,Europe/Paris
FR,Jazz Radio New Orleans,,—,(unlisted),,Music,Jazz / Soul,French,None,Unknown,http://jazz-wr03.ice.infomaniak.ch/jazz-wr03-128.mp3,MP3,128,Working,599,https://www.jazzradio.fr/apple-touch-icon-120x120.png,tags: jazz,radio-browser,Europe/Paris
FR,Jazz Radio Nouveautés Jazz,,—,(unlisted),,Music,Jazz / Soul,French,None,Unknown,http://jzr-wr99.ice.infomaniak.ch/jzr-wr99.mp3,MP3,128,Working,183,https://www.jazzradio.fr/apple-touch-icon-120x120.png,tags: jazz,radio-browser,Europe/Paris
FR,Jazz Radio Only Women,,—,(unlisted),,Music,Jazz / Soul,French,None,Unknown,http://jazz-wr16.ice.infomaniak.ch/jazz-wr16-128.mp3,MP3,128,Working,9496,https://www.jazzradio.fr/apple-touch-icon-120x120.png,"tags: jazz,women",radio-browser,Europe/Paris
FR,Jazz Radio Piano Jazz,,—,(unlisted),,Music,Jazz / Soul,French,None,Unknown,http://jzr-piano.ice.infomaniak.ch/jzr-piano.mp3,MP3,128,Working,4590,https://www.jazzradio.fr/apple-touch-icon-120x120.png,"tags: jazz,piano",radio-browser,Europe/Paris
FR,Jazz Radio Reprises,,—,(unlisted),,Music,Jazz / Soul,French,None,Unknown,http://reprises.ice.infomaniak.ch/reprises-high.mp3,MP3,128,Working,209,https://www.jazzradio.fr/apple-touch-icon-120x120.png,tags: jazz,radio-browser,Europe/Paris
FR,Jazz Radio Saxo Jazz,,—,(unlisted),,Music,Jazz / Soul,French,None,Unknown,http://jzr-saxo.ice.infomaniak.ch/jzr-saxo.mp3,MP3,128,Working,1506,https://www.jazzradio.fr/apple-touch-icon-120x120.png,tags: jazz,radio-browser,Europe/Paris
FR,Jazz Radio Soul,,—,(unlisted),,Music,Jazz / Soul,French,None,Unknown,http://jazz-wr10.ice.infomaniak.ch/jazz-wr10-128.mp3,MP3,128,Working,5438,https://www.jazzradio.fr/apple-touch-icon-120x120.png,tags: soul,radio-browser,Europe/Paris
FR,Jazz Radio Soul Food by DJ Philgood,,—,(unlisted),,Music,Jazz / Soul,French,None,Unknown,http://jazz-wr12.ice.infomaniak.ch/jazz-wr12-128.mp3,MP3,128,Working,569,https://www.jazzradio.fr/apple-touch-icon-120x120.png,"tags: jazz,soul",radio-browser,Europe/Paris
FR,Jazz Radio Stax and Motown,,—,(unlisted),,Music,Jazz / Soul,French,None,Unknown,http://jazz-wr15.ice.infomaniak.ch/jazz-wr15-128.mp3,MP3,128,Working,847,http://www.jazzradio.fr/media/radio/thumb/90x90_stax-and-motown.png,"tags: funk,jazz,motown,soul,stax",radio-browser,Europe/Paris
FR,Jazz Radio Sunset,,—,(unlisted),,Music,Jazz / Soul,French,None,Unknown,http://jzr-sunset.ice.infomaniak.ch/jzr-sunset.mp3,MP3,128,Working,163,http://www.jazzradio.fr/apple-touch-icon-120x120.png,tags: jazz,radio-browser,Europe/Paris
FR,Jazz Radio Zen Attitude,,—,(unlisted),,Music,Jazz / Soul,French,None,Unknown,http://zen-attitude.ice.infomaniak.ch/zen-attitude.mp3,MP3,128,Working,512,https://www.jazzradio.fr/apple-touch-icon-120x120.png,"tags: jazz,soul",radio-browser,Europe/Paris
FR,Jazz Swing Manouche Radio,,—,(unlisted),,Music,Jazz / Soul,French,None,Unknown,http://stream.radiojar.com/6rxpyrnzsv5tv,MP3,,Working,137,"https://static.wixstatic.com/media/24812b_0f6ba96bb33141c9b011b429bbef1964~mv2.png/v1/fill/w_178,h_154,al_c,q_85,usm_0.66_1.00_0.01,enc_auto/24812b_0f6ba96bb33141c9b011b429bbef1964~mv2.png",tags: jazz manouche / gypsy jazz / gypsy swing,radio-browser,Europe/Paris
FR,JazzRadio.fr Blues,,—,(unlisted),,Other,Other,French,None,Unknown,https://jazzblues.ice.infomaniak.ch/jazzblues-high.mp3,MP3,128,Working,326,https://www.jazzradio.fr/media/radio/thumb/100x100_blues.png,tags: blues,radio-browser,Europe/Paris
FR,JazzRadio.fr Funk,,—,(unlisted),,Music,Jazz / Soul,French,None,Unknown,https://jazz-wr06.ice.infomaniak.ch/jazz-wr06-128.mp3,MP3,128,Working,324,https://www.jazzradio.fr/apple-touch-icon-120x120.png,tags: funk,radio-browser,Europe/Paris
FR,Jazzradio.fr Gospel,,—,(unlisted),,Other,Other,French,None,Unknown,https://jazz-wr07.ice.infomaniak.ch/jazz-wr07-64.aac,AAC+,64,Working,94,https://www.jazzradio.fr/apple-touch-icon-120x120.png,tags: ,radio-browser,Europe/Paris
FR,JazzRadio.fr Groove,,—,(unlisted),,Music,Jazz / Soul,French,None,Unknown,https://jazz-wr08.ice.infomaniak.ch/jazz-wr08-128.mp3,MP3,128,Working,93,https://www.jazzradio.fr/media/radio/thumb/100x100_groove.png,"tags: groove,soul",radio-browser,Europe/Paris
FR,Jazzradio.fr Jazz & Cinema,,—,(unlisted),,Music,Jazz / Soul,French,None,Unknown,https://jzr-wr20.ice.infomaniak.ch/jzr-wr20.mp3,MP3,128,Working,125,https://www.jazzradio.fr/apple-touch-icon-120x120.png,"tags: cinema,jazz",radio-browser,Europe/Paris
FR,Jazzradio.fr Jazz & Classique,,—,(unlisted),,Music,Jazz / Soul,French,None,Unknown,https://jazz-wr17.ice.infomaniak.ch/jazz-wr17-128.mp3,MP3,128,Working,3213,,"tags: classic,jazz",radio-browser,Europe/Paris
FR,Jazzradio.fr Jazz Manouche,,—,(unlisted),,Music,Jazz / Soul,French,None,Unknown,https://jazz-wr02.ice.infomaniak.ch/jazz-wr02-128.mp3,MP3,128,Working,82,https://www.jazzradio.fr/media/radio/thumb/160x160_jazz-manouche.webp,"tags: jazz,manouche",radio-browser,Europe/Paris
FR,JazzRadio.fr Nouveautés Soul,,—,(unlisted),,Music,Jazz / Soul,"English,French",None,Unknown,http://jzr-wr19.ice.infomaniak.ch/jzr-wr19-128.mp3,MP3,128,Working,108,https://www.jazzradio.fr/apple-touch-icon-120x120.png,"tags: new soul,soul,soulful,soulful house",radio-browser,Europe/Paris
FR,Jecrois Radio,,—,(unlisted),,Religious,Religious,French,None,Unknown,http://jecroisradio.stream.laut.fm/jecroisradio,MP3,128,Working,11,,tags: christian,radio-browser,Europe/Paris
FR,Kif Radio,,—,(unlisted),,Music,Jazz / Soul,French,None,Unknown,http://eagle.streemlion.com:4168/stream,AAC,320,Working,121,,"tags: disco,funk,house",radio-browser,Europe/Paris
FR,KISS Pop Rock,,—,(unlisted),,Music,Jazz / Soul,"English,French",None,Unknown,https://radiola.me/listen/kiss_pop_rock/radio.mp3,MP3,192,Working,90,,"tags: blues,pop,pop rock,rock,soul",radio-browser,Europe/Paris
FR,Kiss West Coast,,—,(unlisted),,Other,Other,French,None,Unknown,http://kisswestcoast.ice.infomaniak.ch/kisswestcoast-64.aac,AAC+,96,Working,72,,tags: ,radio-browser,Europe/Paris
FR,Kizrock Métal,,—,(unlisted),,Other,Other,French,None,Unknown,https://go.2stream.net/kizrock_metal,MP3,128,Working,201,,tags: ,radio-browser,Europe/Paris
FR,Kizrock Rock,,—,(unlisted),,Other,Other,French,None,Unknown,https://go.2stream.net/kizrock,MP3,128,Working,17,,tags: ,radio-browser,Europe/Paris
FR,Kohina,,—,(unlisted),,Other,Other,French,None,Unknown,https://kohina.duckdns.org/icecast/stream.ogg,OGG,,Working,240,,"tags: chiptunes,retro games",radio-browser,Europe/Paris
FR,Kolectiv',,—,(unlisted),,Other,Other,French,None,Unknown,https://listen.radioking.com/radio/480/stream/1844,MP3,128,Working,18,,tags: radio associative,radio-browser,Europe/Paris
FR,KTO Radio,,—,(unlisted),,Other,Other,French,None,Unknown,https://liveradiokto.akamaized.net/hls/live/20000054/ktoradio/master.m3u8,UNKNOWN,466,Working,45,https://www.ktoradio.com/_next/image?url=https%3A%2F%2Fns3200830.ip-141-94-133.eu%2Fradioscreen%2Fdata%2Fprod%2Fe7696813-ef6f-4d8a-b522-ddf327bdd87a%2Fdab-gen%2Fimage.jpg%3Fts%3D1768733601157&w=256&q=75,tags: ,radio-browser,Europe/Paris
FR,LA GRANDE MUSIQUE,,—,(unlisted),,Music,Classical,"Francaise,French",None,Unknown,https://stream.rcs.revma.com/186wgykpq42vv,MP3,,Working,3,"https://static.wixstatic.com/media/6ee214_ca4e9e9812994f4e868ce25d93722f71~mv2.png/v1/fill/w_324,h_212,al_c,q_85,usm_0.66_1.00_0.01,enc_avif,quality_auto/1200_800%20logo%20LGMpremium.png","tags: classical,classique",radio-browser,Europe/Paris
FR,LA GRANDE MUSIQUE Baroque,,—,(unlisted),,Music,Classical,"Francaise,French",None,Unknown,https://stream.rcs.revma.com/1g8a3ufsyp3vv,MP3,,Working,12,https://api.radiosolution.fr/data/logos/552_248_logo_lgm_baroque.png,"tags: baroque,classical baroque",radio-browser,Europe/Paris
FR,LA GRANDE MUSIQUE Romantique,,—,(unlisted),,Other,Other,French,None,Unknown,https://stream.rcs.revma.com/0954k2fsyp3vv,MP3,,Working,2,https://api.radiosolution.fr/data/logos/552_248_logo_lgm_romantique.png,tags: ,radio-browser,Europe/Paris
FR,La Grande Ourse ✨,,—,(unlisted),,Other,Other,French,None,Unknown,https://cast.lagrandeourse.radio.fm/listen/radio/live.mp3,MP3,,Working,5,,tags: ,radio-browser,Europe/Paris
FR,La grande évasion,,—,(unlisted),,Music,Mixed music,French,None,Unknown,https://radio.lagrandeevasion.fr/evasion,AAC,128,Working,10,https://www.lagrandeevasion.fr/wp-content/themes/gnu/library/fav/favicon-32x32.png,"tags: movie,music",radio-browser,Europe/Paris
FR,La Grosse Radio METAL - 192 kbit/s,,—,(unlisted),,Music,Rock / Alternative,French,None,Unknown,https://hd.lagrosseradio.info/lagrosseradio-metal-192.mp3,MP3,192,Working,13,https://www.lagrosseradio.com/wp-content/uploads/2025/03/LGR_Metal_carre-3.png,tags: metal,radio-browser,Europe/Paris
FR,La Grosse Radio Reggae,,—,(unlisted),,Music,Mixed music,French,None,Unknown,http://hd.lagrosseradio.info/lagrosseradio-reggae-192.mp3,MP3,192,Working,31162,https://www.lagrosseradio.com/favicon.ico,"tags: music,reggae",radio-browser,Europe/Paris
FR,La Grosse Radio Rock,,—,(unlisted),,Music,Rock / Alternative,French,None,Unknown,http://hd.lagrosseradio.info/lagrosseradio-rock-192.mp3,MP3,192,Working,3025,,"tags: music,rock",radio-browser,Europe/Paris
FR,La Grosse Radio Rock Alternative,,—,(unlisted),,Other,Other,French,None,Unknown,https://hd.lagrosseradio.info/lagrosseradio-rock-192.mp3,MP3,192,Working,42,https://www.lagrosseradio.com/wp-content/uploads/2020/11/logo_rock.png,tags: ,radio-browser,Europe/Paris
FR,La Grosse Radio Métal,,—,(unlisted),,Music,Rock / Alternative,French,None,Unknown,http://hd.lagrosseradio.info/lagrosseradio-metal-192.mp3,MP3,192,Working,14164,,"tags: metal,music",radio-browser,Europe/Paris
FR,La Grosse Tambouille,,—,(unlisted),,Music,Mixed music,"Francaise,French",None,Unknown,https://flux.lagrossetambouille.fr/main,MP3,192,Working,33,https://lagrossetambouille.fr/logo.png,"tags: grosse tambouille,indépendante,libre,musique,sanspub,éclectique",radio-browser,Europe/Paris
FR,la note picking ,,—,(unlisted),,Other,Other,French,None,Unknown,http://streaming.radionomy.com/Acoustic-Guitar,MP3,128,Working,33,https://la-note-picking-radio-05.webself.net/favicon.ico,tags: guitare,radio-browser,Europe/Paris
FR,La note Picking Radio,,—,(unlisted),,Other,Other,French,None,Unknown,http://www.radioking.com/play/la-note-picking-radio,MP3,128,Working,52,https://la-note-picking-radio-05.webself.net/favicon.ico,tags: acoustic guitar,radio-browser,Europe/Paris
FR,La Patate Douce,,—,(unlisted),,Music,Jazz / Soul,French,None,Unknown,http://listen.radioking.com/radio/285742/stream/331753,MP3,128,Working,99,,"tags: afro soul,disco funk,groove,house",radio-browser,Europe/Paris
FR,La Pop’ulaire FLAC,,—,(unlisted),,Music,Pop,French,None,Unknown,http://hyperion.lapopulai.re:8000/radio.flac,OGG,128,Working,83,,tags: pop,radio-browser,Europe/Paris
FR,la radio de Jet,,—,(unlisted),,Other,Other,French,None,Unknown,https://diffusion.lafrap.fr/jetfm.mp3,MP3,128,Working,7,,tags: ,radio-browser,Europe/Paris
FR,La radio Plus,,—,(unlisted),,Other,Other,French,None,Unknown,http://laradioplus.ice.infomaniak.ch/laradioplus-high.mp3,MP3,128,Working,235,https://www.laradioplus.com/apple-touch-icon-120x120.png,tags: ,radio-browser,Europe/Paris
FR,La Radio Sans Pub,,—,(unlisted),,Other,Other,French,None,Unknown,http://live1.jupinfo.fr:8000/play,MP3,170,Working,29,,tags: ,radio-browser,Europe/Paris
FR,La Tribu,,—,(unlisted),,Other,Other,Francaise,None,Unknown,http://radio10.pro-fhi.net/radio/9003/live.mp3,AAC+,88,Working,8,https://www.lafrap.fr/wp-content/uploads/2009/12/LaTribu-logo.jpg,tags: ,radio-browser,Europe/Paris
FR,LaMellotron,,—,(unlisted),,Other,Other,"English,French",None,Unknown,https://listen.radioking.com/radio/477719/stream/534044,MP3,128,Working,72,,"tags: dj sets,various",radio-browser,Europe/Paris
FR,LARS'N,,—,(unlisted),,Music,Mixed music,"English,French,Spanish",None,Unknown,https://radio.larsn.fr:8443/main,OGG,,Working,7,,"tags: documentaries,local music,local radio,musique,radio associative",radio-browser,Europe/Paris
FR,Latina @Work,,—,(unlisted),,Other,Other,French,None,Unknown,http://latinawork.ice.infomaniak.ch/latinawork.mp3,MP3,128,Working,155,https://bocir-prod-bucket.s3.eu-west-1.amazonaws.com/radios/latina/images/favicon.ico,tags: latin,radio-browser,Europe/Paris
FR,Latina fiesta,,—,(unlisted),,Music,Mixed music,French,None,Unknown,https://latinafiesta.ice.infomaniak.ch/latinafiesta.mp3,MP3,128,Working,757,https://ecouter.lesindesradios.net/logos/orange329.png,tags: latin music,radio-browser,Europe/Paris
FR,Latina Kizomba,,—,(unlisted),,Other,Other,French,None,Unknown,https://latinakizomba.ice.infomaniak.ch/latinakizomba.mp3,MP3,128,Working,4,https://medias.lesindesradios.fr/t:app(web)/t:r(4zBp8fj7Rq)/fit-in/300x2000/filters:format(webp)/filters:quality(100)/radios/latina/images/logo_m1iLvmwBrF.png,tags: ,radio-browser,Europe/Paris
FR,Latina love,,—,(unlisted),,Music,Mixed music,French,None,Unknown,http://latinalove.ice.infomaniak.ch/latinalove.mp3,MP3,128,Working,310,https://ecouter.lesindesradios.net/logos/orange326.png,"tags: latin music,love",radio-browser,Europe/Paris
FR,Latina Reggaeton,,—,(unlisted),,Other,Other,French,None,Unknown,http://latinareggaeton.ice.infomaniak.ch/latinareggaeton.mp3,MP3,128,Working,12082,https://bocir-prod-bucket.s3.eu-west-1.amazonaws.com/radios/latina/images/favicon.ico,"tags: latin,reggaeton",radio-browser,Europe/Paris
FR,Latina Salsa,,—,(unlisted),,Other,Other,French,None,Unknown,http://latinasalsa.ice.infomaniak.ch/latinasalsa.mp3,MP3,128,Working,21833,https://bocir-prod-bucket.s3.eu-west-1.amazonaws.com/radios/latina/images/favicon.ico,tags: latin,radio-browser,Europe/Paris
FR,LE BON MIX,,—,(unlisted),,Other,Other,French,None,Unknown,https://stream10.xdevel.com/audio11s976748-2015/stream/icecast.audio,AAC+,192,Working,21,https://admuzzum.xdevel.com/cloud/x/cid/35/im/png/XZXW/Q/XY/20dcef61bfe95be20b65258bba132163.png,tags: ,radio-browser,Europe/Paris
FR,Le Bon Mix - AAC320LC,,—,(unlisted),,Music,Jazz / Soul,French,None,Unknown,https://stream10.xdevel.com/audio13s976748-2017/stream/icecast.audio,AAC+,320,Working,148,https://static.wixstatic.com/media/8f2aad_2f0459e46d6642cebdb7f500dd35abc3~mv2.png,"tags: disco,eclectic,funk,jazz,reggae,rock,soul,soundtracks",radio-browser,Europe/Paris
FR,Le Bon Mix Dynamic - AAC192LC,,—,(unlisted),,Music,Electronic / Dance,French,None,Unknown,https://stream10.xdevel.com/audio15s976748-2112/stream/icecast.audio,AAC+,192,Working,86,https://static.wixstatic.com/media/8f2aad_dcbd6c98b6d541609e600ae3d73de849~mv2.png,"tags: electro,house music,techno",radio-browser,Europe/Paris
FR,Le Bon Mix Radio 97.9,,—,(unlisted),,Music,Jazz / Soul,"English,French",None,Unknown,https://stream10.xdevel.com/audio13s976748-2017/stream/icecast.audio,AAC+,320,Working,317,https://admuzzum.xdevel.com/cloud/x/cid/35/im/png/XZXW/Q/XY/20dcef61bfe95be20b65258bba132163.png,"tags: disco,electro,funk,jazz,music,pop,raggae,rock,sanspub,soul,world",radio-browser,Europe/Paris
FR,Le Bon mix soft,,—,(unlisted),,Music,Classical,French,None,Unknown,https://stream9.xdevel.com/audio1s976748-1515/stream/icecast.audio,AAC+,,Working,176,,tags: classical,radio-browser,Europe/Paris
FR,Le bouquet Granvillais,,—,(unlisted),,News & Talk,News & Talk + Music,French,None,Unknown,https://www.radioking.com/play/lebouquetgranvillais,MP3,128,Working,19,https://radio.lebouquetgranvillais.fr/upload/51bf0534b8eaa1.96289316.ico,"tags: actualites,local information,local music,pop music",radio-browser,Europe/Paris
FR,Le Grand Studio RTL,,—,(unlisted),,Music,Éntekhno / Chanson,French,None,Unknown,https://live.m6radio.quortex.io/webpHJPXnXrN7B6J7Q8mcqmxP/webradio/legrandstudiortl/130/audio-64000/index.m3u8,AAC,64,Working,27,,"tags: chansons françaises,live music,music",radio-browser,Europe/Paris
FR,Le Grigri,,—,(unlisted),,Music,World music,French,None,Unknown,https://www.radioking.com/play/legrigri/273715,MP3,192,Working,153,https://www.le-grigri.com/favicon.ico,"tags: african music,free jazz,hip-hop,jazz,world music",radio-browser,Europe/Paris
FR,"Le Grigri, radio porte-bonheur",,—,(unlisted),,Other,Other,French,None,Unknown,https://listen.radioking.com/radio/139090/stream/179170,MP3,128,Working,119,,"tags: grigri,legrigri",radio-browser,Europe/Paris
FR,Le Mouv',,—,(unlisted),,Music,Hip-hop / Urban,French,None,Unknown,http://direct.mouv.fr/live/mouv-midfi.mp3,MP3,128,Working,223,https://www.mouv.fr/dist/favicons/logo-120.png,tags: rap,radio-browser,Europe/Paris
FR,Le New Djam Flac,,—,(unlisted),,Music,Jazz / Soul,French,None,Unknown,https://stream10.xdevel.com/audio15s976748-2280/stream/icecast.audio,OGG,,Working,12,https://admuzzum.xdevel.com/cloud/x/cid/35/im/jpeg/XZXU/Y/XY/461e934b5f97297dd03c9d04f9f7c108.jpg,"tags: funk,hip-hop et disco,jazz,reggae,rock,soul,world",radio-browser,Europe/Paris
FR,Le poste parisien ,,—,(unlisted),,Other,Other,French,None,Unknown,https://stream10.xdevel.com/audio12s976748-1798/stream/icecast.audio,AAC+,,Working,190,"https://static.wixstatic.com/media/8f2aad_f34c5a8400a54644a8d1c5845b03ce35~mv2.png/v1/fill/w_360,h_128,al_c,q_85,usm_0.66_1.00_0.01,enc_auto/8f2aad_f34c5a8400a54644a8d1c5845b03ce35~mv2.png","tags: 9ties,eighties",radio-browser,Europe/Paris
FR,Le Poste Parisien - AAC192LC,,—,(unlisted),,Music,Jazz / Soul,French,None,Unknown,https://stream10.xdevel.com/audio12s976748-1798/stream/icecast.audio,AAC+,,Working,59,https://static.wixstatic.com/media/8f2aad_551f87ad90164e958e57990804c3e8d1~mv2.png,"tags: eclectic,jazz,rock,soul",radio-browser,Europe/Paris
FR,Le Son Parisien (aac),,—,(unlisted),,Other,Other,French,None,Unknown,http://stream.lesonparisien.com/hi.aac,AAC,128,Working,31,http://www.lesonparisien.com/images/lsp/favicons/android-icon-144x144.png,tags: ,radio-browser,Europe/Paris
FR,Le village pop,,—,(unlisted),,Music,Rock / Alternative,French,None,Unknown,https://listen.radioking.com/radio/200437/stream/243028,MP3,128,Working,14,,"tags: folk,indie,pop rock,rock",radio-browser,Europe/Paris
FR,Les Debats de Gerard,,—,(unlisted),,Other,Other,French,None,Unknown,https://www.mistercouzin.net/listen,OGG,,Working,10,https://www.mistercouzin.net/Images/gg1.gif,tags: ,radio-browser,Europe/Paris
FR,Les Débats de Gérard de Suresnes,,—,(unlisted),,Other,Other,French,None,Unknown,http://radiosurle.net:8765/radiogerard,MP3,96,Working,103,,tags: ,radio-browser,Europe/Paris
FR,Les Inrocks Radio,,—,(unlisted),,Other,Other,French,None,Unknown,https://inrocksradio.ice.infomaniak.ch/inrocksradio-128.mp3,MP3,128,Working,112,https://www.lesinrocks.com/wp-content/thumbnails/uploads/2021/02/Inrockuptibles-10-t-400x496.gif,tags: ,radio-browser,Europe/Paris
FR,Libre@Toi,,—,(unlisted),,Other,Other,French,None,Unknown,http://vdl.stream-lat.org:8000/voixdulat_ogg,OGG,,Working,58,,tags: la voix du lat,radio-browser,Europe/Paris
FR,Lifestyle74,,—,(unlisted),,Other,Other,French,None,Unknown,http://radio74.ice.infomaniak.ch/radio74.aac,MP3,128,Working,10,,tags: ,radio-browser,Europe/Paris
FR,LITTORAL FM Perpignan,,—,(unlisted),,Other,Other,French,None,Unknown,https://littoralfmperpignan.ice.infomaniak.ch/littoralfmperpignan.mp3,MP3,,Working,620,https://bocir-prod-bucket.s3.eu-west-1.amazonaws.com/radios/littoral/images/favicon.ico,tags: ,radio-browser,Europe/Paris
FR,Live Nation Radio,,—,(unlisted),,Music,Pop,French,None,Unknown,https://livenationradio.ice.infomaniak.ch/livenationradio-midfi.mp3,MP3,128,Working,3,https://networksites.livenationinternational.com/networksites/qlnlvvtn/ln-radio-stacked-4.jpg,tags: pop,radio-browser,Europe/Paris
FR,LOR'FM,,—,(unlisted),,Other,Other,French,None,Unknown,http://lorfm.ice.infomaniak.ch/lorfm-128.mp3,MP3,128,Working,36,https://www.lorfm.com/thumbnails/64x64/uploads/pages/lorfm---la-radio-lorraine---actualites-en-lorraine/lorfm---la-radio-lorraine---actualites-en-lorraineimage.jpg,"tags: années 80,trafic...,tubes actuels",radio-browser,Europe/Paris
FR,Lounge ABC Jazz Chill,,—,(unlisted),,Other,Other,French,None,Unknown,https://str1.openstream.co/589,MP3,128,Working,11,,tags: ,radio-browser,Europe/Paris
FR,LOVE RADIO Only Love Songs 70s80s90s - www.love.radio,,—,(unlisted),,Other,Other,French,None,Unknown,https://loveradio.streamingmedia.it/france,AAC+,192,Working,1328,,"tags: love,love songs,lovesongs,romantic",radio-browser,Europe/Paris
FR,LOVELY,,—,(unlisted),,Other,Other,French,None,Unknown,https://lovely.ice.infomaniak.ch/lovely-128.mp3,MP3,128,Working,82,,tags: ,radio-browser,Europe/Paris
FR,LVM-RADIO,,—,(unlisted),,Other,Other,French,None,Unknown,http://radio9.pro-fhi.net:9047/,MP3,320,Working,5,,tags: ,radio-browser,Europe/Paris
FR,M Radio - Années 90,,—,(unlisted),,Music,Classical,French,None,Unknown,http://mfm-thema.ice.infomaniak.ch/mfm-thema.mp3,MP3,128,Working,34,,tags: classical,radio-browser,Europe/Paris
FR,M Radio - Au travail,,—,(unlisted),,Other,Other,French,None,Unknown,https://mradio-au-travail.ice.infomaniak.ch/mradio-au-travail.mp3,MP3,128,Working,24,https://mradio.fr/media/option/logo.webp,"tags: at work,working",radio-browser,Europe/Paris
FR,M Radio - Sur la route,,—,(unlisted),,Music,Éntekhno / Chanson,French,None,Unknown,https://voix-du-sud.ice.infomaniak.ch/voix-du-sud.mp3,MP3,128,Working,41,https://mradio.fr/media/radio/thumb/180x180_62569c3c02364-sur-la-route.png,"tags: chanson,chanson française,chansons,chansons françaises,french chansons",radio-browser,Europe/Paris
FR,M Radio 100% comédies musicales,,—,(unlisted),,Other,Other,French,None,Unknown,http://mfmwr-014.ice.infomaniak.ch/mfmwr-014.mp3,MP3,128,Working,205,https://mradio.fr/apple-touch-icon-120x120.png,tags: ,radio-browser,Europe/Paris
FR,M Radio 100% Céline Dion,,—,(unlisted),,Other,Other,French,None,Unknown,http://mfmwr-023.ice.infomaniak.ch/mfmwr-023.mp3,MP3,128,Working,381,https://mradio.fr/apple-touch-icon-120x120.png,tags: ,radio-browser,Europe/Paris
FR,M Radio 100% Enfoirés,,—,(unlisted),,Other,Other,French,None,Unknown,http://mfmwr-011.ice.infomaniak.ch/mfmwr-011.mp3,MP3,128,Working,269,https://mradio.fr/apple-touch-icon-120x120.png,tags: ,radio-browser,Europe/Paris
FR,M Radio 100% Goldman,,—,(unlisted),,Other,Other,French,None,Unknown,http://mfmwr-016.ice.infomaniak.ch/mfmwr-016.mp3,MP3,128,Working,578,https://mradio.fr/apple-touch-icon-120x120.png,tags: ,radio-browser,Europe/Paris
FR,M Radio 100% Johnny,,—,(unlisted),,Other,Other,French,None,Unknown,http://mfmwr-006.ice.infomaniak.ch/mfmwr-006.mp3,MP3,128,Working,278,https://mradio.fr/apple-touch-icon-120x120.png,tags: ,radio-browser,Europe/Paris
FR,M Radio 100% Live,,—,(unlisted),,Music,Éntekhno / Chanson,French,None,Unknown,http://mfmwr-008.ice.infomaniak.ch/mfmwr-008.mp3,MP3,128,Working,131,https://mradio.fr/apple-touch-icon-120x120.png,"tags: la radio 100% chanson française,maxi france",radio-browser,Europe/Paris
FR,M Radio 100% Nougaro,,—,(unlisted),,Other,Other,French,None,Unknown,http://mfmwr-007.ice.infomaniak.ch/mfmwr-007.mp3,MP3,128,Working,55,https://mradio.fr/apple-touch-icon-120x120.png,tags: ,radio-browser,Europe/Paris
FR,M Radio 100% Québec,,—,(unlisted),,Other,Other,French,None,Unknown,http://mfmwr-004.ice.infomaniak.ch/mfmwr-004.mp3,MP3,128,Working,148,https://mradio.fr/apple-touch-icon-120x120.png,tags: ,radio-browser,Europe/Paris
FR,m radio 2000 ,,—,(unlisted),,Other,Other,French,None,Unknown,https://mfmwr-020.ice.infomaniak.ch/mfmwr-020.mp3,MP3,128,Working,34,https://mradio.fr/apple-touch-icon-120x120.png,tags: ,radio-browser,Europe/Paris
FR,M Radio Années 80,,—,(unlisted),,Music,Classical,French,None,Unknown,http://mfm-thema.ice.infomaniak.ch/mfm-thema.mp3,MP3,128,Working,54,,tags: classical,radio-browser,Europe/Paris
FR,M Radio Années 80 - Webradio,,—,(unlisted),,Other,Other,French,None,Unknown,http://mfmwr-010.ice.infomaniak.ch/mfmwr-010.mp3,MP3,128,Working,29,,tags: ,radio-browser,Europe/Paris
FR,M Radio Années 80 et 90,,—,(unlisted),,Other,Other,French,None,Unknown,http://mfmwr-010.ice.infomaniak.ch/mfmwr-010.mp3,MP3,128,Working,278,https://mradio.fr/apple-touch-icon-120x120.png,tags: ,radio-browser,Europe/Paris
FR,M Radio Chansons d'amour,,—,(unlisted),,Other,Other,French,None,Unknown,http://mfmwr-026.ice.infomaniak.ch/mfmwr-026.mp3,MP3,128,Working,252,https://mradio.fr/apple-touch-icon-120x120.png,tags: ,radio-browser,Europe/Paris
FR,M Radio Culte Années 60 et 70,,—,(unlisted),,Music,Éntekhno / Chanson,French,None,Unknown,http://mfmwr-022.ice.infomaniak.ch/mfmwr-022.mp3,MP3,128,Working,307,https://mradio.fr/apple-touch-icon-120x120.png,"tags: 60s,70s,chansons françaises",radio-browser,Europe/Paris
FR,M Radio Cultes années 60 et 70,,—,(unlisted),,Music,Classical,French,None,Unknown,http://mfmwr-022.ice.infomaniak.ch/mfmwr-022.mp3,MP3,128,Working,99,,tags: classical,radio-browser,Europe/Paris
FR,M Radio Duos,,—,(unlisted),,Other,Other,French,None,Unknown,http://mfmwr-015.ice.infomaniak.ch/mfmwr-015.mp3,MP3,128,Working,41,https://mradio.fr/apple-touch-icon-120x120.png,tags: ,radio-browser,Europe/Paris
FR,M Radio Francophonie,,—,(unlisted),,Other,Other,French,None,Unknown,http://mfmwr-018.ice.infomaniak.ch/mfmwr-018.mp3,MP3,128,Working,97,http://mradio.fr/icon-normal.png,tags: ,radio-browser,Europe/Paris
FR,M Radio French Touch,,—,(unlisted),,Other,Other,French,None,Unknown,http://mfmwr-003.ice.infomaniak.ch/mfmwr-003.mp3,MP3,128,Working,243,https://mradio.fr/apple-touch-icon-120x120.png,tags: ,radio-browser,Europe/Paris
FR,M Radio Génériques TV,,—,(unlisted),,Other,Other,French,None,Unknown,http://mfmwr-021.ice.infomaniak.ch/mfmwr-021.mp3,MP3,128,Working,66,https://mradio.fr/apple-touch-icon-120x120.png,tags: ,radio-browser,Europe/Paris
FR,M Radio Live,,—,(unlisted),,Music,Pop,French,None,Unknown,https://mfmwr-008.ice.infomaniak.ch/mfmwr-008.mp3,MP3,128,Working,14,,tags: pop,radio-browser,Europe/Paris
FR,M Radio Nouvelle Scène,,—,(unlisted),,Other,Other,French,None,Unknown,http://mfmwr-012.ice.infomaniak.ch/mfmwr-012.mp3,MP3,128,Working,59,http://mradio.fr/icon-normal.png,tags: ,radio-browser,Europe/Paris
FR,M Radio N°1 du Top 50 - Webradio,,—,(unlisted),,Other,Other,French,None,Unknown,http://mfmwr-007.ice.infomaniak.ch/mfmwr-007.mp3,MP3,128,Working,35,,tags: ,radio-browser,Europe/Paris
FR,M Radio St Valentin,,—,(unlisted),,Other,Other,French,None,Unknown,http://mfm-thema.ice.infomaniak.ch/mfm-thema.mp3,MP3,128,Working,29,https://mradio.fr/apple-touch-icon-120x120.png,tags: ,radio-browser,Europe/Paris
FR,M Radio Séducteurs,,—,(unlisted),,Other,Other,French,None,Unknown,http://mfmwr-017.ice.infomaniak.ch/mfmwr-017.mp3,MP3,128,Working,42,https://mradio.fr/apple-touch-icon-120x120.png,tags: ,radio-browser,Europe/Paris
FR,M Radio Talents de la Télé,,—,(unlisted),,Other,Other,French,None,Unknown,http://mfmwr-025.ice.infomaniak.ch/mfmwr-025.mp3,MP3,128,Working,25,,tags: ,radio-browser,Europe/Paris
FR,M Radio Tubes du Grenier,,—,(unlisted),,Other,Other,French,None,Unknown,http://mfmwr-001.ice.infomaniak.ch/mfmwr-001.mp3,MP3,128,Working,404,https://mradio.fr/apple-touch-icon-120x120.png,tags: ,radio-browser,Europe/Paris
FR,M Radio Tubes du Grenier - Webradio,,—,(unlisted),,Other,Other,French,None,Unknown,http://mfmwr-001.ice.infomaniak.ch/mfmwr-001.mp3,MP3,128,Working,17,https://mradio.fr/apple-touch-icon-120x120.png,tags: ,radio-browser,Europe/Paris
FR,M Radio Voix du Sud,,—,(unlisted),,Other,Other,French,None,Unknown,http://voix-du-sud.ice.infomaniak.ch/voix-du-sud.mp3,MP3,128,Working,38,https://mradio.fr/apple-touch-icon-120x120.png,tags: ,radio-browser,Europe/Paris
FR,M Radio Voix Féminines,,—,(unlisted),,Music,Éntekhno / Chanson,French,None,Unknown,http://mfmwr-013.ice.infomaniak.ch/mfmwr-013.mp3,MP3,128,Working,177,https://mradio.fr/apple-touch-icon-120x120.png,"tags: chansons françaises,women",radio-browser,Europe/Paris
FR,M Radio Yéyé,,—,(unlisted),,Other,Other,French,None,Unknown,http://mfmwr-009.ice.infomaniak.ch/mfmwr-009.mp3,MP3,128,Working,77,https://mradio.fr/apple-touch-icon-120x120.png,tags: ,radio-browser,Europe/Paris
FR,M40,,—,(unlisted),,Other,Other,French,None,Unknown,https://live.m40radio.fr/listen/m40/m40-128.mp3,AAC,128,Working,10,https://cdn.m40radio.fr/wp-content/uploads/radio-m40-370x370.webp,tags: ,radio-browser,Europe/Paris
FR,M40 80s,,—,(unlisted),,Other,Other,French,None,Unknown,https://live.m40radio.fr/listen/m40-80s/m40-80s-128.mp3,AAC,128,Working,11,https://cdn.m40radio.fr/wp-content/uploads/radio-m40-80s-370x370.webp,tags: 80's,radio-browser,Europe/Paris
FR,M40 by Oskana,,—,(unlisted),,Music,Electronic / Dance,French,None,Unknown,https://live.m40radio.fr/listen/m40-by-oskana/m40-by-oskana-128.mp3,AAC,128,Working,6,https://cdn.m40radio.fr/wp-content/uploads/favicon-100x100.webp,tags: dance,radio-browser,Europe/Paris
FR,M40 Deep dance,,—,(unlisted),,Other,Other,French,None,Unknown,https://live.m40radio.fr/listen/m40-deep-dance/m40-deep-dance-128.mp3,AAC,128,Working,25,https://cdn.m40radio.fr/wp-content/uploads/radio-m40-deep-dance-370x370.webp,tags: deep,radio-browser,Europe/Paris
FR,M40 Electro Swing,,—,(unlisted),,Music,Electronic / Dance,French,None,Unknown,https://live.m40radio.fr/listen/m40-electro-swing/m40-electro-swing-128.mp3,AAC,128,Working,25,https://cdn.m40radio.fr/wp-content/uploads/radio-m40-electro-swing-370x370.webp,tags: electro,radio-browser,Europe/Paris
FR,M40 Eurodance,,—,(unlisted),,Music,Electronic / Dance,French,None,Unknown,https://live.m40radio.fr/listen/m40-eurodance/m40-eurodance-128.mp3,AAC,128,Working,73,https://cdn.m40radio.fr/wp-content/uploads/radio-m40-eurodance-370x370.webp,tags: dance,radio-browser,Europe/Paris
FR,M40 Fiesta,,—,(unlisted),,Other,Other,French,None,Unknown,https://live.m40radio.fr/listen/m40-fiesta/m40-fiesta-128.mp3,AAC,128,Working,6,https://cdn.m40radio.fr/wp-content/uploads/radio-m40-fiesta-370x370.webp,tags: fiesta,radio-browser,Europe/Paris
FR,M40 Funk,,—,(unlisted),,Music,Jazz / Soul,French,None,Unknown,https://live.m40radio.fr/listen/m40-funk/m40-funk-128.mp3,AAC,128,Working,8,https://cdn.m40radio.fr/wp-content/uploads/radio-m40-funk-370x370.webp,tags: funk,radio-browser,Europe/Paris
FR,M40 Génération Do,,—,(unlisted),,Other,Other,French,None,Unknown,https://live.m40radio.fr/listen/m40-generation-do/m40-generation-do-128.mp3,AAC,128,Working,166,https://cdn.m40radio.fr/wp-content/uploads/radio-m40-generation-do-370x370.webp,tags: ,radio-browser,Europe/Paris
FR,M40 Latino,,—,(unlisted),,Other,Other,French,None,Unknown,https://live.m40radio.fr/listen/m40-latino/m40-latino-128.mp3,AAC,128,Working,16,https://cdn.m40radio.fr/wp-content/uploads/radio-m40-latino-370x370.webp,tags: latino,radio-browser,Europe/Paris
FR,M40 le klub',,—,(unlisted),,Other,Other,French,None,Unknown,https://live.m40radio.fr/listen/le-klub-by-m40/le-klub-by-m40-128.mp3,AAC,128,Working,13,https://cdn.m40radio.fr/wp-content/uploads/favicon-100x100.webp,tags: club,radio-browser,Europe/Paris
FR,M40 Makina,,—,(unlisted),,Music,Electronic / Dance,French,None,Unknown,https://live.m40radio.fr/listen/m40-makina/m40-makina-128.mp3,AAC,128,Working,36,https://cdn.m40radio.fr/wp-content/uploads/radio-m40-makina-370x370.webp,tags: techno,radio-browser,Europe/Paris
FR,M40 Maxi Dance,,—,(unlisted),,Music,Electronic / Dance,French,None,Unknown,https://live.m40radio.fr/listen/m40-maxi-dance/m40-maxi-dance-128.mp3,AAC,128,Working,15,https://cdn.m40radio.fr/wp-content/uploads/radio-m40-maxi-dance-370x370.webp,tags: dance,radio-browser,Europe/Paris
FR,M40 PopRock,,—,(unlisted),,Music,Rock / Alternative,French,None,Unknown,https://live.m40radio.fr/listen/m40-pop-rock/m40-pop-rock-128.mp3,AAC,128,Working,10,https://cdn.m40radio.fr/wp-content/uploads/radio-m40-pop-rock-370x370.webp,tags: pop rock,radio-browser,Europe/Paris
FR,M40 Raî,,—,(unlisted),,Other,Other,French,None,Unknown,https://live.m40radio.fr/listen/m40-rai/m40-rai-128.mp3,AAC,128,Working,5,https://cdn.m40radio.fr/wp-content/uploads/radio-m40-rai-370x370.webp,tags: rai,radio-browser,Europe/Paris
FR,M40 Rnb,,—,(unlisted),,Music,Hip-hop / Urban,French,None,Unknown,https://live.m40radio.fr/listen/m40-rnb/m40-rnb-128.mp3,AAC,128,Working,27,https://cdn.m40radio.fr/wp-content/uploads/radio-m40-rnb-370x370.webp,tags: rnb,radio-browser,Europe/Paris
FR,MadmoiZelle.com,,—,(unlisted),,Other,Other,French,None,Unknown,http://www.radioking.com/play/madmoizelle,MP3,128,Working,19,http://madmoiZelle.com/favicon.ico,tags: ,radio-browser,Europe/Paris
FR,Magic radio,,—,(unlisted),,Music,Oldies / 80s-90s,French,None,Unknown,http://mp3.magic-radio.net/flac,OGG,1500,Working,248,,"tags: 80s,flac,sanspub",radio-browser,Europe/Paris
FR,Magic Radio - Proxima,,—,(unlisted),,Other,Other,French,None,Unknown,https://mp3.magic-radio.net/prox192,MP3,192,Working,2,https://magic-radio.net/fichier_000_1.png,tags: ,radio-browser,Europe/Paris
FR,Magic Radio flac,,—,(unlisted),,Other,Other,French,None,Unknown,http://mp3.magic-radio.net/flac,OGG,1500,Working,652,,tags: misc,radio-browser,Europe/Paris
FR,Magnum Haute Vosges,,—,(unlisted),,Other,Other,French,None,Unknown,http://ice.creacast.com/magnum-hautes-vosges,MP3,128,Working,18,https://www.magnumlaradio.com/wp-content/themes/magnumlaradio/assets/images/favicon.ico,tags: ,radio-browser,Europe/Paris
FR,Magnum La Radio,,—,(unlisted),,Other,Other,French,None,Unknown,http://str0.creacast.com/magnum,MP3,192,Working,794,https://www.magnumlaradio.com/wp-content/themes/magnumlaradio/assets/images/favicon.ico,tags: ,radio-browser,Europe/Paris
FR,Magnum Radio,,—,(unlisted),,Music,Pop / Hits,"English,French",None,Unknown,http://str0.creacast.com/magnum?type=.mp3,MP3,192,Working,55,https://www.magnumlaradio.com/wp-content/themes/magnumlaradio/assets/images/favicon.ico,"tags: hits,top100",radio-browser,Europe/Paris
FR,Maritima Radio,,—,(unlisted),,Other,Other,Francaise,None,Unknown,https://maritima936.ice.infomaniak.ch/maritima936-128.mp3,MP3,128,Working,8,,tags: ,radio-browser,Europe/Paris
FR,Masein80,,—,(unlisted),,Other,Other,French,None,Unknown,https://madein80.leswebradios.fr/,MP3,192,Working,5,,tags: ,radio-browser,Europe/Paris
FR,Maurice Radio Libre,,—,(unlisted),,Other,Other,French,None,Unknown,https://radio13.pro-fhi.net/live/MauriceRadioLibre,MP3,192,Working,67,https://i0.wp.com/mauriceradiolibre.com/wp-content/uploads/2021/03/cropped-fav.jpg,tags: ,radio-browser,Europe/Paris
FR,Maxi 80,,—,(unlisted),,Music,Oldies / 80s-90s,French,None,Unknown,http://audio1.maxi80.com/,MP3,128,Working,517,,tags: 80s,radio-browser,Europe/Paris
FR,Maxi France,,—,(unlisted),,Music,Éntekhno / Chanson,French,None,Unknown,http://stream.maxifrance.fr:8358/stream,MP3,128,Working,213,,"tags: chansons françaises,france",radio-browser,Europe/Paris
FR,Maxi France radio,,—,(unlisted),,Music,Rock / Alternative,Francaise,None,Unknown,https://stream.maxifrance.radio/stream,MP3,128,Working,88,https://www.maxifrance.radio/wp-content/uploads/2023/03/cropped-logo-512.jpg,"tags: chansons françaises,pop,rock,variety hits",radio-browser,Europe/Paris
FR,MaxLaRadio,,—,(unlisted),,Music,Oldies / 80s-90s,French,None,Unknown,https://stream.votreradiosurlenet.eu/maxlaradio.mp3,MP3,128,Working,10,https://www.maxlaradio.com/maxmc/wp-content/uploads/2023/11/cropped-maxlaradio-180x180.png,tags: oldies,radio-browser,Europe/Paris
FR,Maxximum,,—,(unlisted),,Other,Other,French,None,Unknown,http://stream.rcs.revma.com/nwhyn2c6p98uv,MP3,,Working,3,,tags: ,radio-browser,Europe/Paris
FR,Maxximum 90's,,—,(unlisted),,Music,Electronic / Dance,French,None,Unknown,http://stream.rcs.revma.com/maygqbdap98uv,MP3,,Working,7,,"tags: dance,electro,house,techno",radio-browser,Europe/Paris
FR,MBS Gold,,—,(unlisted),,Other,Other,French,None,Unknown,https://mbs.ice.infomaniak.ch/mbs-128.mp3,MP3,128,Working,289,https://bocir-prod-bucket.s3.amazonaws.com/radios/mbs/images/favicon.x-icon,tags: eighties,radio-browser,Europe/Paris
FR,MC doualiya,,—,(unlisted),,News & Talk,News & Talk,Arabic,None,Unknown,https://montecarlodoualiya128k.ice.infomaniak.ch/mc-doualiya.mp3,MP3,128,Working,1124,,tags: news,radio-browser,Europe/Paris
FR,MCRADIO,,—,(unlisted),,Music,Rock / Alternative,French,None,Unknown,http://puylouradio.net:8000/stream,MP3,256,Working,28,http://www.mcradio.fr/assets/img/mcr-167.png,"tags: hits,pop rock,regional radio",radio-browser,Europe/Paris
FR,Melody Vintage Radio,,—,(unlisted),,Other,Other,French,None,Unknown,https://stream.rcs.revma.com/5a05fstup42vv,MP3,,Working,79,https://cdn.onlineradiobox.com/img/l/9/67559.v9.png,tags: ,radio-browser,Europe/Paris
FR,Metropolys Lille,,—,(unlisted),,Other,Other,French,None,Unknown,https://stream.rcs.revma.com/rvwymh32w42vv,MP3,,Working,5,https://medias.lesindesradios.fr/t:app(web)/t:r(LxEuIiaLOC)/fit-in/300x2000/filters:format(webp)/radios/metropolys/radiostream/eacqgh1QVt/vignette_QOnZOuBA0I.jpeg,tags: ,radio-browser,Europe/Paris
FR,mfm nouvelle scène,,—,(unlisted),,Other,Other,French,None,Unknown,http://mfmwr-005.ice.infomaniak.ch/mfmwr-005.mp3,MP3,128,Working,310,https://mradio.fr/apple-touch-icon-120x120.png,tags: ,radio-browser,Europe/Paris
FR,Micro-Rebelles,,—,(unlisted),,Other,Other,French,None,Unknown,https://diff.micros-rebelles.fr/web192.mp3,MP3,192,Working,2,https://www.micros-rebelles.fr/site/static/img/logo.e71aa225516a.png,tags: radio associative,radio-browser,Europe/Paris
FR,Micros Rebelles,,—,(unlisted),,Music,Éntekhno / Chanson,French,None,Unknown,https://diff.micros-rebelles.fr/web192.mp3,MP3,192,Working,3,https://www.micros-rebelles.fr/site/static/img/logo.e71aa225516a.png,"tags: french chansons,local radio,politics,pop music",radio-browser,Europe/Paris
FR,Millénium Radio,,—,(unlisted),,Other,Other,French,None,Unknown,http://listen.radioking.com/radio/154186/stream/194791,MP3,128,Working,12,,tags: ,radio-browser,Europe/Paris
FR,Milo Radio,,—,(unlisted),,Other,Other,French,None,Unknown,https://listen.radioking.com/radio/779491/stream/847056,MP3,128,Working,2,https://www.miloradio.com/img/milo.png,tags: timeless,radio-browser,Europe/Paris
FR,Mister couzin,,—,(unlisted),,Other,Other,French,None,Unknown,https://www.mistercouzin.net/listen,OGG,,Working,15,,tags: ,radio-browser,Europe/Paris
FR,Mister Stuff,,—,(unlisted),,Other,Other,French,None,Unknown,http://82.64.4.42:8000/live.mp3,MP3,320,Working,13,,tags: ,radio-browser,Europe/Paris
FR,Mix La radio Étudiante ,,—,(unlisted),,Other,Other,French,None,Unknown,http://hosting.studioradiomedia.fr:1080/stream,MP3,320,Working,16,,tags: ,radio-browser,Europe/Paris
FR,Mix Machine Radio,,—,(unlisted),,Other,Other,French,None,Unknown,https://a6.asurahosting.com:7520/radio.mp3,MP3,128,Working,5,,tags: ,radio-browser,Europe/Paris
FR,Mix Maxi Radio,,—,(unlisted),,Other,Other,French,None,Unknown,https://ecmanager.pro-fhi.net:1455/stream,MP3,320,Working,2,https://www.mixmaxiradio.fr/favicon.ico,tags: ,radio-browser,Europe/Paris
FR,Modular-Station,,—,(unlisted),,Music,Electronic / Dance,English,None,Unknown,https://broadcast.modular-station.com/radio/8000/radio.aac,AAC,192,Working,129,https://modular-station.com/app/themes/modular-station/dist/images/modular-station-192_3bcbc4e6.png,"tags: ambient,electronic,experimental,modular synthesis,soundscape,techno",radio-browser,Europe/Paris
FR,Mon Petit France Inter,,—,(unlisted),,Other,Other,French,None,Unknown,https://stream.radiofrance.fr/monpetitfranceinter/monpetitfranceinter_hifi.m3u8?id=radiofrance,UNKNOWN,,Working,5,,tags: ,radio-browser,Europe/Paris
FR,Mon tout petit France Inter ,,—,(unlisted),,Music,Children,French,None,Unknown,https://stream.radiofrance.fr/montoutpetitfranceinter/montoutpetitfranceinter_hifi.m3u8?id=radiofrance,UNKNOWN,,Working,22,https://www.radiofrance.fr/pikapi/images/cbfde3c3-8213-45a6-ac89-b6a3b521025c/200x200,"tags: 3 ans,enfants,kids,musiques des enfants",radio-browser,Europe/Paris
FR,Mona FM Plus De Fiesta,,—,(unlisted),,Other,Other,French,None,Unknown,https://www.radioking.com/play/mona-fm-plus-de-fiesta,MP3,128,Working,85,http://www.monafm.fr/upload/56780b7eab7e73.51115541.ico,tags: ,radio-browser,Europe/Paris
FR,MONTANA,,—,(unlisted),,Other,Other,French,None,Unknown,https://radio.montana-funk.fr/listen/montana_funk/radio.mp3,MP3,192,Working,2,https://radio.montana-funk.fr/favicon.png,tags: ,radio-browser,Europe/Paris
FR,Monte Carlo Doualiya,,—,(unlisted),,News & Talk,News & Talk,Arabic,None,Unknown,https://montecarlodoualiya128k.ice.infomaniak.ch/mc-doualiya.mp3,MP3,128,Working,203,https://www.mc-doualiya.com/apple-touch-icon.png,"tags: arabic,entertainment,news,talk",radio-browser,Europe/Paris
FR,Morow,,—,(unlisted),,Other,Other,French,None,Unknown,http://stream.ca.morow.com:8003/morow_med.mp3,MP3,128,Working,14,http://www.morow.com/favicon.ico,tags: ,radio-browser,Europe/Paris
FR,MOROW [AAC+ 64k],,—,(unlisted),,Music,Rock / Alternative,English,None,Unknown,http://stream.fr.morow.com:8080/morow_med.aacp,AAC+,64,Working,287,,tags: progressive rock,radio-browser,Europe/Paris
FR,Morow Prog Rock Radio,,—,(unlisted),,Music,Rock / Alternative,English,None,Unknown,http://stream.fr.morow.com:8080/morow_hi.aacp,AAC+,128,Working,4152,https://www.morow.com/favicon.ico,tags: progressive rock,radio-browser,Europe/Paris
FR,Morow Progressive Rock Radio,,—,(unlisted),,Music,Rock / Alternative,French,None,Unknown,http://stream.fr.morow.com:8080/morow_hi.aacp,AAC+,128,Working,207,,"tags: prog rock,progressive rock",radio-browser,Europe/Paris
FR,Mouv' (LQ),,—,(unlisted),,Other,Other,French,None,Unknown,http://direct.mouv.fr/live/mouv-lofi.mp3,MP3,32,Working,149,http://www.mouv.fr/dist/favicons/logo-120.png,"tags: public radio,radio france,youth",radio-browser,Europe/Paris
FR,MRadio Disney,,—,(unlisted),,Other,Other,French,None,Unknown,http://mfmwr-002.ice.infomaniak.ch/mfmwr-002.mp3,MP3,128,Working,1159,https://mradio.fr/apple-touch-icon-120x120.png,tags: ,radio-browser,Europe/Paris
FR,Multicolore Radio,,—,(unlisted),,Other,Other,French,None,Unknown,http://www.radioking.com/play/multicolore-radio,MP3,128,Working,43,https://u.jimcdn.com/cms/o/s4f83785eacb25b9f/img/favicon.png?t=1580540288,tags: ,radio-browser,Europe/Paris
FR,Music Radio,,—,(unlisted),,Music,Jazz / Soul,French,None,Unknown,https://radio.musicradio.ai/listen/musicradio.ai/radio.mp3,MP3,,Working,145,https://musicradio.ai/wp-content/uploads/2025/03/logo_musicradio.jpg,"tags: chillout,chillout+lounge,club house,cool jazz,disco funk,easy listening,easy music,electronic,entertainment,funk,funky,funky house,hits,house,jazz,música pop,new releases,nu-jazz,piano jazz,pop dance,pop en español e inglés,pop en inglés,pop music,pop rock,popular,smooth jazz,soulful house,tech house,top hits",radio-browser,Europe/Paris
FR,Musique d'Inter,,—,(unlisted),,Other,Other,"Français - Lëtzebuergesch,French",None,Unknown,https://stream.radiofrance.fr/franceinterlamusiqueinter/franceinterlamusiqueinter.m3u8?id=radiofranceBose,AAC,107,Working,3,https://cmsphoto.ww-cdn.com/superstatic/36765/art/grande/81114591-58479823.jpg?v=1718955523,tags: ,radio-browser,Europe/Paris
FR,Muzaiko,,—,(unlisted),,Other,Other,Esperanto,None,Unknown,http://fluo.muzaiko.saluton.dk:8000/radio.mp3,MP3,128,Working,31,,tags: ,radio-browser,Europe/Paris
FR,Mydoom-666,,—,(unlisted),,Other,Other,French,None,Unknown,https://mydoom666.radio.fm/md666-128k,MP3,128,Working,23,https://cdn.instant.audio/images/logos/ecouterradioenligne-com/mydoom-666.png,tags: ,radio-browser,Europe/Paris
FR,MyleneFarmer,,—,(unlisted),,Music,Pop,French,None,Unknown,https://www.mylene.net/mp3/a_tout_jamais_npd_s_remix.mp3,MP3,,Working,67,https://www.mylene.net/favicon.ico,tags: pop,radio-browser,Europe/Paris
FR,Mystère Mystère Radio,,—,(unlisted),,Other,Other,French,None,Unknown,https://ecmanager.pro-fhi.net:1455/stream,MP3,320,Working,3,https://www.mystere-mystere-radio.fr/wp-content/uploads/2020/06/logo-2-modified.png,tags: ,radio-browser,Europe/Paris
FR,MyZen Radio,,—,(unlisted),,Other,Other,"English,French",None,Unknown,https://stream.rcs.revma.com/gnn6u7czd8uvv,MP3,,Working,4,,tags: easy listening,radio-browser,Europe/Paris
FR,Neptune FM,,—,(unlisted),,Other,Other,"Francaise,French",None,Unknown,https://diffusion.lafrap.fr/neptune.mp3,MP3,256,Working,20,https://neptunefm.com/upload/538ef0b6cab2e5.71343553.ico,tags: actualités,radio-browser,Europe/Paris
FR,New Morning Radio,,—,(unlisted),,Music,Jazz / Soul,French,None,Unknown,http://listen.radioking.com/radio/605/stream/2195,MP3,128,Working,221,https://www.newmorning.com/images/apple-touch-icon-114x114.png,"tags: club,funk,jazz,live concert,paris,rnb,soul",radio-browser,Europe/Paris
FR,Nihon no Oto,,—,(unlisted),,Music,Rock / Alternative,Japanese,None,Unknown,http://stream1.nihon-no-oto.com/nihonogg,OGG,,Working,68,,"tags: anime,japanese music,jpop,jrock",radio-browser,Europe/Paris
FR,NJR Kizomba,,—,(unlisted),,Other,Other,French,None,Unknown,https://streaming.nrjaudio.fm/ou8v8dgk7oiu?origine=radiobox&aw_0_1st.station=NRJ-Kizomba,MP3,128,Working,3,https://img.nrj.fr/8loJFyDgG_Gm_fgnk1fhkYIewhI=/medias%2F2021%2F06%2Flogo-nrj_60db2627d4729.svg,tags: ,radio-browser,Europe/Paris
FR,NoLife-Radio,,—,(unlisted),,Music,Mixed music,French,None,Unknown,https://listen.nolife-radio.com/,MP3,96,Working,63,,"tags: chiptune,video game music",radio-browser,Europe/Paris
FR,Nostalgie  Les Plus Gramds Slow,,—,(unlisted),,Music,Oldies / 80s-90s,Francia,None,Unknown,https://streaming.nrjaudio.fm/oudjby2h9r57?origine=playernostalgie&aw_0_req.userConsentV2=CQkCxgAQkCxgAAHABBENCdFsAP_gAEPgAAqIJ2tR_G_fbWlj-TZ1YbpkeYwP99gj7sQxBgSJk24FyJvW7JwCx2ExJAzapqIKmRIAu3TBAQNlGIDURUAAIIgFqSDMaESUgTNKJ6BEiFMRI2JQCFxvm4FDeQCY4kp_9kcxmB-t7dr8yNzgAgAAAUCAIAAgAIABAACIAAAgAAAAAQAAAiwACAAAAAAAAEAAAFAAAABAAAEAAAACAAAABAAAIJ2gAmGhUQQlgQCBAoCAECAAQVhABQIAgAASBggIASBgQ5AwAXWEyAAAKAAYIAQAAgwABAAAJAAhEAEABAIAQIBAIAAQAAAAIACBAADABQiAQAAgOgYBAQQCBYAJEZUBpgQgAJBASyFCAAAAgAACAAAAAAIAAAAAAAAAgAAAAAAAAggAAAAAAAAAAAEAAAAAAEABAAAAAAAAAAAAABAAAIAA.IJ2tR_G_fbWlj-TZ14bpkeYwf99gj7sQxBgSJk24FyJvW7JwC32EzJAzapqYKmRIAu3TBAQNtGIjURUABIIgVqTDMaESUgTNKJ6BEiHMRY2JQCFxvm4FDeQCZ4kp_90d5mR-t7dr-yNzgAgAgAUCAIAAgAIABAACIAAAgAAAAAQAAgiwACAAAAAAAAEAAAFAAEABAAAEAAAACAAAABAAAIAA.f_wACHwAAAAA&aw_0_1st.station=Nostalgie-Les-Plus-Grands-Slows,AAC+,128,Working,18,,"tags: 80s,slow",radio-browser,Europe/Paris
FR,Nostalgie Dance 90,,—,(unlisted),,Music,Electronic / Dance,English,None,Unknown,https://stream.rcs.revma.com/54xm7543ehuvv,AAC,,Working,15,https://www.nostalgie.be/build/images/favicon.png,"tags: 90s,dance,hits,house",radio-browser,Europe/Paris
FR,Nostalgie Disco Fever,,—,(unlisted),,Music,Jazz / Soul,French,None,Unknown,https://streaming.nrjaudio.fm/ou4swshtd2ko,MP3,128,Working,15,https://www.nostalgie.fr/uploads/assets/nostalgie/icons/apple-icon-180x180.png,"tags: 70s,80s,disco,funk,nostalgie",radio-browser,Europe/Paris
FR,Nostalgie Funk,,—,(unlisted),,Music,Jazz / Soul,French,None,Unknown,https://streaming.nrjaudio.fm/ou3khmuizv6i,AAC,320,Working,6,https://www.nostalgie.fr/artistes/favicon.ico/biographie,"tags: funk,nostalgie,oldies,soul",radio-browser,Europe/Paris
FR,Nostalgie Funky Collector,,—,(unlisted),,Music,Jazz / Soul,French,None,Unknown,https://streaming.nrjaudio.fm/ou7x6kf3s5gi,MP3,128,Working,3,https://www.nostalgie.fr/uploads/assets/nostalgie/icons/apple-icon-180x180.png,"tags: disco,funk,nostalgie,soul",radio-browser,Europe/Paris
FR,Nostalgie HQ,,—,(unlisted),,Other,Other,French,None,Unknown,https://streaming.nrjaudio.fm/oua8a3w2dqao?origine=playernostalgie&aw_0_req.userConsentV2=&aw_0_1st.station=,AAC,320,Working,512,https://img.nrj.fr/J6jlakQsQ2siRzCzCI_2IDCQj1E=/80x80/https%3A%2F%2Fplayers.nrjaudio.fm%2Flive-metadata%2Fplayer%2Fimg%2Fplayer-files%2Fnosta%2Flogos%2F640x640%2FP_Nostalgie_Premium_Logo_2023.png,tags: ,radio-browser,Europe/Paris
FR,Nostalgie Jazz,,—,(unlisted),,Music,Jazz / Soul,Francaise,None,Unknown,https://stream.rcs.revma.com/5t0ewz43ehuvv,AAC,,Working,7,,tags: jazz,radio-browser,Europe/Paris
FR,Nostalgie Le Meilleur De 60,,—,(unlisted),,Other,Other,French,None,Unknown,https://streaming.nrjaudio.fm/ousrg6m4z85f?origine=fluxradios&aw_0_1st.station=Nostalgie-Best-of-60,MP3,128,Working,4,,tags: ,radio-browser,Europe/Paris
FR,NOSTALGIE ROCK 70 mp3 - RK,,—,(unlisted),,Other,Other,French,None,Unknown,https://streaming.nrjaudio.fm/oug7nsrb92oc,MP3,128,Working,6,,tags: ,radio-browser,Europe/Paris
FR,Nouvo Nova,,—,(unlisted),,Other,Other,French,None,Unknown,https://nova-nouvo.ice.infomaniak.ch/nova-nouvo-256.aac,AAC,256,Working,30,https://www.nova.fr/favicon.ico,tags: ,radio-browser,Europe/Paris
FR,NOVA CLASSICS,,—,(unlisted),,Music,World music,French,None,Unknown,http://nova-vnt.ice.infomaniak.ch/nova-vnt-256.aac,AAC,255,Working,57,https://www.nova.fr/wp-content/uploads/sites/2/2020/10/Web-radio--Nova-Classics.png?resize=503%2C503&quality=75,"tags: rare groove,world music",radio-browser,Europe/Paris
FR,Nova Danse,,—,(unlisted),,Other,Other,French,None,Unknown,https://nova-dance.ice.infomaniak.ch/nova-dance-128.mp3,MP3,128,Working,24,https://www.nova.fr/wp-content/thumbnails/uploads/sites/2/2020/09/Cards-Nova-Danse-t-400x496.png,tags: ,radio-browser,Europe/Paris
FR,Nova La Nuit,,—,(unlisted),,Other,Other,French,None,Unknown,http://nova-ln.ice.infomaniak.ch/nova-ln-128.mp3,MP3,128,Working,46,https://www.nova.fr/wp-content/thumbnails/uploads/sites/2/2022/11/Web-radio--Nova-la-Nuit-t-400x496.png,tags: 128 kbps,radio-browser,Europe/Paris
FR,Nova la Plage,,—,(unlisted),,Other,Other,French,None,Unknown,https://novalaplage.ice.infomaniak.ch/nova-plage-128.mp3,MP3,128,Working,2,https://www.nova.fr/wp-content/thumbnails/uploads/sites/2/2024/05/Nova-la-plage-t-1006x1006.png,tags: ,radio-browser,Europe/Paris
FR,Nova Nouva,,—,(unlisted),,Other,Other,French,None,Unknown,https://nova-nouvo.ice.infomaniak.ch/nova-nouvo-128.mp3,MP3,128,Working,2,https://www.nova.fr/wp-content/thumbnails/uploads/sites/2/2024/04/NOVA-NOUVO-400x496-1-t-1006x1006.png,tags: ,radio-browser,Europe/Paris
FR,Nova Reggae,,—,(unlisted),,Other,Other,French,None,Unknown,https://nova-reggae.ice.infomaniak.ch/nova-reggae-256.aac,AAC,255,Working,249,,tags: ,radio-browser,Europe/Paris
FR,Nova Soul,,—,(unlisted),,Music,Jazz / Soul,French,None,Unknown,https://nova-soul.ice.infomaniak.ch/nova-soul-256.aac,AAC,256,Working,72,,tags: soul,radio-browser,Europe/Paris
FR,Nova Vintage,,—,(unlisted),,Other,Other,French,None,Unknown,https://nova-vnt.ice.infomaniak.ch/nova-vnt-128.mp3,MP3,128,Working,9,https://www.nova.fr/wp-content/thumbnails/uploads/sites/2/2021/02/cropped-favicon-t-180x180.png,tags: ,radio-browser,Europe/Paris
FR,NRJ Afrobeats,,—,(unlisted),,Other,Other,French,None,Unknown,https://streaming.nrjaudio.fm/ouju93nxeb5p,MP3,128,Working,2,,"tags: nrj,webradio",radio-browser,Europe/Paris
FR,NRJ Beauvais,,—,(unlisted),,Other,Other,French,None,Unknown,https://streaming.nrjaudio.fm/ouamuxw2dqao,AAC+,128,Working,17,https://www.nrj.fr/uploads/assets/nrj/favicon.png,tags: ,radio-browser,Europe/Paris
FR,NRJ BRUNO MARS,,—,(unlisted),,Other,Other,English,None,Unknown,https://streaming.nrjaudio.fm/ouycwb36zcw2?origine=playernrj&aw_0_req.userConsentV2=&aw_0_1st.station=,AAC,128,Working,10,https://static.mytuner.mobi/media/tvos_radios/399/nrj-bruno-mars.eb7a1976.jpg,tags: bruno mars,radio-browser,Europe/Paris
FR,NRJ Clermont,,—,(unlisted),,Other,Other,French,None,Unknown,https://streaming.nrjaudio.fm/oumrck8fnozc,AAC+,64,Working,59,https://www.nrj.fr/uploads/assets/nrj/favicon.png,tags: ,radio-browser,Europe/Paris
FR,NRJ Dance,,—,(unlisted),,Other,Other,French,None,Unknown,https://streaming.nrjaudio.fm/ouou7nfibkyn?origine=fluxurlradio&aw_0_1st.station=NRJ-Dance,MP3,128,Working,14,https://static.mytuner.mobi/media/tvos_radios/616/nrj-dance.21e1cf4e.jpg,tags: ,radio-browser,Europe/Paris
FR,NRJ Dance 2000,,—,(unlisted),,Other,Other,French,None,Unknown,https://streaming.nrjaudio.fm/ou5kwairv93h?origine=fluxradios&aw_0_1st.station=NRJ-DANCE-2000,MP3,128,Working,3,,tags: ,radio-browser,Europe/Paris
FR,NRJ DISNEY HITS live,,—,(unlisted),,Other,Other,French,None,Unknown,https://streaming.nrjaudio.fm/oudbxj2h9r57,MP3,128,Working,8,https://res.cloudinary.com/dfuxhgkej/image/upload/v1773587606/nrj-la-playlist-disney-du-genie.e889f0e6_okvkyw.jpg,"tags: disney,nrj,radio disney",radio-browser,Europe/Paris
FR,NRJ EDM,,—,(unlisted),,Other,Other,French,None,Unknown,https://streaming.nrjaudio.fm/oumr2p8fnozc,MP3,128,Working,2,,"tags: nrj,webradio",radio-browser,Europe/Paris
FR,Nrj Hits,,—,(unlisted),,Music,Pop / Hits,French,None,Unknown,https://streaming.nrjaudio.fm/ou7xugf3s5gi?origine=playernrj&aw_0_req.userConsentV2=&aw_0_1st.station=NRJ-Hits,AAC+,128,Working,792,https://img.nrj.fr/8loJFyDgG_Gm_fgnk1fhkYIewhI=/medias%2F2021%2F06%2Flogo-nrj_60db2627d4729.svg,tags: hits,radio-browser,Europe/Paris
FR,NRJ LINKIN PARK,,—,(unlisted),,Music,Rock / Alternative,French,None,Unknown,https://streaming.nrjaudio.fm/ouvfbfoarp52,MP3,128,Working,15,https://www.radio.net/300/nrjlinkinpark.jpeg?version=9ec7666b0204107fd6befaf6e99299f6a38aaff9,"tags: english,france,linkin park,linkinpark,metal,nrj,nu metal,rock",radio-browser,Europe/Paris
FR,Nrj New Hits Friday,,—,(unlisted),,Music,Pop / Hits,French,None,Unknown,https://streaming.nrjaudio.fm/ou8vstgk7oiu?origine=playernrj&aw_0_req.userConsentV2=&aw_0_1st.station=NRJ-New-Hits-Friday,AAC+,128,Working,41,https://www.nrj.fr/uploads/assets/nrj/favicon.ico,tags: hits,radio-browser,Europe/Paris
FR,NRJ Paris,,—,(unlisted),,Other,Other,French,None,Unknown,https://streaming.nrjaudio.fm/ou5k6tirv93h,MP3,128,Working,79,https://www.nrj.fr/uploads/assets/nrj/favicon.png,tags: ,radio-browser,Europe/Paris
FR,NRJ POP,,—,(unlisted),,Other,Other,French,None,Unknown,https://streaming.nrjaudio.fm/oumrai8fnozc?origine=fluxurlradio&aw_0_1st.station=NRJ-Best-Hits-Ever,MP3,128,Working,85,,tags: ,radio-browser,Europe/Paris
FR,NRJ TIKTOK,,—,(unlisted),,Other,Other,"English,French",None,Unknown,https://streaming.nrjaudio.fm/ougfbmrb92oc?origine=playernrj&aw_0_req.userConsentV2=&aw_0_1st.station=NRJ-TIKTOK,AAC+,128,Working,47,https://img.nrj.fr/iGYpE-czKe0IPznKQ-vMWxbwXxQ=/80x80/https%3A%2F%2Fplayers.nrjaudio.fm%2Flive-metadata%2Fplayer%2Fimg%2Fplayer-files%2Fnrj%2Flogos%2F640x640%2FNRJ-WR--TIKTOK.jpg,"tags: nrj,tiktok",radio-browser,Europe/Paris
FR,NRJ Zouk,,—,(unlisted),,Other,Other,French,None,Unknown,https://streaming.nrjaudio.fm/ousryem4z85f?origine=fluxradios&aw_0_1st.station=NRJ-Zouk,MP3,128,Working,25,https://players.nrjaudio.fm/live-metadata/player/img/player-files/nrj_fr_an/logos/173x173/NRJ-WR-Zouk.jpg,tags: zouk,radio-browser,Europe/Paris
FR,ODC Live,,—,(unlisted),,Music,Electronic / Dance,French,None,Unknown,https://radio.zest.radio/radio/8000/radio.mp3,MP3,128,Working,5,,tags: electronic,radio-browser,Europe/Paris
FR,ODS Radio Années 80,,—,(unlisted),,Other,Other,French,None,Unknown,http://ods-wr01.ice.infomaniak.ch/ods-wr01.mp3,MP3,128,Working,159,https://www.odsradio.com/apple-touch-icon-120x120.png,tags: ,radio-browser,Europe/Paris
FR,Open Sky,,—,(unlisted),,Other,Other,French,None,Unknown,https://audio.opensky.radio:8082/stream,MP3,192,Working,34,https://opensky.radio/images/small-logo.png,tags: ,radio-browser,Europe/Paris
FR,"Open Sky (128kbps mp3, ""HD"")",,—,(unlisted),,Other,Other,French,None,Unknown,https://audio.opensky.radio:8082/stream128,MP3,128,Working,7,,tags: ,radio-browser,Europe/Paris
FR,"Open Sky (96kbps mp3, ""low"")",,—,(unlisted),,Other,Other,French,None,Unknown,https://audio.opensky.radio:8082/stream96,MP3,96,Working,2,,tags: ,radio-browser,Europe/Paris
FR,Opensky (flac)868kb,,—,(unlisted),,Music,Pop,French,None,Unknown,https://audio.opensky.radio:8082/flac?_res_tag_=audio,OGG,,Working,194,,tags: pop,radio-browser,Europe/Paris
FR,OpenSkyRadio,,—,(unlisted),,Other,Other,French,None,Unknown,https://audio.opensky.radio:8082/stream,MP3,192,Working,21,,tags: ,radio-browser,Europe/Paris
FR,OUI FM Classic Rock [AAC],,—,(unlisted),,Other,Other,French,None,Unknown,http://ouifm3.ice.infomaniak.ch/ouifm3.aac,AAC+,64,Working,29,https://bocir-prod-bucket.s3.amazonaws.com/radios/oui-fm/radiostream/3qhtSltZ27/vignette.png,tags: ,radio-browser,Europe/Paris
FR,OUI FM Garage Rock [AAC],,—,(unlisted),,Other,Other,French,None,Unknown,http://ouifmgaragerock.ice.infomaniak.ch/ouifmgaragerock-64.aac,AAC+,64,Working,26,,tags: ,radio-browser,Europe/Paris
FR,OUI FM GIRLS ROCK [AAC 64k],,—,(unlisted),,Music,Rock / Alternative,French,None,Unknown,https://ouifmgirlsrock.ice.infomaniak.ch/ouifmgirlsrock.aac,AAC+,64,Working,63,https://www.ouifm.fr/favicon.ico,"tags: female voices,rock",radio-browser,Europe/Paris
FR,OutOfParadise,,—,(unlisted),,Music,Jazz / Soul,French,None,Unknown,http://ecmanager4.pro-fhi.net:1470/stream,MP3,320,Working,2,https://ecmanager4.pro-fhi.net:3450/media/servers/IMG_1285.jpeg,"tags: disco,electro,electronic,hardrock,metal,music,pop,radio,rock,soul,webradio",radio-browser,Europe/Paris
FR,Oxygène Radio,,—,(unlisted),,Other,Other,French,None,Unknown,https://ice.creacast.com/ofm_hq.mp3,MP3,192,Working,86,https://bocir-prod-bucket.s3.amazonaws.com/radios/oxygeneradio/images/favicon.ico,tags: ,radio-browser,Europe/Paris
FR,OZ FM,,—,(unlisted),,Other,Other,French,None,Unknown,https://ozfm.streamb.live/SB00174,MP3,96,Working,4,https://ozfm.com/wp-content/uploads/2023/07/OZFM.retro_.png,tags: ,radio-browser,Europe/Paris
FR,OÜI FM Garage Rock,,—,(unlisted),,Music,Rock / Alternative,French,None,Unknown,http://ouifmgaragerock.ice.infomaniak.ch/ouifmgaragerock-64.aac,AAC+,64,Working,148,https://bocir-prod-bucket.s3.eu-west-1.amazonaws.com/radios/ouifm/radiostream/PVQ1nX8P2i/vignette_X52HTWr00S.png,tags: rock garage,radio-browser,Europe/Paris
FR,p-node,,—,(unlisted),,Other,Other,French,None,Unknown,http://stream.p-node.org/dab.mp3,MP3,320,Working,103,,tags: experimental,radio-browser,Europe/Paris
FR,Paroles et Musique,,—,(unlisted),,Music,Éntekhno / Chanson,French,None,Unknown,http://www.pprb.fr:9505/mpd,MP3,192,Working,43,http://www.pprb.fr/logopm.png,tags: chanson,radio-browser,Europe/Paris
FR,Party Dance Francehttps://www.vip-radios.fm/station/party-dance-radio/,,—,(unlisted),,Other,Other,French,None,Unknown,https://radio4.vip-radios.fm:18042/stream-128kmp3-PartyDance,MP3,128,Working,20,,tags: ,radio-browser,Europe/Paris
FR,Phare FM,,—,(unlisted),,Religious,Religious,French,None,Unknown,http://str0.creacast.com/pharefm,MP3,128,Working,96,,tags: christian,radio-browser,Europe/Paris
FR,PHARE FM FRANCE,,—,(unlisted),,Other,Other,French,None,Unknown,https://str0.creacast.com/pharefm,MP3,128,Working,115,https://static.mytuner.mobi/media/tvos_radios/FbDDtBn6v5.png,tags: ,radio-browser,Europe/Paris
FR,Phare FM Hits,,—,(unlisted),,Religious,Religious,French,None,Unknown,http://str0.creacast.com/pharefmhits,MP3,128,Working,39,,tags: christian,radio-browser,Europe/Paris
FR,Phare FM Louange,,—,(unlisted),,Religious,Religious,French,None,Unknown,http://str0.creacast.com/pharefm_louange,MP3,128,Working,459,,tags: christian,radio-browser,Europe/Paris
FR,Phare FM Worship,,—,(unlisted),,Religious,Religious,French,None,Unknown,http://str30.creacast.com/pharefm_worship,MP3,128,Working,730,,tags: christian,radio-browser,Europe/Paris
FR,PHAUNE,,—,(unlisted),,Other,Other,French,None,Unknown,http://stream.phauneradio.com/phaune_256,MP3,256,Working,53,,tags: misc,radio-browser,Europe/Paris
FR,Phaune radio,,—,(unlisted),,Other,Other,"English,French",None,Unknown,http://stream.phauneradio.com/phaune_128,MP3,128,Working,343,https://phauneradio.com/wp-content/uploads/cropped-phaune-favicon-180x180.png,"tags: sounds of nature,sounds of the wild",radio-browser,Europe/Paris
FR,Pi ano FLAC+meta,,—,(unlisted),,Music,Classical,French,None,Unknown,http://stream.p-node.org/piano,OGG,,Working,85,,"tags: classical,contemporary classical,jazz,piano",radio-browser,Europe/Paris
FR,Pistache La Radio,,—,(unlisted),,Music,Rock / Alternative,French,None,Unknown,https://rpstrm.pistache.org:9443/pistache.mp3,MP3,320,Working,30,https://www.pistache.org/favicon.ico,"tags: adult contemporary,pop,soft rock",radio-browser,Europe/Paris
FR,Playlist Music Radio,,—,(unlisted),,Other,Other,French,None,Unknown,https://radio13.pro-fhi.net/listen/pdpyrses/stream.mp3,MP3,192,Working,48,https://www.playlist-webradio.net/wp-content/uploads/logo-web-1.jpg,tags: ,radio-browser,Europe/Paris
FR,playlist radio,,—,(unlisted),,Music,Rock / Alternative,French,None,Unknown,http://radio13.pro-fhi.net/listen-pdpyrses-stream.mp3,MP3,192,Working,38,https://i0.wp.com/www.playlist-webradio.net/wp-content/uploads/cropped-icone.jpg?fit=180%2c180&#038;ssl=1,tags: rock,radio-browser,Europe/Paris
FR,Playloud,,—,(unlisted),,Music,Electronic / Dance,French,None,Unknown,https://stream2.playloud.fr/stream,MP3,192,Working,30,https://www.playloud.fr/wp-content/uploads/2019/09/cropped-logopld-1-192x192.png,tags: electro,radio-browser,Europe/Paris
FR,Plein air,,—,(unlisted),,Other,Other,French,None,Unknown,http://stream-01.pleinair.net:8000/pleinair,MP3,192,Working,11,,tags: ,radio-browser,Europe/Paris
FR,Plum fm,,—,(unlisted),,Other,Other,French,None,Unknown,https://stream.radios.bzh/listen/plumfm/radio.mp3,MP3,256,Working,20,"https://static.wixstatic.com/media/695ef4_9d20d326e8d243788c285f11121c9994~mv2.png/v1/crop/x_0,y_2,w_2101,h_737/fill/w_326,h_114,al_c,q_85,usm_0.66_1.00_0.01,enc_auto/LOGO%20ok%20PLUMFM.png",tags: ,radio-browser,Europe/Paris
FR,plusfm,,—,(unlisted),,Music,Jazz / Soul,"English,Espaňol,French",None,Unknown,http://radio7.pro-fhi.net:9004/2,MP3,192,Working,75,https://www.plusfm.net/wordpress/wp-content/uploads/2020/05/icone_1024x1024.png,"tags: ambient,downtempo,electro,electropop,funk,indie,pop,triphop",radio-browser,Europe/Paris
FR,Podjazz Radio,,—,(unlisted),,Music,Jazz / Soul,French,None,Unknown,https://radio.podjazz.net/listen/podjazz_radio/radio.mp3,MP3,192,Working,7,https://cdn-profiles.tunein.com/s353583/images/logog.png,"tags: bebop,blues,france,jazz,jazz history,podcast,swing",radio-browser,Europe/Paris
FR,popovradio,,—,(unlisted),,Other,Other,French,None,Unknown,https://popovradio.fr/radio.mp3,MP3,,Working,5,,"tags: amiga,atari,nintendo,pc,remix,remixed,retro games,sega,suno",radio-browser,Europe/Paris
FR,Principe Actif,,—,(unlisted),,Other,Other,French,None,Unknown,http://streaming.principeactif.net:8000/pa-evx,MP3,128,Working,4,,tags: ,radio-browser,Europe/Paris
FR,Prose FM,,—,(unlisted),,Other,Other,French,None,Unknown,https://play.radioking.io/prose,MP3,128,Working,2,https://prose.fm/icon/apple-icon-180x180.png,"tags: groove,no ads",radio-browser,Europe/Paris
FR,Proxi Radio,,—,(unlisted),,Music,Pop / Hits,French,None,Unknown,https://hosting.studioradiomedia.fr:2390/stream,MP3,192,Working,5,https://www.proxiradio.eu/favicon.png,"tags: hits,pop",radio-browser,Europe/Paris
FR,Prune,,—,(unlisted),,Other,Other,French,None,Unknown,https://www.prun.net/stream/,MP3,320,Working,14,https://www.prun.net/favicon.ico,tags: ,radio-browser,Europe/Paris
FR,Présence Pyrénées,,—,(unlisted),,Other,Other,French,None,Unknown,http://direct.radiopresence.com/presence-pyrenees,MP3,128,Working,4,http://www.radiopresence.com/local/cache-vignettes/L215xH100/siteon0-f81bf.png?1712609449,tags: ,radio-browser,Europe/Paris
FR,Psychedelik Ambient Chill by Yuman,,—,(unlisted),,Other,Other,English,None,Unknown,http://163.172.98.143:8002/relay.mp3,MP3,192,Working,49,,"tags: ambient psychedelic,downtempo,psychill",radio-browser,Europe/Paris
FR,Public Health,,—,(unlisted),,Other,Other,English,None,Unknown,http://publichealthradio.ice.infomaniak.ch/publichealthradio-192.mp3,MP3,192,Working,35,https://www.publicsante.com/LOGO_HEALTH.png,tags: ,radio-browser,Europe/Paris
FR,Public Health Radio Espanol,,—,(unlisted),,Other,Other,Spanish,None,Unknown,https://publichealthradioes.ice.infomaniak.ch/publichealthradioes-128.mp3,MP3,128,Working,3,,tags: health,radio-browser,Europe/Paris
FR,Public Santé Génération Seniors,,—,(unlisted),,Other,Other,French,None,Unknown,https://publicsantegenerationsenior.ice.infomaniak.ch/publicsantegenerationsenior-192.mp3,MP3,192,Working,8,https://www.publicsante.com/LOGO_SENIORS.png,"tags: health,wellness",radio-browser,Europe/Paris
FR,Puls Radio,,—,(unlisted),,Other,Other,French,None,Unknown,https://sc4.gergosnet.com/pulsHD.mp3,MP3,192,Working,240,,tags: ,radio-browser,Europe/Paris
FR,PulsRadio 80's,,—,(unlisted),,Other,Other,French,None,Unknown,http://212.83.185.113/magicradioAAC64.mp3,AAC+,64,Working,1066,,tags: ,radio-browser,Europe/Paris
FR,PulsRadio Club,,—,(unlisted),,Music,Electronic / Dance,"English,French",None,Unknown,https://icecast.pulsradio.com/mxHD.mp3,MP3,192,Working,9,https://www.pulsradio.com/img/logo-club.png,"tags: club,clubbing,dance,electronic,house,pulsradio,webradio",radio-browser,Europe/Paris
FR,Pulsradio Dance,,—,(unlisted),,Other,Other,French,None,Unknown,https://sc4.gergosnet.com/pulsHD.mp3,MP3,192,Working,642,,tags: ,radio-browser,Europe/Paris
FR,PulsRadio Hits,,—,(unlisted),,Other,Other,French,None,Unknown,http://193.200.43.23/hitpartyHD.mp3,MP3,192,Working,473,,tags: ,radio-browser,Europe/Paris
FR,PulsRadio Lounge,,—,(unlisted),,Music,Electronic / Dance,"English,French",None,Unknown,https://icecast.pulsradio.com/relaxHD.mp3,MP3,192,Working,16,https://www.pulsradio.com/img/logo-lounge.png,"tags: ambient,chillout,deep house,electronic,lounge,pulsradio,webradio",radio-browser,Europe/Paris
FR,PulsRadio Trance,,—,(unlisted),,Other,Other,French,None,Unknown,http://213.251.190.165/pulstranceHD.mp3,MP3,192,Working,3221,https://www.pulsradio.com/apple-icon-120x120.png,tags: ,radio-browser,Europe/Paris
FR,Pulsradio.com/,,—,(unlisted),,Other,Other,French,None,Unknown,http://icecast1.pulsradio.com:8080/pulstranceHD.mp3,MP3,192,Working,153,,tags: trance,radio-browser,Europe/Paris
FR,RABI015-FM,,—,(unlisted),,Other,Other,French,None,Unknown,http://rabi015-fm.fr:8000/rabi015-fm,AAC+,192,Working,4,http://rabi015-fm.fr/favicon.ico,tags: boucled,radio-browser,Europe/Paris
FR,Radio 17bis,,—,(unlisted),,Music,Jazz / Soul,French,None,Unknown,http://listen.radioking.com/radio/444/stream/1754,MP3,128,Working,650,http://www.dixseptbis.com/__ovh/common/img/favicon.ico,"tags: jazz,popular,smooth,smooth jazz",radio-browser,Europe/Paris
FR,Radio 4,,—,(unlisted),,Other,Other,French,None,Unknown,http://direct.radio4.fr:8000/radio4.mp3,MP3,192,Working,6,https://www.radio4.fr/dist/logo.svg,"tags: dordogne,lot-et-garonne,nouvelle-aquitaine",radio-browser,Europe/Paris
FR,Radio 666,,—,(unlisted),,Other,Other,French,None,Unknown,https://stream2.radio666.net/remote192.aac,AAC,192,Working,89,https://ferarock.org/sites/default/files/ferarock/styles/auto_1280/public/ged/666_haut_coul_jpg.jpg?itok=mSLbBGGd,tags: ,radio-browser,Europe/Paris
FR,Radio 8 Ardennes,,—,(unlisted),,Other,Other,French,None,Unknown,https://sc.creacast.com/radio8.mp3,MP3,,Working,46,https://radio8fm.com/img/logo120.png,tags: ,radio-browser,Europe/Paris
FR,Radio 90 Dance,,—,(unlisted),,Music,Electronic / Dance,English,None,Unknown,http://radiart.eu:8394/live,MP3,128,Working,63,,tags: dance,radio-browser,Europe/Paris
FR,Radio Agape,,—,(unlisted),,Other,Other,French,None,Unknown,https://agape.jireh.ovh/;?type=http&nocache=68,MP3,64,Working,2,https://agape1.fr/wp-content/uploads/2019/11/cropped-Sanstitre-34.png,tags: ,radio-browser,Europe/Paris
FR,Radio Alligator,,—,(unlisted),,Other,Other,French,None,Unknown,http://listen.radioking.com/radio/39962/stream/76445,MP3,128,Working,333,,tags: ,radio-browser,Europe/Paris
FR,Radio Alpa,,—,(unlisted),,Music,Electronic / Dance,French,None,Unknown,https://radioalpa1073.ice.infomaniak.ch/radioalpa.mp3,MP3,192,Working,6,https://radioalpa.com/wp-content/uploads/2022/09/fav.jpg,"tags: deep house,drum and bass,electronic,house,jungle,techno",radio-browser,Europe/Paris
FR,radio aléo,,—,(unlisted),,Other,Other,French,None,Unknown,http://manager8.streamradio.fr:2800/;?type=http&nocache=1703080981,MP3,192,Working,14,,tags: local radio,radio-browser,Europe/Paris
FR,Radio Aria,,—,(unlisted),,Other,Other,French,None,Unknown,http://91.121.62.121:9410/,MP3,96,Working,33,,tags: ,radio-browser,Europe/Paris
FR,Radio Arpitania,,—,(unlisted),,Other,Other,French,None,Unknown,https://listen.radioking.com/radio/28783/stream/64720,MP3,128,Working,19,,tags: ,radio-browser,Europe/Paris
FR,Radio Atlantis 107FM,,—,(unlisted),,Other,Other,French,None,Unknown,https://radio8.pro-fhi.net/radio/9005/atlantis320,MP3,320,Working,3,https://i0.wp.com/radioatlantis.fr/wp-content/uploads/elementor/thumbs/LogoAtlantisBlack-pfblhncaz7c4p0k8iv0x6p2lgpz65o1tplvp2kpgnu.png?w=1170&ssl=1,tags: ,radio-browser,Europe/Paris
FR,Radio Aviva,,—,(unlisted),,News & Talk,News & Talk,French,None,Unknown,https://radio13.pro-fhi.net/listen-tpgmxyoe-stream.mp3,MP3,128,Working,66,,"tags: 00s,70s,80s,90s,dance,house,local news,news,pop dance,top 40",radio-browser,Europe/Paris
FR,Radio AYP FM,,—,(unlisted),,Other,Other,Armenian,None,Unknown,https://stric6.streamakaci.com/radioayp.mp3,MP3,192,Working,2,https://radio-aypfm.com/assets/img/logo-header.png,tags: armenian,radio-browser,Europe/Paris
FR,Radio Barbouillots,,—,(unlisted),,Other,Other,French,None,Unknown,https://stream.rcvfm.fr:8000/barbouillots-192k.mp3,MP3,192,Working,178,https://radiobarbouillots.com/__ovh/common/img/favicon.ico,tags: jeunesse,radio-browser,Europe/Paris
FR,Radio Bazarnaom,,—,(unlisted),,Other,Other,French,None,Unknown,http://str20.creacast.com/bazarnaom,MP3,192,Working,158,https://radiobazarnaom.com/wp-content/uploads/2022/02/cropped-radio-bazarnaom-logo-08-180x180.png,tags: eclectic programming,radio-browser,Europe/Paris
FR,Radio Bellevue,,—,(unlisted),,Other,Other,French,None,Unknown,http://radio-bellevue.ice.infomaniak.ch/radio-bellevue.mp3,MP3,128,Working,15,https://a-v2.sndcdn.com/assets/images/sc-icons/ios-a62dfc8fe7.png,tags: ,radio-browser,Europe/Paris
FR,Radio BIP,,—,(unlisted),,News & Talk,News & Talk,French,None,Unknown,http://flux1.radiobip.fr:8000/live,MP3,128,Working,47,,"tags: local news,local radio",radio-browser,Europe/Paris
FR,Radio Brassens,,—,(unlisted),,Music,Éntekhno / Chanson,French,None,Unknown,https://www.zestream.eu/listen/radiobrassens/radio.mp3,MP3,192,Working,17,https://www.radiobrassens.com/wp-content/uploads/2024/02/cropped-logo-radio-brassens-1-1.png,tags: chanson française,radio-browser,Europe/Paris
FR,Radio Brony,,—,(unlisted),,Music,Mixed music,French,None,Unknown,https://radio.radiobrony.fr/mp3,MP3,128,Working,121,https://radiobrony.fr/img/icons/bwavatar-details.png,"tags: brony,fan music,live show,mlp,my little pony: friendship is magic",radio-browser,Europe/Paris
FR,Radio Brony (AAC+),,—,(unlisted),,Music,Mixed music,French,None,Unknown,https://radiobrony.live/aac,AAC,96,Working,68,https://radiobrony.fr/img/icons/bwavatar-details.png,"tags: brony,fan music,live show,mlp,my little pony,my little pony: friendship is magic",radio-browser,Europe/Paris
FR,Radio Brony (OGG),,—,(unlisted),,Music,Mixed music,French,None,Unknown,https://radio.radiobrony.fr/ogg,OGG,,Working,122,https://radiobrony.fr/img/icons/bwavatar-details.png,"tags: brony,fan music,live show,mlp,my little pony,my little pony: friendship is magic",radio-browser,Europe/Paris
FR,radio brume,,—,(unlisted),,Music,Rock / Alternative,French,None,Unknown,https://www.radioking.com/play/brume-campus-lyon/546695,MP3,192,Working,118,,tags: rock,radio-browser,Europe/Paris
FR,Radio Béton - Tours 93.6,,—,(unlisted),,Other,Other,French,None,Unknown,https://stream.radiobeton.com:8001/stream.mp3,MP3,320,Working,12,,tags: ,radio-browser,Europe/Paris
FR,radio cactus,,—,(unlisted),,News & Talk,News & Talk,French,None,Unknown,http://51.68.228.156:8000/cactus,MP3,192,Working,130,http://www.radio-cactus.com/favicon.ico,tags: talk & speech,radio-browser,Europe/Paris
FR,Radio Calvi Citadelle,,—,(unlisted),,Other,Other,"Corsu,French",None,Unknown,http://37.59.104.28:8020/radiocalvicitadelle,MP3,128,Working,51,,tags: eclectic,radio-browser,Europe/Paris
FR,Radio Campus Clermont-Ferrand,,—,(unlisted),,Music,World music,French,None,Unknown,https://live.radio-campus.org:8002/clermont-ferrand,MP3,256,Working,43,,"tags: culture,electronic,french music,humour,jazz,politics,pop,rap,working,world music",radio-browser,Europe/Paris
FR,Radio Campus Orléans,,—,(unlisted),,Other,Other,French,None,Unknown,https://streams.labomedia.org:8443/stream_rco,MP3,320,Working,12,https://www.magcentre.fr/wp-content/uploads/2015/03/radio-campus-orleans.jpg,tags: ,radio-browser,Europe/Paris
FR,Radio Campus Toulouse 94MHz,,—,(unlisted),,Other,Other,French,None,Unknown,http://live.radio-campus.org:8000/toulouse,MP3,320,Working,43,https://www.campusfm.net/wp/wp-content/uploads/2024/01/cropped-Design-sans-titre-15-4.png,"tags: associative,occitanie,radio libre,toulouse",radio-browser,Europe/Paris
FR,Radio Capsule,,—,(unlisted),,Music,Electronic / Dance,French,None,Unknown,https://radiocapsule.com/radio/radio320.mp3,MP3,320,Working,6,https://radiocapsule.com/images/logo_capsule_transparent_320.png,tags: electronica,radio-browser,Europe/Paris
FR,Radio Choco,,—,(unlisted),,Other,Other,French,None,Unknown,https://listen.radioking.com/radio/669715/stream/733765,MP3,128,Working,2168,https://image.radioking.io/radios/669715/logo/e0191854-a603-41f5-9729-121a1f215f57.jpeg,tags: eclectic programming,radio-browser,Europe/Paris
FR,Radio CISBA,,—,(unlisted),,Other,Other,"Francaise,French",None,Unknown,http://rocket.streamradio.fr:8010/stream,AAC,128,Working,12,https://radiocisba.com/wp-content/uploads/2021/01/picto-icone.png,tags: ,radio-browser,Europe/Paris
FR,Radio Clapas - Culture & Citoyenneté - 93.5 Montpellier,,—,(unlisted),,Other,Other,French,None,Unknown,https://stations.radioclapas.fr/radio/8130/radio.mp3,MP3,320,Working,15,https://www.radioclapas.fr/wp-content/uploads/2016/03/logo-clapas-demi.png,tags: ,radio-browser,Europe/Paris
FR,Radio Classique (France),,—,(unlisted),,Other,Other,French,None,Unknown,https://str0.creacast.com/classique1,MP3,128,Working,10,,tags: ,radio-browser,Europe/Paris
FR,RADIO CLUB 105.7FM,,—,(unlisted),,Other,Other,French,None,Unknown,https://stunnel1.cyber-streaming.com:9128/listen.mp3,MP3,320,Working,3,https://radioclub.fr/wp-content/uploads/2024/08/cropped-269965503_533759981882903_4768925474557172552_n-270x270.jpg,tags: ,radio-browser,Europe/Paris
FR,Radio collection,,—,(unlisted),,Music,Rock / Alternative,French,None,Unknown,https://listen.radioking.com/radio/251653/stream/296545,MP3,320,Working,50,https://www.radiocollection.fr/upload/favicon.ico,tags: pop rock,radio-browser,Europe/Paris
FR,Radio Coteaux,,—,(unlisted),,Music,Rock / Alternative,"F,French",None,Unknown,http://cdnradio.streamakaci.com/radiocoteaux.mp3,MP3,192,Working,11,,tags: rock,radio-browser,Europe/Paris
FR,Radio Couleur Chartreuse,,—,(unlisted),,Other,Other,Francaise,None,Unknown,https://vps.cbad.fr:8443/rcc,MP3,,Working,10,https://i0.wp.com/www.radiocc.fr/wp-content/uploads/2024/05/cropped-Logo_RCC_Vert_3_Frequences.png?resize=270%2C270&ssl=1,tags: ,radio-browser,Europe/Paris
FR,Radio Croco,,—,(unlisted),,Music,Rock / Alternative,French,None,Unknown,http://listen.radioking.com/radio/73198/stream/111151,MP3,128,Working,44,,"tags: electro rock,lounge,pop rock,rock",radio-browser,Europe/Paris
FR,Radio de Noël ,,—,(unlisted),,Other,Other,French,None,Unknown,https://live1.jupinfo.fr:8443/radiodenoel,MP3,140,Working,27,,tags: misc,radio-browser,Europe/Paris
FR,Radio Delta,,—,(unlisted),,Other,Other,French,None,Unknown,https://s4.radio.co/s2fcf9497b/listen,MP3,128,Working,14,https://deltaradio.fr/favicon.ico,tags: ,radio-browser,Europe/Paris
FR,Radio des 2 Caps,,—,(unlisted),,Other,Other,French,None,Unknown,https://listen.radioking.com/radio/367393/stream/417268,MP3,128,Working,4,,tags: ,radio-browser,Europe/Paris
FR,Radio Dio,,—,(unlisted),,News & Talk,News & Talk + Music,"French,Occitan,Portuguese,Tamazight",None,Unknown,https://live.aurafm.org/RadioDio,MP3,160,Working,62,https://radiodio.org/wp-content/themes/point/apple-touch-icon.png,"tags: 89.5 fm,alternative,feminist,ferarock,local music,local news,local radio,multicultural,music,punk,radio locale,rock,rumba,saint-etienne,sainté,stephanoise",radio-browser,Europe/Paris
FR,Radio Disney Paris,,—,(unlisted),,Other,Other,French,None,Unknown,https://stream-176.zeno.fm/ks5wfxkubv8uv?zt=eyJhbGciOiJIUzI1NiJ9.eyJzdHJlYW0iOiJrczV3ZnhrdWJ2OHV2IiwiaG9zdCI6InN0cmVhbS0xNzYuemVuby5mbSIsInJ0dGwiOjUsImp0aSI6IkVJTkxJclhkVEMtSEZHSzZFWS1iQVEiLCJpYXQiOjE3NzI3MDE4NDQsImV4cCI6MTc3MjcwMTkwNH0.QREohi8XJgDrhW8gOyF6uCpTTT6L-MOCMR6KO44intw,MP3,128,Working,10,https://res.cloudinary.com/dfuxhgkej/image/upload/v1772702338/aHR0cHM6Ly9wcm94eS56ZW5vLmZtL2NvbnRlbnQvc3RhdGlvbnMvYWd4emZucGxibTh0YzNSaGRITnlNZ3NTQ2tGMWRHaERiR2xsYm5RWWdJQ3drb1BwekFvTUN4SU9VM1JoZEdsdmJsQnliMlpwYkdVWWdJQ3dzdmpVdEFnTW9nRUVlbVZ1YncvaW1hZ2UvP3U9MTY2MTM1MDE3NjAwM_xzvuqi.png,tags: ,radio-browser,Europe/Paris
FR,Radio Disney Village,,—,(unlisted),,Other,Other,"English,French",None,Unknown,http://webradio.ice.infomaniak.ch/webradio-128.mp3,MP3,320,Working,4,https://upload.wikimedia.org/wikipedia/commons/thumb/e/ed/Disney_Village_2002_logo.svg/1280px-Disney_Village_2002_logo.svg.png,tags: disney,radio-browser,Europe/Paris
FR,Radio Dunes,,—,(unlisted),,Other,Other,French,None,Unknown,https://stream.rcast.net/62863,MP3,320,Working,3,https://radiodunes.com/wp-content/uploads/2021/05/cropped-logo-dunes.jpg,tags: ,radio-browser,Europe/Paris
FR,Radio DY10,,—,(unlisted),,Other,Other,French,None,Unknown,http://flux.radiody10.com:8000/fallback,MP3,256,Working,6,https://radiody10.com/_next/static/media/dy10-logo.d44e7b9f.png,tags: ,radio-browser,Europe/Paris
FR,Radio Déjà Vu,,—,(unlisted),,Music,Rock / Alternative,French,None,Unknown,https://listen.radioking.com/radio/22274/stream/63592,MP3,192,Working,20,,tags: rock,radio-browser,Europe/Paris
FR,Radio Elecroshock,,—,(unlisted),,Music,Electronic / Dance,"English,French",None,Unknown,http://manager.conceptradio.fr:1250/stream,MP3,320,Working,28,,"tags: club dance,club house,electronic dance music",radio-browser,Europe/Paris
FR,Radio Elyon Hits,,—,(unlisted),,Religious,Religious,French,None,Unknown,http://manager7.streamradio.fr:2240/radio,MP3,192,Working,49,https://radio.elyon.fr/_media/img/thumb/re144x144.png,tags: christian,radio-browser,Europe/Paris
FR,Radio Elyon Kids,,—,(unlisted),,Religious,Religious,French,None,Unknown,http://manager7.streamradio.fr:2100/stream,MP3,192,Working,35,,tags: christian,radio-browser,Europe/Paris
FR,Radio Elyon Live,,—,(unlisted),,Religious,Religious,French,None,Unknown,http://manager7.streamradio.fr:2320/stream,MP3,192,Working,16,,tags: christian,radio-browser,Europe/Paris
FR,Radio Elyon Rhema,,—,(unlisted),,Religious,Religious,French,None,Unknown,http://manager7.streamradio.fr:2930/stream,MP3,192,Working,19,https://radio.elyon.fr/_media/img/thumb/re144x144.png,tags: christian,radio-browser,Europe/Paris
FR,Radio Escapades,,—,(unlisted),,Other,Other,French,None,Unknown,http://stream.radios-arra.fr:8000/radioescapades,MP3,128,Working,2,https://www.radioescapades.org/wp-content/uploads/2020/02/RADIO-ESCAPADES-STATIONS-BLEUNUIT-1.png,tags: ,radio-browser,Europe/Paris
FR,Radio Espérance,,—,(unlisted),,Religious,Religious,French,None,Unknown,https://esperance.streamakaci.com/esperance.mp3,MP3,128,Working,330,http://radio-esperance.fr/wp-content/themes/radio-esperance/fichiers/ico/apple-touch-icon-120x120.png,tags: christian,radio-browser,Europe/Paris
FR,Radio Espérance En Marie,,—,(unlisted),,Religious,Religious,French,None,Unknown,https://esperance.streamakaci.com/aufil.mp3,MP3,128,Working,145,,tags: christian,radio-browser,Europe/Paris
FR,Radio Espérance Enseignement,,—,(unlisted),,Religious,Religious,French,None,Unknown,https://esperance.streamakaci.com/enseignement.mp3,MP3,128,Working,509,,tags: christian,radio-browser,Europe/Paris
FR,Radio Espérance Grégorien,,—,(unlisted),,Religious,Religious,French,None,Unknown,https://esperance.streamakaci.com/gregorien.mp3,MP3,128,Working,764,http://radio-esperance.fr/wp-content/themes/radio-esperance/fichiers/ico/apple-touch-icon-120x120.png,tags: christian,radio-browser,Europe/Paris
FR,Radio Espérance Louange,,—,(unlisted),,Religious,Religious,French,None,Unknown,https://esperance.streamakaci.com/louange.mp3,MP3,128,Working,524,,tags: christian,radio-browser,Europe/Paris
FR,Radio Espérance Musique Sacrée,,—,(unlisted),,Religious,Religious,French,None,Unknown,https://esperance.streamakaci.com/musique.mp3,MP3,192,Working,288,,tags: christian,radio-browser,Europe/Paris
FR,Radio Espérance Parole de Dieu,,—,(unlisted),,Religious,Religious,French,None,Unknown,https://esperance.streamakaci.com/parole-de-dieu.mp3,MP3,128,Working,879,,tags: christian,radio-browser,Europe/Paris
FR,Radio Eure du Blues,,—,(unlisted),,Music,Rock / Alternative,French,None,Unknown,http://euredublues.ddns.net:8000/euredublues.ogg,MP3,128,Working,623,,"tags: blues,blues rock,classic blues,country blues,rhythm and blues*",radio-browser,Europe/Paris
FR,Radio FG at work,,—,(unlisted),,Music,Electronic / Dance,"English,French",None,Unknown,http://stream.rcs.revma.com/2v1zz979n98uv,MP3,,Working,33,https://static.mytuner.mobi/media/tvos_radios/116/fg-non-stop.48576e8c.jpg,"tags: dance,edm,electro,house",radio-browser,Europe/Paris
FR,Radio FG Techno,,—,(unlisted),,Music,Electronic / Dance,"English,French",None,Unknown,http://stream.rcs.revma.com/1z19ak79n98uv,MP3,,Working,39,https://static.mytuner.mobi/media/tvos_radios/874/fg-techno.f21527ee.jpg,tags: techno,radio-browser,Europe/Paris
FR,Radio Flash (Montpellier),,—,(unlisted),,Music,Rock / Alternative,French,None,Unknown,http://37.187.16.224:8000/radioflash.mp3,MP3,,Working,20,https://radioflash.fr/wp-content/uploads/2020/02/cropped-favicon-radioflash-min-192x192.png,"tags: electro,pop,pop rock",radio-browser,Europe/Paris
FR,Radio Flemme,,—,(unlisted),,Other,Other,French,None,Unknown,http://str45.streamakaci.com:8014/,MP3,128,Working,163,http://www.radioflemme.com/__ovh/common/img/favicon.ico,tags: relax associative,radio-browser,Europe/Paris
FR,Radio FM Plus 91Mhz,,—,(unlisted),,Other,Other,French,None,Unknown,http://stream.radios-arra.fr:8000/fmplus,MP3,320,Working,6,http://www.radiofmplus.org/wp-content/uploads/revslider/test/logo-fmplus-.png,tags: ,radio-browser,Europe/Paris
FR,Radio Fuego,,—,(unlisted),,Other,Other,French,None,Unknown,http://icy-zurich.mpbnl.nl/radiofuego,AAC+,192,Working,99,https://radiofuego.fr/_image?href=%2F_astro%2Flogo_radiofuego.bYfbVYJd.png&w=120&h=60&f=webp,tags: ,radio-browser,Europe/Paris
FR,Radio Fuori Campo,,—,(unlisted),,Other,Other,"French,Italian",None,Unknown,https://listen.radioking.com/radio/397948/stream/449947,MP3,128,Working,5,https://www.radiofuoricampo.com/upload/60a6b1ff356589.85028903.ico,"tags: culture,italian,multicultural",radio-browser,Europe/Paris
FR,RADIO FUSION,,—,(unlisted),,Other,Other,French,None,Unknown,https://stunnel2.cyber-streaming.com:9276/stream?type=http&nocache=27045,MP3,128,Working,7,,tags: ,radio-browser,Europe/Paris
FR,Radio Fuze,,—,(unlisted),,Other,Other,French,None,Unknown,https://stream-ssl.radios-arra.fr:8443/fuze,MP3,192,Working,35,https://radiofuze.fr/wp-content/uploads/2020/06/cropped-Frame-17-1-192x192.jpg,"tags: france,radio associative,radio locale",radio-browser,Europe/Paris
FR,Radio G,,—,(unlisted),,Other,Other,French,None,Unknown,http://46.105.110.80:8000/fluxradiogHD,OGG,1090,Working,17,,tags: ,radio-browser,Europe/Paris
FR,Radio Galaxie 31,,—,(unlisted),,Other,Other,French,None,Unknown,https://stream-ssl.radios-arra.fr:8443/radiogalaxie,MP3,128,Working,7,https://radiogalaxie31.com/wp-content/uploads/Site/Commun/RGalaxie.ico,tags: ,radio-browser,Europe/Paris
FR,Radio Gandharva Gana,,—,(unlisted),,Other,Other,French,None,Unknown,https://listen.radioking.com/radio/45994/stream/82780,MP3,128,Working,4,https://image.jimcdn.com/app/cms/image/transf/dimension=785x10000:format=jpg/path/s9008a6e38990bd8e/image/id0a55168bf28da62/version/1681464442/image.jpg,tags: ,radio-browser,Europe/Paris
FR,Radio Gege,,—,(unlisted),,Other,Other,French,None,Unknown,https://www.mistercouzin.net/listen,OGG,,Working,48,,tags: ,radio-browser,Europe/Paris
FR,RADIO GOODLIFE,,—,(unlisted),,Music,Jazz / Soul,French,None,Unknown,https://gestream.fr/g-radio-hd.mp3,MP3,192,Working,6,https://www.radiogoodlife.com/img/ico/icon-512.png,"tags: 2000's,60's,70's,80's,90's,disco funk,future funk,modern soul,neo soul,soul music",radio-browser,Europe/Paris
FR,Radio Grand Brive,,—,(unlisted),,News & Talk,News & Talk + Music,French,None,Unknown,https://hosting.studioradiomedia.fr:1420/stream.mp3,MP3,320,Working,29,,"tags: local news,musical discovery,radio associative",radio-browser,Europe/Paris
FR,Radio Grand Lieu,,—,(unlisted),,Other,Other,French,None,Unknown,https://listen.radioking.com/radio/377152/stream/427591,MP3,320,Working,10,https://radiograndlieu.fr/wp-content/uploads/2021/05/cropped-cropped-radio-grand-lieu_logo_t1-81.png,"tags: eclectic,regional radio",radio-browser,Europe/Paris
FR,Radio grenouille,,—,(unlisted),,Other,Other,French,None,Unknown,https://live.radiogrenouille.com:8443/live,MP3,256,Working,241,,tags: ,radio-browser,Europe/Paris
FR,Radio Gresivaudan Chambery,,—,(unlisted),,Other,Other,French,None,Unknown,https://live.aurafm.org/Radio-Gresivaudan-Chambery,MP3,160,Working,3,https://www.radio-gresivaudan.org/wp-content/uploads/2024/02/cropped-New_Logo-Photoroom.png-Photoroom-768x284.png,tags: ,radio-browser,Europe/Paris
FR,Radio Grille Ouverte,,—,(unlisted),,Other,Other,French,None,Unknown,http://stream.radios-arra.fr:8000/rgo#.mp3,MP3,320,Working,32,,"tags: radio associative,radio locale",radio-browser,Europe/Paris
FR,Radio Grésivaudan,,—,(unlisted),,News & Talk,News & Talk,French,None,Unknown,https://live.aurafm.org/Radio-Gresivaudan,MP3,320,Working,6,,"tags: local news,local radio",radio-browser,Europe/Paris
FR,Radio GTJ,,—,(unlisted),,Music,Pop / Hits,French,None,Unknown,http://ca.publicssl.net:8006/,MP3,192,Working,3,,tags: hits,radio-browser,Europe/Paris
FR,Radio Gâtine,,—,(unlisted),,Other,Other,French,None,Unknown,https://hosting.radiomedia.fr:1615/stream,MP3,170,Working,25,https://radiogatine.fr/upload/design/5d0a55c722f2a8.17678226.png,tags: ,radio-browser,Europe/Paris
FR,Radio Heavy Metal,,—,(unlisted),,Music,Rock / Alternative,French,None,Unknown,https://manager7.streamradio.fr:1435/stream,MP3,320,Working,2018,"https://static.wixstatic.com/media/bae3bf_0b6fc93bb1584f329723c0241a93c65c~mv2.png/v1/fill/w_111,h_111,al_c,usm_0.66_1.00_0.01,enc_auto/LOGO%20RHM%20SUR%20ROUGE.png",tags: heavy metal,radio-browser,Europe/Paris
FR,Radio I Have A Dream,,—,(unlisted),,Other,Other,French,None,Unknown,http://www.radio-ihaveadream.com:8000/;stream/1,MP3,128,Working,153,http://www.radio-ihaveadream.com//img/favicon.ico,tags: ,radio-browser,Europe/Paris
FR,Radio Ici & Maintenant,,—,(unlisted),,News & Talk,News & Talk,"Francaise,French",None,Unknown,https://s64.radiolize.com/radio/8090/radio.mp3,AAC,64,Working,201,https://fr.wikipedia.org/wiki/Ici_et_Maintenant_!#/media/Fichier:RIM.jpg,"tags: cultural,culture,talk & speech",radio-browser,Europe/Paris
FR,Radio ISA,,—,(unlisted),,Other,Other,French,None,Unknown,http://radioisagrenoble.ice.infomaniak.ch/radioisagrenoble-128,MP3,128,Working,293,http://www.radioisa.com/upload/60c70fc74cf8f4.23405983.ico,tags: ,radio-browser,Europe/Paris
FR,Radio Italienne de Grenoble,,—,(unlisted),,Other,Other,"French,Italian",None,Unknown,https://listen.radioking.com/radio/204517/stream/247270,MP3,128,Working,168,,tags: ,radio-browser,Europe/Paris
FR,Radio Jeans,,—,(unlisted),,Other,Other,French,None,Unknown,https://stream.mandragola.com/radiojeans,MP3,,Working,2,https://www.radiojeans.net/images/logo_radiojeans.gif,tags: ,radio-browser,Europe/Paris
FR,Radio Junior,,—,(unlisted),,Other,Other,French,None,Unknown,https://stream.votreradiosurlenet.eu/radiojunior.mp3,MP3,128,Working,7,https://radiojunior.com/wp-content/uploads/2020/04/logo2019-removebg-preview-1.png,tags: ,radio-browser,Europe/Paris
FR,Radio Karata,,—,(unlisted),,Other,Other,French,None,Unknown,https://dynstreamgradioflux.fr:8060/stream,MP3,128,Working,20,https://www.radiokarata.com/favicon.png,tags: ,radio-browser,Europe/Paris
FR,Radio Krimi,,—,(unlisted),,Other,Other,French,None,Unknown,https://radio13.pro-fhi.net/flux-nwsimjda2/stream,MP3,320,Working,225,,tags: ,radio-browser,Europe/Paris
FR,Radio La Belle Aventure,,—,(unlisted),,Music,Rock / Alternative,"English,French",None,Unknown,https://flux.radiolabelleaventure.com/listen/radio_la_belle_aventure/radio.mp3,MP3,192,Working,101,https://www.radiolabelleaventure.com/wp-content/uploads/2025/05/cropped-logo-transparent-192x192.png,"tags: chanson française,eclectic,oldies,pop,radio libre,rock,sanspub",radio-browser,Europe/Paris
FR,Radio Lapurdi Irratia,,—,(unlisted),,Other,Other,French,None,Unknown,https://direct.lapurdi.net/radio-lapurdi,MP3,128,Working,41,https://www.lapurdi.net/squelettes/img/logo_web_small.png,tags: kristau irratia - radio chretienne,radio-browser,Europe/Paris
FR,Radio Larzac,,—,(unlisted),,Other,Other,French,None,Unknown,https://stream.radiolarzac.org/hls/master.m3u8,UNKNOWN,320,Working,181,https://www.radiolarzac.org/wp-content/uploads/2019/01/Petit-logo-couleurs-sans-fond.png,tags: eclectic,radio-browser,Europe/Paris
FR,Radio Libertaire (France),,—,(unlisted),,News & Talk,News & Talk + Music,French,None,Unknown,http://media.radio-libertaire.org:8080/radiolib.mp3,MP3,256,Working,1179,,"tags: music,talk",radio-browser,Europe/Paris
FR,Radio Libertaire - Fédération Anarchiste,,—,(unlisted),,Other,Other,French,None,Unknown,http://media.radio-libertaire.org:8080/radiolib.mp3,MP3,256,Working,111,,tags: anarchism,radio-browser,Europe/Paris
FR,Radio Lux,,—,(unlisted),,Music,Rock / Alternative,"French,Spanish",None,Unknown,http://5.39.71.39:8004/stream,MP3,128,Working,53,http://img.sedoparking.com/templates/logos/sedo_logo.png,"tags: garage,punk,rock",radio-browser,Europe/Paris
FR,RADIO MARIA FRANCE,,—,(unlisted),,Religious,Religious,French,None,Unknown,http://dreamsiteradiocp2.com:8110/stream,MP3,32,Working,1916,,"tags: catholic,christian",radio-browser,Europe/Paris
FR,Radio MBS,,—,(unlisted),,Other,Other,French,None,Unknown,https://mbs.ice.infomaniak.ch/mbs-64.aac,AAC+,64,Working,28,,tags: ,radio-browser,Europe/Paris
FR,Radio MDM,,—,(unlisted),,Other,Other,French,None,Unknown,https://stream.radio-mdm.fr:8443/stream.mp3,MP3,192,Working,30,,tags: ,radio-browser,Europe/Paris
FR,Radio Media Antilles - Le Son Des Iles,,—,(unlisted),,Music,Mixed music,French,None,Unknown,https://radio3.pro-fhi.net/listen/pzjdzjjq/stream.mp3,MP3,320,Working,8,,"tags: bucaramanga,tropical music,zouk",radio-browser,Europe/Paris
FR,Radio Metal,,—,(unlisted),,Music,Rock / Alternative,French,None,Unknown,https://radio3.pro-fhi.net/live/Radio%20Metal,MP3,320,Working,400,,tags: metal,radio-browser,Europe/Paris
FR,Radio Meuh,,—,(unlisted),,Music,Jazz / Soul,French,None,Unknown,http://radiomeuh.ice.infomaniak.ch/radiomeuh-128.mp3,MP3,128,Working,30975,,"tags: electronic,funk,music",radio-browser,Europe/Paris
FR,Radio Micheline,,—,(unlisted),,Other,Other,French,None,Unknown,https://hosting.studioradiomedia.fr:2165/stream,MP3,256,Working,70,https://www.radiomicheline.com/style/favicon.gif,tags: ,radio-browser,Europe/Paris
FR,Radio Mille pattes,,—,(unlisted),,Other,Other,Francaise,None,Unknown,http://millepattes.ice.infomaniak.ch/millepattes-high.mp3,MP3,128,Working,2,https://static.mytuner.mobi/media/tvos_radios/m3KEtX3nv4.gif,"tags: ragga,reggae",radio-browser,Europe/Paris
FR,Radio Mix,,—,(unlisted),,Music,Rock / Alternative,French,None,Unknown,http://andromeda.shoutca.st:8427/stream,MP3,320,Working,70,,"tags: 80s,90s,alternative,oldschool",radio-browser,Europe/Paris
FR,Radio MODUL,,—,(unlisted),,Other,Other,French,None,Unknown,http://icecast.radiomodul.fr:8000/modul.aac,AAC+,128,Working,26,,tags: monts du lyonnais,radio-browser,Europe/Paris
FR,Radio Monaco Mix DJ,,—,(unlisted),,Music,Electronic / Dance,"English,French",None,Unknown,http://streaming503.radionomy.com/radio-monaco-mixdj,MP3,192,Working,139,,"tags: club dance,club house,dance,dj remix,house",radio-browser,Europe/Paris
FR,Radio Montmartre,,—,(unlisted),,Music,Éntekhno / Chanson,French,None,Unknown,http://montmartre.ice.infomaniak.ch/montmartre.aac,AAC+,64,Working,223,,tags: chansons,radio-browser,Europe/Paris
FR,Radio Méga,,—,(unlisted),,News & Talk,News & Talk + Music,French,None,Unknown,https://stream.ferarock.org:8020/radio-mega,MP3,320,Working,36,https://www.radio-mega.com/templates/signweb/images/favicon.png,"tags: chansons françaises,electronic,folk,jazz,local music,local news,local radio,pop,radio associative,rap,rock,various",radio-browser,Europe/Paris
FR,Radio Naoned,,—,(unlisted),,Music,Pop,"Breton,Francaise",None,Unknown,https://stream.radios.bzh/listen/naoned/radio.mp3,MP3,256,Working,4,https://media.radios.bzh/assets/6a08f275-e3da-419a-90f8-efbee23a07bc,"tags: breizh,breton,pop",radio-browser,Europe/Paris
FR,Radio Nelly,,—,(unlisted),,Music,World music,"Francaise,Français - Lëtzebuergesch,French",None,Unknown,https://stream.radionelly.com:8443/nelly.aac,AAC,128,Working,3,https://www.radionelly.com/Nelly300x300.jpg,"tags: alternative / indie,eclectic,electronic,jazz,world music",radio-browser,Europe/Paris
FR,Radio Nostalgie France,,—,(unlisted),,Other,Other,French,None,Unknown,https://streaming.nrjaudio.fm/oug7girb92oc?origine=tingfm,MP3,128,Working,818,,tags: ,radio-browser,Europe/Paris
FR,Radio Notre Dame (lower bitrate),,—,(unlisted),,News & Talk,News & Talk,French,None,Unknown,https://windu.radionotredame.net/RadioNotreDame-Fm.mp3,MP3,192,Working,445,https://radionotredame.net/favicon.ico,"tags: christian,culture,religious,talk",radio-browser,Europe/Paris
FR,Radio Nova France,,—,(unlisted),,Music,World music,French,None,Unknown,https://novazz.ice.infomaniak.ch/novazz-128.mp3,MP3,128,Working,51,https://www.nova.fr/wp-content/thumbnails/uploads/sites/2/2024/08/cropped-favicon-4-t-384x384.png,"tags: alternative,dub,ecletic,electro,folk,hip-hop,reggae,rock,soul,trip-hop,world music",radio-browser,Europe/Paris
FR,Radio Nova La Nuit,,—,(unlisted),,Other,Other,French,None,Unknown,http://nova-ln.ice.infomaniak.ch/nova-ln-128.mp3,MP3,128,Working,161,https://www.nova.fr/wp-content/uploads/sites/2/2021/02/cropped-favicon.png?fit=180%2c180&#038;quality=75,tags: chill,radio-browser,Europe/Paris
FR,Radio numéro 1,,—,(unlisted),,Other,Other,French,None,Unknown,http://radiono1.ice.infomaniak.ch/radiono1-128.mp3,MP3,128,Working,33,,"tags: local,loiret,nièvre",radio-browser,Europe/Paris
FR,Radio of Magic,,—,(unlisted),,Music,Children,"English,French",None,Unknown,https://listen.radioking.com/radio/418372/stream/471466,MP3,128,Working,2,https://www.radio-of-magic.com/wp-content/uploads/2021/05/favicon-512x512-1.png,"tags: disney,disneyland paris,kids,radio disney",radio-browser,Europe/Paris
FR,Radio ORCA,,—,(unlisted),,Other,Other,French,None,Unknown,http://radioorca.com/stream,AAC+,64,Working,7,https://www.radioorca.com/favicon.ico,tags: ,radio-browser,Europe/Paris
FR,Radio Paris Obscur,,—,(unlisted),,Other,Other,French,None,Unknown,http://rocket.streamradio.fr:8190/stream,AAC,256,Working,41,,tags: ,radio-browser,Europe/Paris
FR,radio pays de gueret,,—,(unlisted),,Other,Other,French,None,Unknown,http://radiopaysdegueret.ice.infomaniak.ch/radiopaysdegueret.mp3,AAC,128,Working,22,http://www.radiopaysdegueret.fr/favicon.ico,tags: ,radio-browser,Europe/Paris
FR,Radio PFM,,—,(unlisted),,Other,Other,French,None,Unknown,https://diff.radiopfm.com/flux.mp3,MP3,128,Working,17,https://www.radiopfm.com/static/img/favicon.d95773dc7037.ico,tags: generalist,radio-browser,Europe/Paris
FR,Radio Pikez !,,—,(unlisted),,News & Talk,News & Talk + Music,French,None,Unknown,http://ecouter.pikez.space:8000/pikez_hd,MP3,128,Working,53,,"tags: french,music,talk",radio-browser,Europe/Paris
FR,Radio Pitchoun,,—,(unlisted),,Other,Other,French,None,Unknown,https://webradio.tvradio-pitchoun.fr:8443/radiopitchoun.aac,AAC,,Working,19,,tags: ,radio-browser,Europe/Paris
FR,Radio Play Emotions,,—,(unlisted),,Other,Other,French,None,Unknown,http://5.39.82.157:8054/,MP3,128,Working,15,,tags: ,radio-browser,Europe/Paris
FR,Radio Plein Air Jura - La Radio Hit Régionale,,—,(unlisted),,Music,Pop,French,None,Unknown,https://stream-1.pleinair.net:8443/dr_jura.mp3,MP3,192,Working,33,,tags: pop music,radio-browser,Europe/Paris
FR,Radio Pomme D'api,,—,(unlisted),,Other,Other,French,None,Unknown,https://www.radiopommedapi.com/radio.aac,MP3,128,Working,255,,tags: ,radio-browser,Europe/Paris
FR,Radio Presence Figeac,,—,(unlisted),,Religious,Religious,French,None,Unknown,https://direct.radiopresence.com/radio-presence-figeac,MP3,128,Working,27,http://direct.radiopresence.com/presence.png,tags: christian,radio-browser,Europe/Paris
FR,Radio Presence Lot,,—,(unlisted),,Religious,Religious,French,None,Unknown,https://direct.radiopresence.com/radio-presence-lot,MP3,128,Working,37,http://direct.radiopresence.com/presence.png,tags: christian,radio-browser,Europe/Paris
FR,Radio Presence Lourdes,,—,(unlisted),,Religious,Religious,French,None,Unknown,http://direct.radiopresence.com/radio-presence-lourdes,MP3,128,Working,65,http://direct.radiopresence.com/presence.png,tags: christian,radio-browser,Europe/Paris
FR,RADIO PRIMITIVE,,—,(unlisted),,Other,Other,Francaise,None,Unknown,https://streaming.radioprimitive.fr:8443/live.mp3,MP3,160,Working,16,https://www.radioprimitive.fr/images/permanent/logo-square,tags: ,radio-browser,Europe/Paris
FR,radio puisaleine,,—,(unlisted),,Music,Oldies / 80s-90s,French,None,Unknown,http://radiopuisaleine.ice.infomaniak.ch/radiopuisaleine-128.mp3,MP3,320,Working,9,http://www.radiopuisaleine.fr/wp-content/uploads/2015/01/logo-Puisaleine.jpg,"tags: oldies,pop",radio-browser,Europe/Paris
FR,Radio Pulsar,,—,(unlisted),,Other,Other,French,None,Unknown,https://radiopulsar.ice.infomaniak.ch/radiopulsar-192.mp3,MP3,192,Working,13,https://www.radio-pulsar.org/wp-content/uploads/2018/10/cropped-PULSAR_Logo-officiel-192x192.png,tags: ,radio-browser,Europe/Paris
FR,Radio Pulse,,—,(unlisted),,Other,Other,French,None,Unknown,http://radiopulse.fr:8080/pulse,MP3,320,Working,3,,tags: ,radio-browser,Europe/Paris
FR,Radio RBS,,—,(unlisted),,Music,World music,French,None,Unknown,https://www.radioking.com/play/radio-rbs-1,MP3,128,Working,112,https://www.radiorbs.com/app/themes/rbs/build/images/favicon/apple-touch-icon.png,"tags: electro,funk,hiphop,house,world music",radio-browser,Europe/Paris
FR,Radio Rempart,,—,(unlisted),,Other,Other,French,None,Unknown,https://radio.pro-fhi.net:19112/;stream1,MP3,256,Working,4,,tags: ,radio-browser,Europe/Paris
FR,Radio Rencontre Dunkerque,,—,(unlisted),,Music,Mixed music,French,None,Unknown,https://listen.radioking.com/radio/153745/stream/194338,MP3,128,Working,28,,"tags: accordéon,musique de vieux",radio-browser,Europe/Paris
FR,Radio RWL,,—,(unlisted),,Music,Pop,French,None,Unknown,https://ecmanager3.pro-fhi.net:1835/stream,MP3,320,Working,11,,tags: pop,radio-browser,Europe/Paris
FR,Radio Saint Affrique,,—,(unlisted),,Other,Other,French,None,Unknown,http://stream.radios-arra.fr:8000/stafrique,MP3,192,Working,16,https://www.rvvs.fr/wp-content/uploads/2019/06/cropped-logo-512-512-32x32.jpg,tags: ,radio-browser,Europe/Paris
FR,Radio Saint Ferréol,,—,(unlisted),,Other,Other,French,None,Unknown,https://live.aurafm.org/RadioSaintFerreol,MP3,,Working,31,,tags: ,radio-browser,Europe/Paris
FR,Radio Saint Louis,,—,(unlisted),,Other,Other,French,None,Unknown,https://stunnel2.cyber-streaming.com:9142/;stream.mp3,MP3,128,Working,11,https://webradio.radiosaintlouis.com/assets/images/logo_rsl_globe_slogan.png,tags: ,radio-browser,Europe/Paris
FR,Radio salut c'est cool,,—,(unlisted),,Other,Other,French,None,Unknown,http://radio.casse-tete.solutions/salut-radio-192.aac,AAC,192,Working,15,,tags: ,radio-browser,Europe/Paris
FR,Radio Santa Milonga - Tango de Soie,,—,(unlisted),,Other,Other,French,None,Unknown,http://stream-149.zeno.fm/h1bp8fqy3tzuv?zs=K-DGezlDQ1eoDd4USWtW-g&rj-ttl=5&rj-tok=AAABeSjJiZ8AxMCynkXvfjbXzA,MP3,128,Working,79,,tags: tango,radio-browser,Europe/Paris
FR,Radio Scarpe Sensée,,—,(unlisted),,Other,Other,French,None,Unknown,https://radioscarpe.ice.infomaniak.ch/radioscarpe-128.mp3,MP3,128,Working,5,https://radioscarpesensee.com/index/wp-content/uploads/cropped-logo-scarpe-200x200.jpg,tags: ,radio-browser,Europe/Paris
FR,Radio SCOOP - Pop & Rock,,—,(unlisted),,Other,Other,French,None,Unknown,https://scooprock.ice.infomaniak.ch/radioscoop-rock-64.aac,AAC+,64,Working,29,https://static.mytuner.mobi/media/tvos_radios/qCy5jNEamp.png,tags: ,radio-browser,Europe/Paris
FR,Radio SCOOP - Roanne,,—,(unlisted),,Other,Other,French,None,Unknown,https://radioscooproanne.ice.infomaniak.ch/radioscoop-roanne-64.aac,AAC+,64,Working,3,https://www.radioscoop.com/dyn/img.php?id=506831.jpg&w=512&h=512,tags: ,radio-browser,Europe/Paris
FR,Radio SCOOP - StEtienne,,—,(unlisted),,Other,Other,French,None,Unknown,https://radioscoopsaintetienne.ice.infomaniak.ch/radioscoop-stetienne-64.aac,AAC+,64,Working,6,https://www.radioscoop.com/favicon.ico,tags: ,radio-browser,Europe/Paris
FR,Radio Secousse,,—,(unlisted),,Music,World music,French,None,Unknown,http://stream.secousse.org:8000/secousse,MP3,192,Working,87,https://secousse.tv/wp-content/themes/secousse.tv/114x114.png,"tags: african music,latino,world music",radio-browser,Europe/Paris
FR,Radio Service,,—,(unlisted),,Other,Other,French,None,Unknown,http://stream.radioserviceweb.fr/radioservice.mp3,MP3,320,Working,13,,tags: ,radio-browser,Europe/Paris
FR,Radio Show,,—,(unlisted),,Other,Other,French,None,Unknown,https://listen.radioking.com/radio/22937/stream/63601,MP3,,Working,7,,tags: ,radio-browser,Europe/Paris
FR,Radio Souvenir,,—,(unlisted),,Other,Other,French,None,Unknown,http://radio12.pro-fhi.net/live/RadioSouvenir.com,MP3,128,Working,8,,tags: ,radio-browser,Europe/Paris
FR,Radio Star Franche Comté,,—,(unlisted),,Other,Other,French,None,Unknown,http://radiostar.ice.infomaniak.ch/radiostar-128.mp3,MP3,128,Working,16,,tags: ,radio-browser,Europe/Paris
FR,Radio Star Sud Marseille,,—,(unlisted),,Other,Other,French,None,Unknown,https://stream.rcs.revma.com/b4yrpwdu7ucwv,MP3,,Working,3,https://www.radiostarsud.fr/favicon.ico,tags: ,radio-browser,Europe/Paris
FR,Radio SUN FLAC,,—,(unlisted),,Other,Other,French,None,Unknown,http://diffusion.lafrap.fr:8000/sun.flac,OGG,1200,Working,343,,tags: ,radio-browser,Europe/Paris
FR,Radio Superlarsen,,—,(unlisted),,Music,Mixed music,Français - Lëtzebuergesch,None,Unknown,https://icecast.superlarsen.fr/main,OGG,,Working,2,https://www.superlarsen.fr/wp-content/uploads/2025/11/logo-super-larsen-1--300x180.png,"tags: documentaries,musique,podcasts",radio-browser,Europe/Paris
FR,Radio Tempête,,—,(unlisted),,Other,Other,French,None,Unknown,https://listen.radioking.com/radio/372772/stream/422929,MP3,128,Working,18,,tags: ,radio-browser,Europe/Paris
FR,Radio Titine,,—,(unlisted),,Music,Jazz / Soul,French,None,Unknown,https://listen.radioking.com/radio/435545/stream/489533,MP3,128,Working,27,"https://static.wixstatic.com/media/578136_24e4883683c748a2a776595e66118a35%7emv2.png/v1/fit/w_2500,h_1330,al_c/578136_24e4883683c748a2a776595e66118a35%7emv2.png","tags: love,pop,smooth jazz,west coast",radio-browser,Europe/Paris
FR,Radio Troutrou,,—,(unlisted),,Other,Other,French,None,Unknown,https://listen.radioking.com/radio/353374/stream/413698,MP3,192,Working,12,https://radiotroutrou.com/apple-touch-icon.png?,tags: various,radio-browser,Europe/Paris
FR,Radio U ,,—,(unlisted),,Other,Other,French,None,Unknown,https://icecast.infini.fr:8443/radiou.mp3,MP3,320,Working,6,https://www.radio-u.org/local/cache-gd2/eb/4dea4a477ed81c0e5f95d48c71ab26.png?1686922687,tags: ,radio-browser,Europe/Paris
FR,Radio Univers,,—,(unlisted),,Music,World music,"Francaise,French",None,Unknown,https://stream4.vestaradio.com/RadioUnivers,MP3,192,Working,24,https://www.radio-univers.com/wp-includes/images/w-logo-blue-white-bg.png,"tags: jazz,poetry,progressive rock,world music",radio-browser,Europe/Paris
FR,Radio Val d'Or - RVO,,—,(unlisted),,Other,Other,French,None,Unknown,https://stream3.vestaradio.com/RADIOVALDOR?nocache=34033,MP3,128,Working,6,https://www.radiovaldor.com/favicon.ico,tags: ,radio-browser,Europe/Paris
FR,Radio Vallée Bergerac,,—,(unlisted),,Other,Other,French,None,Unknown,https://hosting.studioradiomedia.fr:1755/stream,MP3,,Working,8,https://rvb-radio.fr/images/br.png,tags: ,radio-browser,Europe/Paris
FR,Radio Vaticana Francais,,—,(unlisted),,Other,Other,French,None,Unknown,https://radio.vaticannews.va/stream-fr,MP3,128,Working,509,https://www.vaticannews.va/etc/designs/vatican-news/release/library/main/images/favicons/apple-icon-114x114.png,tags: ,radio-browser,Europe/Paris
FR,Radio VINCI Autoroutes 107.7 Alpes Provence,,—,(unlisted),,Other,Other,French,None,Unknown,http://str0.creacast.com/radio_vinci_autoroutes_6,MP3,128,Working,231,,tags: ,radio-browser,Europe/Paris
FR,Radio VINCI Autoroutes 107.7 Auvergne Vallée du Rhône,,—,(unlisted),,Other,Other,French,None,Unknown,http://str0.creacast.com/radio_vinci_autoroutes_5,MP3,128,Working,256,,tags: ,radio-browser,Europe/Paris
FR,Radio VINCI Autoroutes 107.7 Côte d'Azur,,—,(unlisted),,Other,Other,French,None,Unknown,http://str0.creacast.com/radio_vinci_autoroutes_7,MP3,128,Working,241,,tags: ,radio-browser,Europe/Paris
FR,Radio VINCI Autoroutes 107.7 Languedoc Roussillon,,—,(unlisted),,Other,Other,French,None,Unknown,http://str0.creacast.com/radio_vinci_autoroutes_4,MP3,128,Working,187,,tags: ,radio-browser,Europe/Paris
FR,Radio VINCI Autoroutes 107.7 Ouest Centre,,—,(unlisted),,Other,Other,French,None,Unknown,http://str0.creacast.com/radio_vinci_autoroutes_1,MP3,128,Working,598,,tags: ,radio-browser,Europe/Paris
FR,Radio VINCI Autoroutes 107.7 Sud Ouest,,—,(unlisted),,Other,Other,French,None,Unknown,http://str0.creacast.com/radio_vinci_autoroutes_3,MP3,128,Working,1105,,tags: ,radio-browser,Europe/Paris
FR,Radio Welsass,,—,(unlisted),,Other,Other,French,None,Unknown,http://welsass.fr/play,MP3,128,Working,106,,tags: ,radio-browser,Europe/Paris
FR,Radio YAN,,—,(unlisted),,Other,Other,Armenian,None,Unknown,https://237.185.153.160.host.secureserver.net/proxy/radioyan1/stream,MP3,128,Working,5,https://www.radioyan.com/wp-content/uploads/2025/11/radio-yan-logo-1.jpg,tags: armenian,radio-browser,Europe/Paris
FR,Radio_Accordeon,,—,(unlisted),,Other,Other,French,None,Unknown,https://live2.jupinfo.fr:8443/radioaccordeon,MP3,170,Working,2,,tags: ,radio-browser,Europe/Paris
FR,RadioGospel,,—,(unlisted),,Religious,Religious,"English,French",None,Unknown,https://d3m456gauclwb5.cloudfront.net/radiogospel_high,MP3,192,Working,215,,tags: gospel,radio-browser,Europe/Paris
FR,RadioSouvenir.com,,—,(unlisted),,Other,Other,French,None,Unknown,http://radio12.pro-fhi.net/listen-itqtlpyj-stream.mp3,MP3,128,Working,20,http://www.radiosouvenir.com/logo.jpg,tags: ,radio-browser,Europe/Paris
FR,RadioVino,,—,(unlisted),,Other,Other,French,None,Unknown,https://listen.radioking.com/radio/40700/stream/77213,MP3,128,Working,4,,tags: ,radio-browser,Europe/Paris
FR,Radyoga,,—,(unlisted),,Other,Other,French,None,Unknown,https://play.radioking.io/radyoga/72311,MP3,320,Working,50,,tags: ,radio-browser,Europe/Paris
FR,Radyonne,,—,(unlisted),,Other,Other,French,None,Unknown,http://79.137.39.209:8000/stream,MP3,,Working,9,http://www.radyonne.fr/favicon.ico,tags: ,radio-browser,Europe/Paris
FR,RBR 103.4/106.8FM,,—,(unlisted),,Other,Other,French,None,Unknown,https://stream.vestaradio.com/RBR?nocache=72616#,MP3,320,Working,28,https://rbrfm.com/sites/default/files/logo_site_1.png,tags: ,radio-browser,Europe/Paris
FR,RCF,,—,(unlisted),,Other,Other,French,None,Unknown,https://rcf.streamakaci.com/rcfdigital.mp3,MP3,128,Working,167,https://www.rcf.fr/_nuxt/logo_rcf.O1-BYldf.webp,tags: ,radio-browser,Europe/Paris
FR,RCV,,—,(unlisted),,Music,Pop,French,None,Unknown,http://stream.rcvfm.fr:8000/rcv128k.mp3,MP3,,Working,249,,"tags: musique,pop",radio-browser,Europe/Paris
FR,RDC RADIO COUSERANS,,—,(unlisted),,Other,Other,French,None,Unknown,https://stream.rcs.revma.com/w6u9tk4a6nhvv,MP3,,Working,5,https://www.radiocouserans.fr/favicon.ico,tags: ,radio-browser,Europe/Paris
FR,RDWA,,—,(unlisted),,Other,Other,French,None,Unknown,https://live.aurafm.org/R-Dwa,MP3,192,Working,10,https://www.aurafm.org/wp-content/uploads/rdwa.png,tags: eclectic,radio-browser,Europe/Paris
FR,RDWA Luc,,—,(unlisted),,Music,Jazz / Soul,French,None,Unknown,https://live.aurafm.org/R-Dwa-LUC,MP3,192,Working,6,https://www.aurafm.org/wp-content/uploads/rdwa.png,"tags: dub,eclectic,electronic,funk,jazz,reggae,rock,urban",radio-browser,Europe/Paris
FR,Record Goa Psy,,—,(unlisted),,Other,Other,French,None,Unknown,https://radiorecord.hostingradio.ru/goa96.aacp,AAC,,Working,705,https://s1.wp.com/i/favicon.ico,"tags: goa,psy,trance",radio-browser,Europe/Paris
FR,Redzing Radio,,—,(unlisted),,Music,Electronic / Dance,French,None,Unknown,https://onair.redzingradio.com/redzing-256,MP3,256,Working,2,https://redzingradio.com/wp-content/uploads/2020/06/cropped-logo_cerclebleu_RedzingRadio_2022.png,"tags: dance,electro,pop,top40",radio-browser,Europe/Paris
FR,Reggae Arte radio,,—,(unlisted),,Other,Other,"English,French",None,Unknown,https://listen.radioking.com/radio/269104/stream/314461,MP3,128,Working,6,,tags: reggae,radio-browser,Europe/Paris
FR,Reggae.fr,,—,(unlisted),,Other,Other,French,None,Unknown,https://listen.radioking.com/radio/50473/stream/87415,MP3,128,Working,1552,,"tags: dub,reggae,roots",radio-browser,Europe/Paris
FR,Retro Souvenirs Radio,,—,(unlisted),,Music,Oldies / 80s-90s,"English,French",None,Unknown,https://listen.radioking.com/radio/108/stream/890,MP3,128,Working,23,https://static.wixstatic.com/media/82b05f_8193c647efa94b70a93346c2a9e39f19%7emv2.jpg/v1/fill/w_32%2ch_32%2clg_1%2cusm_0.66_1.00_0.01/82b05f_8193c647efa94b70a93346c2a9e39f19%7emv2.jpg,"tags: 70s,80s,oldies",radio-browser,Europe/Paris
FR,RFI Afrique,,—,(unlisted),,News & Talk,News & Talk,French,None,Unknown,http://live02.rfi.fr/rfiafrique-64.mp3,MP3,64,Working,88947,http://www.rfi.fr/apple-touch-icon.png,"tags: africa,news",radio-browser,Europe/Paris
FR,RFI Anglais - English,,—,(unlisted),,News & Talk,News & Talk,English,None,Unknown,http://live02.rfi.fr/rfienanglais-64.mp3,MP3,64,Working,2482,http://en.rfi.fr/android-chrome-192x192.png,"tags: features,information,news,public radio",radio-browser,Europe/Paris
FR,RFI Kiswahili,,—,(unlisted),,News & Talk,News & Talk,Swahili,None,Unknown,https://rfiswahili96k.ice.infomaniak.ch/rfiswahili-96k.mp3,MP3,96,Working,1898,https://www.rfi.fr/favicon-194x194.png,tags: news,radio-browser,Europe/Paris
FR,RFI Musique,,—,(unlisted),,Music,World music,French,None,Unknown,http://live02.rfi.fr/rfimusiquemonde-64k.mp3,MP3,64,Working,798,http://www.rfimusique.com/favicon.ico,"tags: african,french,pop,world music",radio-browser,Europe/Paris
FR,RFI Persian,,—,(unlisted),,Other,Other,Persian,None,Unknown,http://live02.rfi.fr/rfienpersan-64k.mp3,MP3,64,Working,3031,,tags: persian,radio-browser,Europe/Paris
FR,RFI Portugais,,—,(unlisted),,Other,Other,French,None,Unknown,https://rfienportugais64k.ice.infomaniak.ch/rfienportugais-64.mp3,MP3,64,Working,78,https://www.rfi.fr/apple-touch-icon.png,tags: ,radio-browser,Europe/Paris
FR,RFI Russe,,—,(unlisted),,News & Talk,News & Talk,Russian,None,Unknown,http://live02.rfi.fr/rfienrusse-64.mp3,MP3,96,Working,422,http://ru.rfi.fr/android-chrome-192x192.png,"tags: news,public radio",radio-browser,Europe/Paris
FR,RFI Russia,,—,(unlisted),,News & Talk,News & Talk,"Russian,Ukrainian",None,Unknown,https://rfiukraine.ice.infomaniak.ch/rfiukraine-96.mp3,MP3,96,Working,491,https://www.rfi.fr/apple-touch-icon.png,"tags: news,talk",radio-browser,Europe/Paris
FR,RFI Tieng Viet,,—,(unlisted),,Other,Other,Vietnamese,None,Unknown,http://live02.rfi.fr/rfivietnamien-96k.mp3,MP3,96,Working,1004,https://www.rfi.fr/apple-touch-icon.png,tags: ,radio-browser,Europe/Paris
FR,RFI-Chinese,,—,(unlisted),,Other,Other,French,None,Unknown,https://rfienchinois64k.ice.infomaniak.ch/rfienchinois-64.mp3,MP3,64,Working,3531,,tags: ,radio-browser,Europe/Paris
FR,RFM - 100% New Wave,,—,(unlisted),,Music,Oldies / 80s-90s,French,None,Unknown,http://stream.rfm.fr/rfm-wr12.aac/playlist.m3u8,UNKNOWN,,Working,397,https://cdn-profiles.tunein.com/s309248/images/logod.jpg,"tags: 80s,new wave",radio-browser,Europe/Paris
FR,RFM - La Radio Couleur,,—,(unlisted),,Music,Pop / Hits,French,None,Unknown,https://stream.rfm.fr/rfm-wr3.aac,AAC+,128,Working,1024,http://cdn-rfm.lanmedia.fr/apple-touch-icon-120x120.png,tags: 70 80 hits,radio-browser,Europe/Paris
FR,RFM 100% Français,,—,(unlisted),,Other,Other,French,None,Unknown,https://wr.lmn.fm/rfm-wr11.aac,AAC+,128,Working,655,http://cdn-rfm.lanmedia.fr/favicon-32x32.png,tags: ,radio-browser,Europe/Paris
FR,RFM LE HIT,,—,(unlisted),,Other,Other,French,None,Unknown,http://stream.rfm.fr/rfm-wr7.mp3,MP3,128,Working,21,,tags: ,radio-browser,Europe/Paris
FR,RFM party ,,—,(unlisted),,Other,Other,French,None,Unknown,http://stream.rfm.fr/rfm-wr5.mp3,MP3,128,Working,23,,tags: ,radio-browser,Europe/Paris
FR,RFM PARTY 90,,—,(unlisted),,Other,Other,French,None,Unknown,https://rfm.lmn.fm/rfm-wr5.aac,AAC+,128,Working,64,,tags: ,radio-browser,Europe/Paris
FR,RFM POP-ROCK,,—,(unlisted),,Music,Rock / Alternative,French,None,Unknown,https://stream.rfm.fr/rfm-wr10.aac,AAC+,128,Working,2100,http://cdn-rfm.lanmedia.fr/apple-touch-icon-120x120.png,"tags: chansons françaises,pop,pop rock,rock",radio-browser,Europe/Paris
FR,RFM Slow,,—,(unlisted),,Other,Other,French,None,Unknown,https://stream.rfm.fr/rfm-wr13.aac,AAC+,128,Working,291,,tags: ,radio-browser,Europe/Paris
FR,RIFF,,—,(unlisted),,Other,Other,French,None,Unknown,https://lsstream.riff-radio.org/;stream.m4a,AAC+,96,Working,9,,tags: ,radio-browser,Europe/Paris
FR,Ringard Willycat,,—,(unlisted),,Other,Other,French,None,Unknown,https://listen.radioking.com/radio/441272/stream/495536,MP3,128,Working,8,,tags: ,radio-browser,Europe/Paris
FR,Rinse FR,,—,(unlisted),,Other,Other,French,None,Unknown,https://radio10.pro-fhi.net/radio/9041/stream,MP3,192,Working,6,,tags: ,radio-browser,Europe/Paris
FR,Rinse France,,—,(unlisted),,Other,Other,French,None,Unknown,https://radio10.pro-fhi.net/radio/9041/stream,MP3,192,Working,144,,tags: ,radio-browser,Europe/Paris
FR,Rire et Chansons Canulars,,—,(unlisted),,Other,Other,French,None,Unknown,https://streaming.nrjaudio.fm/ouwgjmsk6j4d?aw_0_1st.station=Rire-Chansons-CANULARS&origine=mytuner,MP3,128,Working,295,,tags: comedy,radio-browser,Europe/Paris
FR,Rire et Chansons Sketches,,—,(unlisted),,Other,Other,French,None,Unknown,https://streaming.nrjaudio.fm/ou8oqegk7oiu?aw_0_1st.station=Rire-Chansons-SKETCHES&origine=mytuner,MP3,128,Working,153,,tags: comedy,radio-browser,Europe/Paris
FR,rjfm,,—,(unlisted),,Other,Other,French,None,Unknown,http://listen.radioking.com/radio/563/stream/62872,MP3,320,Working,422,http://www.rjfm.net/upload/56a875eb1b04d5.99551528.ico,tags: ,radio-browser,Europe/Paris
FR,rjfm club 80,,—,(unlisted),,Music,Oldies / 80s-90s,French,None,Unknown,https://listen.radioking.com/radio/2725/stream/72647,MP3,192,Working,106,,"tags: 1980s,80's,hd",radio-browser,Europe/Paris
FR,RJR (Radio Jeunes Reims),,—,(unlisted),,Music,Rock / Alternative,French,None,Unknown,https://stream.rjrradio.fr/rjr.mp3,MP3,,Working,212,https://fichiers.rjrradio.fr/logo/Fond%20blanc/RJR%202016%20carr%C3%A9%20sans%20marge.png,tags: pop/rock,radio-browser,Europe/Paris
FR,Rlocale Radio,,—,(unlisted),,Other,Other,French,None,Unknown,https://rlocale.org/listen/rlocale//rlocale-128k.aac,AAC,128,Working,5,https://rlocale.fr/wp-content/uploads/2023/11/cropped-logo-rlocale-245x245-1-180x180.png,tags: ,radio-browser,Europe/Paris
FR,RMC FR,,—,(unlisted),,Sports,Sports,French,None,Unknown,https://audio.bfmtv.com/rmcradio_128.mp3,MP3,128,Working,76280,https://i1.wp.com/www.mediasportif.fr/wp-content/uploads/2014/05/Radio-RMC.jpg,"tags: france,info,sport,talk",radio-browser,Europe/Paris
FR,RMC GOLD,,—,(unlisted),,Music,Oldies / 80s-90s,"American English,French",None,Unknown,https://hls-rmcgold.nextradiotv.com/ssai/192k/media.m3u8,UNKNOWN,,Working,455,,tags: oldies,radio-browser,Europe/Paris
FR,RMC Info Talk Sport ,,—,(unlisted),,Sports,Sports,French,None,Unknown,https://audio.bfmtv.com/rmcradio_128.mp3?aw_0_1st.playerId=RMC_audio_web&aggregator=RMC_audio_web,MP3,128,Working,6247,https://rmc.bfmtv.com/android-icon-192x192.png,tags: sports news,radio-browser,Europe/Paris
FR,RMF Radio,,—,(unlisted),,Other,Other,French,None,Unknown,https://www.radioking.com/play/rmf-radio/376729,AAC+,64,Working,33,https://static.wixstatic.com/media/773fc3_1242bcad92c741eeb1aca7bfd293f577~mv2.jpg/v1/fill/w_180%2Ch_180%2Clg_1%2Cusm_0.66_1.00_0.01/773fc3_1242bcad92c741eeb1aca7bfd293f577~mv2.jpg,tags: ,radio-browser,Europe/Paris
FR,Rock & Folk (rock n folk),,—,(unlisted),,Music,Rock / Alternative,French,None,Unknown,https://rockfolk.ice.infomaniak.ch/rockfolk.mp3,MP3,192,Working,545,,"tags: blues,classic rock,metal,punk,rock",radio-browser,Europe/Paris
FR,Rock STation ,,—,(unlisted),,Other,Other,French,None,Unknown,https://listen.radioking.com/radio/7551/stream/385141,MP3,192,Working,11,,tags: ,radio-browser,Europe/Paris
FR,Rock&Folk Radio,,—,(unlisted),,Music,Rock / Alternative,French,None,Unknown,https://rockfolk.ice.infomaniak.ch/rockfolk.mp3?t=1641651522250,MP3,192,Working,172,,tags: rock,radio-browser,Europe/Paris
FR,Rockenfolie,,—,(unlisted),,Music,Rock / Alternative,French,None,Unknown,https://player.rockenfolie.com/,MP3,256,Working,22,https://rockenfolie.fr/wp-content/uploads/2021/01/LOGO_ROCKENFOLIE_65.png,tags: rock,radio-browser,Europe/Paris
FR,Roots Legacy Radio,,—,(unlisted),,Other,Other,French,None,Unknown,https://l.rootslegacy.fr/;,MP3,224,Working,262,https://www.rootslegacy.fr/images/logo.webp,tags: ,radio-browser,Europe/Paris
FR,Roots Legacy Radio Dub Night,,—,(unlisted),,Other,Other,French,None,Unknown,https://n.rootslegacy.fr/stream/1/,MP3,128,Working,9,,tags: dub,radio-browser,Europe/Paris
FR,RSTLSS,,—,(unlisted),,Music,Rock / Alternative,French,None,Unknown,https://stream.radiosolution.fr/rstlss.mp3,MP3,128,Working,50,https://rstlss.com/favicon.ico,"tags: classic rock,heavy metal,metal,pop rock,rock",radio-browser,Europe/Paris
FR,RTBF Classic 21 - Metal,,—,(unlisted),,Other,Other,French,None,Unknown,https://radios.rtbf.be/wr-c21-metal-128.mp3,MP3,,Working,32,https://www.radio.fr/300/classic2190s.png,tags: ,radio-browser,Europe/Paris
FR,RTL 100% 80,,—,(unlisted),,Music,Oldies / 80s-90s,French,None,Unknown,https://live.m6radio.quortex.io/webpHJPXnXrN7B6J7Q8mcqmxP/webradio/rtl100pc80/130/audio-64000/index.m3u8,AAC,64,Working,118,https://images.rtl.fr/~c/300v300/rtl/www/1595806-rtl-radio80-1400x1400-copie.jpg,"tags: 80s,music,oldies",radio-browser,Europe/Paris
FR,RTL 100% FRANCE,,—,(unlisted),,Music,Éntekhno / Chanson,French,None,Unknown,https://live.m6radio.quortex.io/webpHJPXnXrN7B6J7Q8mcqmxP/webradio/rtl100pc80/130/audio-64000/index.m3u8,AAC,64,Working,121,https://images.rtl.fr/~c/300v300/rtl/www/1374199-100-webradio-2800x2800.jpg,"tags: chansons françaises,music",radio-browser,Europe/Paris
FR,RTL 100% Hits,,—,(unlisted),,Music,Pop / Hits,French,None,Unknown,https://live.m6radio.quortex.io/webpHJPXnXrN7B6J7Q8mcqmxP/webradio/rtl/201/audio-64000/index.m3u8,AAC,64,Working,66,https://images.rtl.fr/~c/300v300/rtl/www/1197826-webradio-1400x1400.jpg,"tags: classic hits,hits,music",radio-browser,Europe/Paris
FR,RTL 2,,—,(unlisted),,Other,Other,French,None,Unknown,https://icecast.rtl.fr/rtl2-1-44-128?listen=webGJmqBU59boQ7rZDjrGO5e4,MP3,128,Working,443,,tags: ,radio-browser,Europe/Paris
FR,RTL France,,—,(unlisted),,News & Talk,News & Talk,French,None,Unknown,https://live.m6radio.quortex.io/webpHJPXnXrN7B6J7Q8mcqmxP/grouprtl/national/long/audio-64000/index.m3u8,AAC,64,Working,862,https://www.radio.fr/images/broadcasts/da/51/10220/c300.png,"tags: news,pop",radio-browser,Europe/Paris
FR,RTL France (MP3 128 kbps),,—,(unlisted),,News & Talk,News & Talk + Music,French,None,Unknown,http://icecast.rtl.fr/rtl-1-44-128,MP3,128,Working,35,https://m6unlimited.fr/app/uploads/sites/2/2025/01/rtl-rect-rouge-rvb.jpg,tags: news talk music entertainment,radio-browser,Europe/Paris
FR,RTL La Collection Georges Lang,,—,(unlisted),,Music,Rock / Alternative,French,None,Unknown,https://live.m6radio.quortex.io/webpHJPXnXrN7B6J7Q8mcqmxP/webradio/rtl-georges-lang/130/audio-64000/index.m3u8,AAC,64,Working,16,,"tags: classic rock,country,rock,rock n roll",radio-browser,Europe/Paris
FR,RVA radio,,—,(unlisted),,Music,Pop / Hits,French,None,Unknown,https://rva.ice.infomaniak.ch/rva-high.mp3,MP3,128,Working,242,https://www.radiorva.com/apple-touch-icon-120x120.png,"tags: auvergne,hits,pop,vichy",radio-browser,Europe/Paris
FR,RVR,,—,(unlisted),,News & Talk,News & Talk,French,None,Unknown,https://live.aurafm.org:7443/rvr-tarareplata,AAC,160,Working,15,,tags: talk & speech,radio-browser,Europe/Paris
FR,Ràdio Cap a cap,,—,(unlisted),,Music,Traditional / Folk,"Gascon,Occitan",None,Unknown,https://listen.radioking.com/radio/361189/stream/410758,MP3,,Working,3,,tags: traditional,radio-browser,Europe/Paris
FR,Salve Regina,,—,(unlisted),,Religious,Religious,French,None,Unknown,http://hosting.studioradiomedia.fr:2520/stream,MP3,192,Working,26,https://radiosalveregina.com/wp-content/uploads/2021/09/cropped-favicon-2-1-180x180.png,"tags: catholic,christian",radio-browser,Europe/Paris
FR,"Sanef 107.7 - Est
",,—,(unlisted),,News & Talk,News & Talk,French,None,Unknown,https://sanef.ice.infomaniak.ch/sanef1077-est.mp3,MP3,128,Working,48,,tags: talk & speech,radio-browser,Europe/Paris
FR,Saravadio,,—,(unlisted),,Music,Rock / Alternative,French,None,Unknown,https://manager8.streamradio.fr:3355/stream,MP3,320,Working,8,,tags: alternative / indie,radio-browser,Europe/Paris
FR,shadowfr69 Radio,,—,(unlisted),,Music,Pop,"English,French,Japanese",None,Unknown,https://radio.shadowfr69.eu/mp3,MP3,256,Working,9,,tags: japanese anime soundtracks game jpop vgm ost,radio-browser,Europe/Paris
FR,Sing Sing,,—,(unlisted),,Other,Other,French,None,Unknown,https://stream.sing-sing-bis.org:8443/singsingaac128,AAC,128,Working,70,https://www.sing-sing-bis.org/navi/images/haut.gif,tags: ,radio-browser,Europe/Paris
FR,Sing Sing bis,,—,(unlisted),,Music,Rock / Alternative,French,None,Unknown,http://stream.sing-sing-bis.org:8000/singsing128,MP3,128,Working,608,,tags: rock,radio-browser,Europe/Paris
FR,singsingFlac,,—,(unlisted),,Other,Other,French,None,Unknown,http://stream.sing-sing-bis.org:8000/singsingFlac,OGG,128,Working,76,,tags: ,radio-browser,Europe/Paris
FR,size,,—,(unlisted),,Other,Other,French,None,Unknown,http://n0f.radiojar.com/atr1e8aswa5tv,MP3,,Working,5,,tags: international,radio-browser,Europe/Paris
FR,Size Radio,,—,(unlisted),,Music,Jazz / Soul,French,None,Unknown,http://n10.radiojar.com/atr1e8aswa5tv,MP3,,Working,277,http://www.size-radio.com/favicon.ico,"tags: funk,hiphop,pop,rock,soul",radio-browser,Europe/Paris
FR,SKYLEGEND,,—,(unlisted),,Other,Other,French,None,Unknown,https://webradiostream.eu:8200/stream,MP3,320,Working,14,,tags: ,radio-browser,Europe/Paris
FR,Skyrock 100% FRANÇAIS ,,—,(unlisted),,Music,Hip-hop / Urban,French,None,Unknown,https://icecast.skyrock.net/s/francais_aac_64k?tvr_name=radiofr&tvr_section1=64aac,AAC,128,Working,654,,tags: rap,radio-browser,Europe/Paris
FR,Skyrock Hits,,—,(unlisted),,Music,Hip-hop / Urban,French,None,Unknown,https://icecast.skyrock.net/s/hit_skyrock_aac_64k?tvr_name=radiofr&tvr_section1=64aac,AAC,128,Working,1733,,tags: rap,radio-browser,Europe/Paris
FR,Skyrock PLM,,—,(unlisted),,Other,Other,French,None,Unknown,https://icecast.skyrock.net/s/plm_aac_128k?tvr_name=apistreamfm,AAC+,128,Working,270,,tags: militaire,radio-browser,Europe/Paris
FR,Slow Radio,,—,(unlisted),,Other,Other,French,None,Unknown,https://play.radioking.io/slow-radio/601307,MP3,320,Working,43,,tags: ,radio-browser,Europe/Paris
FR,Slowly Radio,,—,(unlisted),,Other,Other,"English,French",None,Unknown,https://stream.slowlyradio.com/,MP3,192,Working,73,https://slowlyradio.com/wp-content/uploads/2023/06/slowlyradio-iconlogo_v-2_4.png,tags: ,radio-browser,Europe/Paris
FR,Sofaradios - MIA Jazzanova,,—,(unlisted),,Music,Jazz / Soul,French,None,Unknown,http://91.121.51.19:8042/,MP3,128,Working,99,http://sofaradios.fr/favicon.ico,"tags: jazz,lounge,smooth jazz",radio-browser,Europe/Paris
FR,Sofaradios - MIA StepUp,,—,(unlisted),,Music,Electronic / Dance,French,None,Unknown,http://91.121.51.19:8044/,MP3,128,Working,82,http://sofaradios.fr/favicon.ico,tags: electro,radio-browser,Europe/Paris
FR,Sofaradios - Popup,,—,(unlisted),,Music,Pop,French,None,Unknown,http://91.121.51.19:8040/,MP3,128,Working,41,http://sofaradios.fr/favicon.ico,tags: pop,radio-browser,Europe/Paris
FR,Soft Radio,,—,(unlisted),,Music,Classical,"English,French",None,Unknown,https://stream10.xdevel.com/audio14s976748-2279/stream/icecast.audio,AAC+,192,Working,105,https://static.wixstatic.com/media/8f2aad_aa6143964e8d4a1f80be28d048517260~mv2.png,"tags: calm,classical,eclectic,jazz,relaxing,soft,soundtracks",radio-browser,Europe/Paris
FR,Soulmet Radio,,—,(unlisted),,Music,Jazz / Soul,French,None,Unknown,http://91.121.59.45:10184/stream,MP3,192,Working,43,"https://static.wixstatic.com/media/a51df2_1c64505953b64daead89b06067bd9a30.png/v1/fill/w_329,h_329,al_c,q_85,usm_0.66_1.00_0.01,enc_auto/a51df2_1c64505953b64daead89b06067bd9a30.png","tags: funk,jazz,rap,rnb,soul",radio-browser,Europe/Paris
FR,Starsystem FM (Gérard),,—,(unlisted),,News & Talk,News & Talk,French,None,Unknown,http://radiosurle.net:8765/radiogerard,MP3,96,Working,907,,"tags: humour,trash talk",radio-browser,Europe/Paris
FR,Starsystem FM (MAX),,—,(unlisted),,News & Talk,News & Talk,French,None,Unknown,https://radiosurle.net:8765/starsystemfm,MP3,96,Working,153,,"tags: humour,radio libre,trash talk",radio-browser,Europe/Paris
FR,StarSystemFM,,—,(unlisted),,Other,Other,French,None,Unknown,http://radiosurle.net:8765/starsystemfm,MP3,96,Working,21,,tags: humour,radio-browser,Europe/Paris
FR,Station Station,,—,(unlisted),,Other,Other,"English,French",None,Unknown,http://libretime.stationstation.fr:8000/main,MP3,192,Working,7,https://stationstation.fr/assets/icons/apple-touch-icon.png,tags: ,radio-browser,Europe/Paris
FR,StellarFM,,—,(unlisted),,Other,Other,French,None,Unknown,https://radio.stellarfm.fr/listen/stellarfm/radio.mp3,MP3,256,Working,3,,tags: ,radio-browser,Europe/Paris
FR,Steweo,,—,(unlisted),,Music,Rock / Alternative,"Français - Lëtzebuergesch,French",None,Unknown,https://listen.radioking.com/radio/26746/stream/59470,MP3,128,Working,3,https://www.radioking.com/api/track/cover/4f2e1062-a259-4fab-b7a5-088a410ee714,"tags: alternative / indie,alternative rock,indie rock",radio-browser,Europe/Paris
FR,Stone Rock Radio,,—,(unlisted),,Other,Other,French,None,Unknown,https://stonerockradio.radioca.st/stream,MP3,128,Working,9,"https://static.wixstatic.com/media/61d768_e59844c4014e4642972310a0500546bb~mv2.png/v1/fill/w_245,h_245,al_c,q_85,usm_0.66_1.00_0.01,enc_auto/nouveau_logo-removebg-preview.png",tags: ,radio-browser,Europe/Paris
FR,SUN,,—,(unlisted),,Other,Other,French,None,Unknown,https://diffusion.lafrap.fr/sunhd.mp3,MP3,160,Working,3,https://assets.radioplayer.org/250/2501933/600/600/mrp1g8k0.png,tags: eclectic,radio-browser,Europe/Paris
FR,Sun - Cafe,,—,(unlisted),,Music,Jazz / Soul,French,None,Unknown,http://radio2.vip-radios.fm:8068/private-192kmp3-CafeSoulside_autodj,MP3,192,Working,2,,"tags: downtempo,lounge,néo soul,smooth-acid jazz",radio-browser,Europe/Paris
FR,SUN Classique,,—,(unlisted),,Music,Classical,French,None,Unknown,https://diffusion.lafrap.fr/sun-classique.mp3,MP3,160,Working,221,https://www.lesonunique.com/datasun/images_flux/logos/SD/classique.png,"tags: classical,classique,instrumental,opera,salon",radio-browser,Europe/Paris
FR,SUN Hip Hop,,—,(unlisted),,Music,Jazz / Soul,French,None,Unknown,https://diffusion.lafrap.fr/sun-hip-hop.mp3,MP3,160,Working,121,https://www.lesonunique.com/datasun/images_flux/logos/SD/hiphop.png,"tags: groove,hip hop,jazz,r&b,rap",radio-browser,Europe/Paris
FR,SUN Jazz,,—,(unlisted),,Music,Jazz / Soul,French,None,Unknown,https://diffusion.lafrap.fr/sun-jazz.mp3,MP3,160,Working,93,https://www.lesonunique.com/favicon.ico,tags: jazz,radio-browser,Europe/Paris
FR,SUN Nantes,,—,(unlisted),,Other,Other,French,None,Unknown,https://diffusion.lafrap.fr/sunhd.mp3,MP3,160,Working,54,https://lesonunique.com/images/pwa/icon-512x512.png,tags: ,radio-browser,Europe/Paris
FR,Sun Radio Bar,,—,(unlisted),,Other,Other,English,None,Unknown,https://radio2.vip-radios.fm:18065/stream-128kmp3-BarSoulside,MP3,128,Working,5,https://www.vip-radios.fm/favicon.ico,"tags: deep,groove,nu disco",radio-browser,Europe/Paris
FR,SUN Rock,,—,(unlisted),,Music,Rock / Alternative,French,None,Unknown,https://diffusion.lafrap.fr/sun-rock.mp3,MP3,160,Working,49,https://www.lesonunique.com/datasun/images_flux/logos/SD/rock.png,"tags: alternative rock,classic rock,pop rock,rock",radio-browser,Europe/Paris
FR,SUN Soul & Funk,,—,(unlisted),,Music,Jazz / Soul,French,None,Unknown,https://diffusion.lafrap.fr/sun-soul.funk.mp3,MP3,160,Working,113,https://www.lesonunique.com/datasun/images_flux/logos/HD/soulandfunk.png,"tags: funk,hip hop,jazz fusion,soul",radio-browser,Europe/Paris
FR,SUN | Le Son Unique,,—,(unlisted),,Other,Other,French,None,Unknown,https://diffusion.lafrap.fr/sunhd.mp3,MP3,160,Working,4,https://lesonunique.com/favicon.ico?id=524e048de2695ef625db6ec5593ae996,tags: ,radio-browser,Europe/Paris
FR,SunAlpes Radio,,—,(unlisted),,Other,Other,French,None,Unknown,http://funalpesradio.ice.infomaniak.ch/funalpes.mp3,MP3,128,Working,15,,tags: ,radio-browser,Europe/Paris
FR,Sunyfun radio ,,—,(unlisted),,News & Talk,News & Talk,Francaise,None,Unknown,http://serveur2.wanastream.com:25000/stream?fbclid=IwY2xjawJWfg1leHRuA2FlbQIxMQABHWEZvrZJFc1lgz4SjVi4poZjq89TsGf7uJFRptsil3KsX1QaigFkZZSgDw_aem_tI4D7Q3E5WUK9VJ4ja5R7w,MP3,256,Working,18,,"tags: 80s,90s,news talents,rock,techno,électro",radio-browser,Europe/Paris
FR,Superloustic,,—,(unlisted),,Other,Other,French,None,Unknown,https://www.superloustic.com/listen,MP3,320,Working,188,https://i0.wp.com/www.superloustic.com/wp-content/uploads/logo500-2-.png?fit=180%2c180&#038;ssl=1,tags: ,radio-browser,Europe/Paris
FR,Surf FM 102.3 Hossegor FRANCE,,—,(unlisted),,Other,Other,French,None,Unknown,http://69.30.214.54:12340/;,MP3,160,Working,17,https://waveradio.fm/wp-content/themes/waveradio/img/svg/wave-radio-hossegor.svg?80172489074,tags: ,radio-browser,Europe/Paris
FR,Swigg,,—,(unlisted),,Music,Hip-hop / Urban,French,None,Unknown,https://start-adofm.ice.infomaniak.ch/start-adofm-high.mp3,MP3,128,Working,199,https://ecouter.lesindesradios.net/logos/orange4.png,tags: rap,radio-browser,Europe/Paris
FR,Swing FM,,—,(unlisted),,Religious,Religious,French,None,Unknown,http://swingfm.ice.infomaniak.ch/swingfm-128.mp3,MP3,320,Working,89,https://www.swingfm.asso.fr/wp-content/themes/bsi_swingfm/img/logo_d.png,"tags: blues,gospel,jazz,swing",radio-browser,Europe/Paris
FR,Teenage Kicks Radio,,—,(unlisted),,Other,Other,English,None,Unknown,https://evcast.mediacp.eu:1165/stream,MP3,128,Working,70,https://cdn.onlineradiobox.com/img/logo/3/87633.v5.png,"tags: new wave,post punk,punk",radio-browser,Europe/Paris
FR,TEKNO1,,—,(unlisted),,Music,Electronic / Dance,French,None,Unknown,http://cressida.shoutca.st:8591/stream/1/,MP3,320,Working,800,https://tekno1.fr/wp-content/uploads/2019/12/cropped-favi2020-192x192.png,tags: techno,radio-browser,Europe/Paris
FR,Tekno1 Radio,,—,(unlisted),,Other,Other,French,None,Unknown,http://95.217.34.48:8591/stream,MP3,320,Working,25,https://tekno1.fr/wp-content/uploads/2024/10/Sans-titre-1.png,tags: ,radio-browser,Europe/Paris
FR,Tendance Ouest,,—,(unlisted),,Other,Other,French,None,Unknown,http://tendanceouest-calvados.ice.infomaniak.ch/caen.mp3,MP3,128,Working,300,http://www.tendanceouest.com/favicon.ico,tags: ,radio-browser,Europe/Paris
FR,Terre Marine FM,,—,(unlisted),,Other,Other,French,None,Unknown,https://radio3.pro-fhi.net:19045/stream,MP3,128,Working,6,,tags: ,radio-browser,Europe/Paris
FR,Timbre FM,,—,(unlisted),,Other,Other,French,None,Unknown,https://stream.radios.bzh/listen/timbrefm/radio.mp3,MP3,256,Working,13,https://api.radios.bzh/assets/ff89d84e-f51e-4427-aa00-a5f58a195ee8,tags: ,radio-browser,Europe/Paris
FR,Tonic radio,,—,(unlisted),,Other,Other,French,None,Unknown,http://hit-sport.ice.infomaniak.ch/hit-sport-high.mp3,MP3,128,Working,524,,tags: ,radio-browser,Europe/Paris
FR,Top music,,—,(unlisted),,Other,Other,French,None,Unknown,http://str0.creacast.com/topmusic1,MP3,128,Working,385,,tags: ,radio-browser,Europe/Paris
FR,TOP80 Radio,,—,(unlisted),,Other,Other,"Francaise,French",None,Unknown,https://securestreams6.autopo.st:2321/stream.mp3,MP3,128,Working,6,https://www.top80radio.com/wp-content/uploads/2024/10/logo-TOP-80-radio-transperent-500x262-1.png,tags: ,radio-browser,Europe/Paris
FR,"Tout nouveau, tout FIP",,—,(unlisted),,Music,Mixed music,French,None,Unknown,http://icecast.radiofrance.fr/fipnouveautes-hifi.aac,AAC,192,Working,862,https://cdn.radiofrance.fr/s3/cruiser-production/2019/06/e061141c-f6b4-4502-ba43-f6ec693a049b/200x200_fip-nouveau_ok.jpg,"tags: aac,music,public radio,radio france",radio-browser,Europe/Paris
FR,Toutes les couleurs du trad,,—,(unlisted),,Music,Éntekhno / Chanson,French,None,Unknown,https://my2.radiolize.com/radio/8100/radio.mp3,AAC,96,Working,81,,"tags: celtic,chansons françaises,european music,folk music,folklore,medieval,traditional",radio-browser,Europe/Paris
FR,Tsugi,,—,(unlisted),,Other,Other,French,None,Unknown,https://www.radioking.com/play/tsugi-radio,MP3,128,Working,301,,tags: ,radio-browser,Europe/Paris
FR,Tsumugi,,—,(unlisted),,Other,Other,French,None,Unknown,https://azuracast.mahoro-net.org/listen/tsumugi/radio.mp3,MP3,192,Working,3,https://cdn.onlineradiobox.com/img/l/3/63393.v6.png,tags: ,radio-browser,Europe/Paris
FR,TT Node,,—,(unlisted),,Other,Other,French,None,Unknown,http://stream.p-node.org/dab.mp3,MP3,320,Working,4,,tags: ,radio-browser,Europe/Paris
FR,Unfazed OnAir,,—,(unlisted),,Other,Other,French,None,Unknown,https://srv.webradiomanager.fr:1045/stream,MP3,192,Working,2,"https://static.wixstatic.com/media/cc8d99_6770b0d30090457aa528788c142a1c36~mv2.png/v1/fill/w_1200,h_900,fp_0.50_0.50,q_95,enc_avif,quality_auto/cc8d99_6770b0d30090457aa528788c142a1c36~mv2.png",tags: ,radio-browser,Europe/Paris
FR,Urban afro,,—,(unlisted),,Other,Other,French,None,Unknown,https://urbanhitblack.ice.infomaniak.ch/urbanhitblack128.mp3,MP3,128,Working,485,https://bocir-prod-bucket.s3.eu-west-1.amazonaws.com/radios/urbanhit/images/favicon.vnd.microsoft.icon,tags: ,radio-browser,Europe/Paris
FR,Urban funk,,—,(unlisted),,Music,Jazz / Soul,French,None,Unknown,http://urbanhitfunk.ice.infomaniak.ch/urbanhitfunk-128.mp3,MP3,128,Working,98,https://bocir-prod-bucket.s3.eu-west-1.amazonaws.com/radios/urbanhit/images/favicon.vnd.microsoft.icon,tags: funk,radio-browser,Europe/Paris
FR,Urban Hit,,—,(unlisted),,Other,Other,French,None,Unknown,http://urbanhitblack.ice.infomaniak.ch/urbanhitblack128.mp3,MP3,128,Working,93,https://bocir-prod-bucket.s3.eu-west-1.amazonaws.com/radios/urbanhit/images/favicon.vnd.microsoft.icon,tags: ,radio-browser,Europe/Paris
FR,Urban Hit  raï,,—,(unlisted),,Other,Other,French,None,Unknown,http://urbanhitrai.ice.infomaniak.ch/urbanhitrai.mp3,MP3,128,Working,83,https://bocir-prod-bucket.s3.eu-west-1.amazonaws.com/radios/urbanhit/images/favicon.vnd.microsoft.icon,tags: rai,radio-browser,Europe/Paris
FR,Urban Hit - Latino,,—,(unlisted),,Other,Other,French,None,Unknown,http://urbanhitreggeaton.ice.infomaniak.ch/urbanhitreggeaton-128.mp3?,MP3,128,Working,664,https://bocir-prod-bucket.s3.eu-west-1.amazonaws.com/radios/urbanhit/images/favicon.vnd.microsoft.icon,tags: latino,radio-browser,Europe/Paris
FR,Urban Hit Maroc,,—,(unlisted),,Other,Other,French,None,Unknown,https://urbanhitrai.ice.infomaniak.ch/urbanhitrai.mp3,MP3,128,Working,4152,https://bocir-prod-bucket.s3.eu-west-1.amazonaws.com/radios/urbanhit/images/favicon.vnd.microsoft.icon,tags: ,radio-browser,Europe/Paris
FR,Urban Hit rap FR,,—,(unlisted),,Other,Other,French,None,Unknown,https://urbanhitrapfr.ice.infomaniak.ch/urbanhitrapfr-128.mp3,MP3,128,Working,447,https://bocir-prod-bucket.s3.eu-west-1.amazonaws.com/radios/urbanhit/images/favicon.vnd.microsoft.icon,tags: ,radio-browser,Europe/Paris
FR,Urban Hit à l'ancienne,,—,(unlisted),,Other,Other,French,None,Unknown,https://urbanhitalancienne.ice.infomaniak.ch/urbanhitalancienne.mp3,MP3,128,Working,98,https://www.urbanhit.fr/favicon.ico,tags: ,radio-browser,Europe/Paris
FR,Vertige Radio,,—,(unlisted),,Other,Other,French,None,Unknown,https://stream.vestaradio.com/VertigeRadio,MP3,320,Working,3,https://uploads.monsiteradio.com/logo/23-23-logovertigeradioone.png,tags: ,radio-browser,Europe/Paris
FR,Vibration,,—,(unlisted),,Other,Other,French,None,Unknown,http://vibration.ice.infomaniak.ch/vibration-high.mp3,MP3,128,Working,102,https://bocir-prod-bucket.s3.amazonaws.com/radios/vibration/images/favicon.vnd.microsoft.icon,tags: ,radio-browser,Europe/Paris
FR,Vibration 2000,,—,(unlisted),,Other,Other,French,None,Unknown,http://vibration2000.ice.infomaniak.ch/vibration2000.mp3,MP3,128,Working,308,http://ecouter.lesindesradios.fr/logos/orange206.png,tags: ,radio-browser,Europe/Paris
FR,Vibration 80's,,—,(unlisted),,Other,Other,French,None,Unknown,http://vibration80s.ice.infomaniak.ch/vibration80s.mp3,MP3,128,Working,1193,http://ecouter.lesindesradios.fr/logos/orange207.png,tags: ,radio-browser,Europe/Paris
FR,Vibration 90's,,—,(unlisted),,Other,Other,French,None,Unknown,http://vibration90s.ice.infomaniak.ch/vibration90s.mp3,MP3,128,Working,307,https://bocir-prod-bucket.s3.amazonaws.com/radios/vibration/images/favicon.vnd.microsoft.icon,tags: ,radio-browser,Europe/Paris
FR,Vibration @Work,,—,(unlisted),,Other,Other,French,None,Unknown,http://vibrationwork.ice.infomaniak.ch/vibrationwork.mp3,MP3,128,Working,24,https://bocir-prod-bucket.s3.amazonaws.com/radios/vibration/images/favicon.vnd.microsoft.icon,tags: ,radio-browser,Europe/Paris
FR,Vibration Club,,—,(unlisted),,Other,Other,French,None,Unknown,http://vibrationclub.ice.infomaniak.ch/vibrationclub.mp3,MP3,128,Working,40,,tags: ,radio-browser,Europe/Paris
FR,Vibration Lounge,,—,(unlisted),,Other,Other,French,None,Unknown,http://vibrationlounge.ice.infomaniak.ch/vibrationlounge.mp3,MP3,128,Working,115,https://bocir-prod-bucket.s3.amazonaws.com/radios/vibration/images/favicon.vnd.microsoft.icon,tags: ,radio-browser,Europe/Paris
FR,Vibration Love,,—,(unlisted),,Other,Other,French,None,Unknown,http://vibrationlove.ice.infomaniak.ch/vibrationlove.mp3,MP3,128,Working,90,https://bocir-prod-bucket.s3.amazonaws.com/radios/vibration/images/favicon.vnd.microsoft.icon,tags: ,radio-browser,Europe/Paris
FR,Vicecity.fr,,—,(unlisted),,Music,Electronic / Dance,"Francaise,French",None,Unknown,https://vicecity.fr/icecast/bG9maQ==.ogg,OGG,,Working,11,https://vicecity.fr/favicon.ico,tags: lo-fi / house,radio-browser,Europe/Paris
FR,Villages FM,,—,(unlisted),,Other,Other,French,None,Unknown,https://stream3.vestaradio.com/VILLAGESFM,MP3,128,Working,4,https://www.villagesfm.com/wp-content/uploads/2023/12/logo-villagesFM-980x576.png,tags: ,radio-browser,Europe/Paris
FR,Vintage 80 90,,—,(unlisted),,Other,Other,French,None,Unknown,https://radio8.pro-fhi.net/live/VINTAGE80-90,MP3,128,Working,366,https://www.facebook.com/favicon.ico,tags: ,radio-browser,Europe/Paris
FR,Vinylestimes,,—,(unlisted),,Music,Rock / Alternative,French,None,Unknown,https://listen.radioking.com/radio/7551/stream/385141,MP3,192,Working,58,https://image.radioking.io/radios/7551/logo/bcebad80-83fa-445a-8b1d-730512cd4e73.png,"tags: classic rock,hard rock,metal",radio-browser,Europe/Paris
FR,VINYLTIMES,,—,(unlisted),,Other,Other,French,None,Unknown,https://listen.radioking.com/radio/7551/stream/385141,MP3,192,Working,90,,tags: ,radio-browser,Europe/Paris
FR,Vip Radios - Hit Club Dance,,—,(unlisted),,Music,Electronic / Dance,French,None,Unknown,https://radio4.vip-radios.fm:18051/stream-128kmp3-HitClubDance,MP3,128,Working,12,,"tags: dance,electronic,trance",radio-browser,Europe/Paris
FR,VIP-Radios - Healing Music,,—,(unlisted),,Other,Other,French,None,Unknown,http://178.32.111.41:8039/stream-128kmp3-HealingMusic,MP3,128,Working,453,,"tags: calm,healing,meditation",radio-browser,Europe/Paris
FR,VIP-Radios - Relax Zone,,—,(unlisted),,Other,Other,French,None,Unknown,http://178.32.111.41:8045/stream-128kmp3-RelaxZone,MP3,128,Working,379,,"tags: chill,chillout,relax,relaxing",radio-browser,Europe/Paris
FR,VIP-Radios - Time To Relax,,—,(unlisted),,Other,Other,French,None,Unknown,http://178.32.111.41:8048/stream-128kmp3-TimeToRelax,MP3,128,Working,2795,http://www.vip-radios.fm/favicon.ico,"tags: chillout,lounge,relax",radio-browser,Europe/Paris
FR,VIRAGE RADIO CHAMBERY,,—,(unlisted),,Other,Other,French,None,Unknown,https://virageradio.ice.infomaniak.ch/virageradio-chambery.aac?i=47784,AAC+,64,Working,21,https://www.virageradio.com/media/option/logo-virage.webp,tags: ,radio-browser,Europe/Paris
FR,Virage radio Légende du rock,,—,(unlisted),,Other,Other,French,None,Unknown,https://virage-radio-legende-du-rock.ice.infomaniak.ch/virage-radio-legende-du-rock.mp3,MP3,128,Working,46,https://www.virageradio.com/apple-touch-icon-120x120.png,tags: ,radio-browser,Europe/Paris
FR,Virage Radio Légendes du Rock,,—,(unlisted),,Other,Other,French,None,Unknown,https://virage-radio-legende-du-rock.ice.infomaniak.ch/virage-radio-legende-du-rock.aac,AAC+,64,Working,352,https://www.virageradio.com/media/radio/thumb/150x150_61e543e1c1713-virage-legendes-plan-de-travail-1.webp,tags: ,radio-browser,Europe/Paris
FR,Virage Radio Metal,,—,(unlisted),,Music,Rock / Alternative,French,None,Unknown,https://virage-radio-metal.ice.infomaniak.ch/virage-radio-metal.aac?i=65804,AAC+,64,Working,265,https://www.virageradio.com/apple-touch-icon-120x120.png,tags: metal,radio-browser,Europe/Paris
FR,Virage Radio Musique de pub,,—,(unlisted),,Other,Other,French,None,Unknown,http://vir-wr02.ice.infomaniak.ch/vir-wr02.mp3,MP3,128,Working,46,https://www.virageradio.com/apple-touch-icon-120x120.png,tags: advertising,radio-browser,Europe/Paris
FR,Virage Radio Rock 90,,—,(unlisted),,Music,Rock / Alternative,French,None,Unknown,http://vir-wr01.ice.infomaniak.ch/vir-wr01.mp3,MP3,128,Working,193,,"tags: 90s,rock",radio-browser,Europe/Paris
FR,VIRGIN FRANCE ,,—,(unlisted),,Other,Other,French,None,Unknown,http://virginradio.ice.infomaniak.ch/virgin-radio.mp3,MP3,128,Working,24,,tags: ,radio-browser,Europe/Paris
FR,VIRGIN FRANCE  ROCK FR,,—,(unlisted),,Other,Other,French,None,Unknown,http://vir-wr02.ice.infomaniak.ch/vir-wr02.mp3,MP3,128,Working,15,,tags: ,radio-browser,Europe/Paris
FR,VIRGIN FRANCE 80,,—,(unlisted),,Other,Other,French,None,Unknown,http://virage-rock-80.ice.infomaniak.ch/virage-rock-80.mp3,MP3,128,Working,14,,tags: ,radio-browser,Europe/Paris
FR,VIRGIN FRANCE METAL,,—,(unlisted),,Other,Other,French,None,Unknown,http://virage-radio-metal.ice.infomaniak.ch/virage-radio-metal.mp3,MP3,128,Working,13,,tags: ,radio-browser,Europe/Paris
FR,VIRGIN FRANCE ROCK 80,,—,(unlisted),,Other,Other,French,None,Unknown,http://virage-radio-metal.ice.infomaniak.ch/virage-radio-metal.mp3,MP3,128,Working,30,,tags: ,radio-browser,Europe/Paris
FR,VIRGIN FRANCE ROCK 90,,—,(unlisted),,Other,Other,French,None,Unknown,http://vir-wr01.ice.infomaniak.ch/vir-wr01.mp3,MP3,128,Working,38,,tags: ,radio-browser,Europe/Paris
FR,Virgin Radio FR,,—,(unlisted),,Other,Other,French,None,Unknown,https://virginradio.ice.infomaniak.ch/virgin-radio.mp3,MP3,128,Working,2,https://virginradio.fr/favicon.ico,tags: ,radio-browser,Europe/Paris
FR,VIRGIN RADIO FRANCE La Rock Station,,—,(unlisted),,Other,Other,French,None,Unknown,http://virageradio.ice.infomaniak.ch/virageradio-natio.mp3,MP3,128,Working,474,,tags: ,radio-browser,Europe/Paris
FR,VIRGIN RADIO FRANCE METAL,,—,(unlisted),,Other,Other,French,None,Unknown,http://virage-radio-metal.ice.infomaniak.ch/virage-radio-metal.mp3,MP3,128,Working,96,,tags: ,radio-browser,Europe/Paris
FR,VIRGIN RADIO FRANCE Radio Rock Français,,—,(unlisted),,Other,Other,French,None,Unknown,http://vir-wr02.ice.infomaniak.ch/vir-wr02.mp3,MP3,128,Working,299,,tags: ,radio-browser,Europe/Paris
FR,Virgin Radio Metal,,—,(unlisted),,Music,Rock / Alternative,French,None,Unknown,https://virginmetal.ice.infomaniak.ch/virgin-radio-metal.mp3,MP3,128,Working,49,,tags: metal,radio-browser,Europe/Paris
FR,Virgin Radio Rock Party ,,—,(unlisted),,Other,Other,French,None,Unknown,https://virginradio.ice.infomaniak.ch/virgin-radio.mp3,MP3,128,Working,24,,tags: ,radio-browser,Europe/Paris
FR,Voltage 2000,,—,(unlisted),,Other,Other,French,None,Unknown,http://voltage2000.ice.infomaniak.ch/voltage2000-128.mp3,MP3,128,Working,699,https://bocir-prod-bucket.s3.amazonaws.com/radios/voltage/images/favicon.vnd.microsoft.icon,tags: ,radio-browser,Europe/Paris
FR,Voltage 80's,,—,(unlisted),,Other,Other,French,None,Unknown,http://voltage80s.ice.infomaniak.ch/voltage80s-128.mp3,MP3,128,Working,733,https://bocir-prod-bucket.s3.eu-west-1.amazonaws.com/radios/voltage/images/favicon.ico,tags: ,radio-browser,Europe/Paris
FR,Voltage 90's,,—,(unlisted),,Other,Other,French,None,Unknown,http://voltage90s.ice.infomaniak.ch/voltage90s-128.mp3,MP3,128,Working,236,,tags: ,radio-browser,Europe/Paris
FR,Voltage @Work,,—,(unlisted),,Other,Other,French,None,Unknown,http://voltagework.ice.infomaniak.ch/voltagework-128.mp3,MP3,128,Working,62,https://bocir-prod-bucket.s3.eu-west-1.amazonaws.com/radios/voltage/images/favicon.ico,tags: ,radio-browser,Europe/Paris
FR,Voltage Club,,—,(unlisted),,Other,Other,French,None,Unknown,http://voltageclub.ice.infomaniak.ch/voltageclub-128.mp3,MP3,128,Working,86,https://bocir-prod-bucket.s3.eu-west-1.amazonaws.com/radios/voltage/images/favicon.ico,tags: ,radio-browser,Europe/Paris
FR,Voltage Lounge,,—,(unlisted),,Other,Other,French,None,Unknown,http://voltagelounge.ice.infomaniak.ch/voltagelounge-128.mp3,MP3,128,Working,122,https://bocir-prod-bucket.s3.eu-west-1.amazonaws.com/radios/voltage/images/favicon.ico,tags: ,radio-browser,Europe/Paris
FR,Voltage Love,,—,(unlisted),,Other,Other,French,None,Unknown,http://voltagelove.ice.infomaniak.ch/voltagelove-128.mp3,MP3,128,Working,251,https://bocir-prod-bucket.s3.eu-west-1.amazonaws.com/radios/voltage/images/favicon.ico,tags: ,radio-browser,Europe/Paris
FR,VorteX | Radio,,—,(unlisted),,Music,Rock / Alternative,French,None,Unknown,https://az11.yesstreaming.net:8530/radio.mp3,MP3,,Working,8,https://lesonduvortex.net/wp-content/uploads/2017/01/ChatGPT_Image_31_dec._2025__09_36_29-removebg-preview.png,"tags: alternative,alternative / indie,alternative pop,alternative rock,ambient,electronica,electropop,indie,indie pop,indie rock,new wave",radio-browser,Europe/Paris
FR,VRJ,,—,(unlisted),,Music,Electronic / Dance,French,None,Unknown,https://stream10.vestaradio.com/VRJ,MP3,320,Working,3,,"tags: electronic,hits,pop",radio-browser,Europe/Paris
FR,Wave Radio,,—,(unlisted),,Other,Other,French,None,Unknown,https://s34.myradiostream.com/:12340/listen.mp3,MP3,160,Working,31,https://waveradio.fm/wp-content/themes/waveradio/img/favicons/apple-icon-120x120.png,"tags: beach,surf,surfside beach",radio-browser,Europe/Paris
FR,Wit FM 2000,,—,(unlisted),,Other,Other,French,None,Unknown,http://wit2000.ice.infomaniak.ch/wit2000.mp3,MP3,128,Working,296,https://bocir-prod-bucket.s3.amazonaws.com/radios/witfm/images/favicon.vnd.microsoft.icon,tags: ,radio-browser,Europe/Paris
FR,Wit FM 90's,,—,(unlisted),,Other,Other,French,None,Unknown,http://wit90s.ice.infomaniak.ch/wit90s.mp3,MP3,128,Working,934,https://bocir-prod-bucket.s3.amazonaws.com/radios/witfm/images/favicon.vnd.microsoft.icon,tags: ,radio-browser,Europe/Paris
FR,Wit FM Club,,—,(unlisted),,Other,Other,French,None,Unknown,http://witclub.ice.infomaniak.ch/witclub.mp3,MP3,128,Working,104,https://bocir-prod-bucket.s3.amazonaws.com/radios/witfm/images/favicon.vnd.microsoft.icon,tags: ,radio-browser,Europe/Paris
FR,Wit FM Lounge,,—,(unlisted),,Other,Other,French,None,Unknown,http://witlounge.ice.infomaniak.ch/witlounge.mp3,MP3,128,Working,124,https://bocir-prod-bucket.s3.amazonaws.com/radios/witfm/images/favicon.vnd.microsoft.icon,tags: lounge,radio-browser,Europe/Paris
FR,World Radio Paris,,—,(unlisted),,News & Talk,News & Talk,English,None,Unknown,https://wrp.stream.dicast.fr/wrp-128.mp3,MP3,128,Working,9,https://worldradioparis.org/wp-content/uploads/2023/09/cropped-worldradioparisicon4-1-192x192.png,tags: news,radio-browser,Europe/Paris
FR,WRP Musicmix,,—,(unlisted),,Music,Mixed music,English,None,Unknown,http://wrp.stream.dicast.fr:8000/wrpmusicmix-128.mp3,MP3,128,Working,14,http://worldradioparis.org/wp-content/uploads/2023/09/cropped-worldradioparisicon4-1-180x180.png,"tags: charts,expat,musicmix,paris",radio-browser,Europe/Paris
FR,WRP News,,—,(unlisted),,News & Talk,News & Talk,English,None,Unknown,http://wrp.stream.dicast.fr:8000/wrp-128.mp3,MP3,128,Working,274,http://worldradioparis.org/wp-content/uploads/2023/09/cropped-worldradioparisicon4-1-180x180.png,"tags: charts,expat,local news,news,paris,pop,talk",radio-browser,Europe/Paris
FR,X-Move,,—,(unlisted),,Other,Other,French,None,Unknown,http://s26.myradiostream.com:11428/,MP3,192,Working,10,,tags: ,radio-browser,Europe/Paris
FR,Xiberoko Botza,,—,(unlisted),,Other,Other,French,None,Unknown,https://hosting.studioradiomedia.fr:2975/stream,MP3,320,Working,8,https://xiberokobotza.org/images/korporatiboa/xiberobotza_logoa_web-txiki.png,tags: ,radio-browser,Europe/Paris
FR,Yiddish pour tous,,—,(unlisted),,Other,Other,Yiddish,None,Unknown,https://www.radioking.com/play/radio-yiddish-pour-tous,MP3,128,Working,135,https://static.wixstatic.com/media/b8f8f5_53a68559e3164f088e45f9f66f18954d%7Emv2.png/v1/fill/w_32%2Ch_32%2Clg_1%2Cusm_0.66_1.00_0.01/b8f8f5_53a68559e3164f088e45f9f66f18954d%7Emv2.png,tags: ,radio-browser,Europe/Paris
FR,Yoga Chill,,—,(unlisted),,Other,Other,French,None,Unknown,http://178.32.111.41:8027/stream-128kmp3-YogaChill,MP3,128,Working,7990,https://www.vip-radios.fm/favicon.ico,"tags: meditation,spiritual,yoga,zen",radio-browser,Europe/Paris
FR,Yumi Co. Radio,,—,(unlisted),,Music,Jazz / Soul,"English,French,Japanese",None,Unknown,https://yumicoradio.net/stream,MP3,256,Working,239,https://i.imgur.com/cVC439t.png,"tags: anime groove,animegroove,city pop,citypop,future funk,futurefunk,japan,japanese,nu disco,nudisco,synthwave,vaporwave",radio-browser,Europe/Paris
FR,ZEBRadio,,—, ,,Other,Other,French,None,Unknown,http://www.zebradio.fr:8000/player.mp3,MP3,128,Working,294,,tags: ,radio-browser,Europe/Paris
FR,ZENO FM - HYPNOtissimo,,—,(unlisted),,Other,Other,French,None,Unknown,https://stream.zeno.fm/m7rg3ynt9k0uv,MP3,128,Working,12,https://zeno.fm/_ipx/f_webp&q_85&fit_cover&s_288x288/https://images.zeno.fm/YYNPJHO5wNHx7Hm8tQ6bIj3vkg4FQW64oMBvitFZ_As/rs:fill:288:288/g:ce:0:0/aHR0cHM6Ly9wcm94eS56ZW5vLmZtL2NvbnRlbnQvc3RhdGlvbnMvYWd4emZucGxibTh0YzNSaGRITnlNZ3NTQ2tGMWRHaERiR2xsYm5RWWdJQ1F3ZjNkdmdrTUN4SU9VM1JoZEdsdmJsQnliMlpwYkdVWWdJRFFxYm5WNXdvTW9nRUVlbVZ1YncvaW1hZ2UvP3U9MTY2MTU3MjE2MDAwMA.webp,tags: ,radio-browser,Europe/Paris
FR,Zone Mix,,—,(unlisted),,Music,Electronic / Dance,French,None,Unknown,https://zone-mix.stream.laut.fm/zone-mix?t302=2018-02-12_08-42-17&uuid=960992d8-7019-468f-8628-5cec46e9fa42,MP3,128,Working,21,,tags: electronic,radio-browser,Europe/Paris
FR,Écoutez Mon petit France Inter,,—,(unlisted),,Music,Children,French,None,Unknown,https://stream.radiofrance.fr/monpetitfranceinter/monpetitfranceinter_hifi.m3u8,UNKNOWN,,Working,33,https://www.radiofrance.fr/pikapi/images/cbfde3c3-8213-45a6-ac89-b6a3b521025c/200x200,"tags: kids,musiques des enfants",radio-browser,Europe/Paris
FR,ДИКС,,—,(unlisted),,Other,Other,Английский,None,Unknown,http://95.154.196.37:30861/,MP3,320,Working,3,,tags: ,radio-browser,Europe/Paris
FR,Международное Французское Радио RFI,,—,(unlisted),,News & Talk,News & Talk,Russian,None,Unknown,http://live02.rfi.fr/rfirusse-96k.mp3,MP3,96,Working,732,http://ru.rfi.fr/android-chrome-192x192.png,"tags: news,talk",radio-browser,Europe/Paris
FR,إذاعة القرآن الكريم ,,—,(unlisted),,Music,Classical,French,None,Unknown,https://n0a.radiojar.com/0tpy1h0kxtzuv?rj-ttl=5&rj-tok=AAABhdgGORQA-2acfyF3_4WY2g,MP3,,Working,58,https://i.pinimg.com/564x/3a/a1/a1/3aa1a107c9434ca52b42b2dd0ffc896f.jpg,tags: classical,radio-browser,Europe/Paris
FR,法国国际广播电台,,—,(unlisted),,Other,Other,French,None,Unknown,https://rfienchinois64k.ice.infomaniak.ch/rfienchinois-64.mp3,MP3,64,Working,8060,,tags: ,radio-browser,Europe/Paris
FR,📻 KLM FM,,—,(unlisted),,Other,Other,French,None,Unknown,https://us3new.listen2myradio.com:2199/listen.php?port=8117,MP3,,Working,4,https://blogger.googleusercontent.com/img/b/R29vZ2xl/AVvXsEjTw3lsCbI8ZcwYsEss5GhURlItGfxXLAeI0kDc5D_dOyc_yS8XrLoPJaUy8wlvdJem90NpWW65skgJCwlSCtBWaGH3Mw7CIm3F1PlaKvimGM2skZIUutxYWplI8wG-emyVONIMby2rc8IfAc017YEs3RWwwFdXpUFqONUABApu3JL36HW3lgJ5ubhL/s1600/Capture%20d%E2%80%99%C3%A9cran_2024-12-12_11-09-39.png,"tags: kompa,konpa",radio-browser,Europe/Paris
FR,📻 Radio Reccord Chill House,,—,(unlisted),,Music,Electronic / Dance,French,None,Unknown,https://radiorecord.hostingradio.ru/organic96.aacp,AAC,,Working,33,https://blogger.googleusercontent.com/img/b/R29vZ2xl/AVvXsEiaywxXeHlWtxJ-YR4cdblac_NbEi3yK_drJqEg109pJe2Halhyphenhyphenp7sm_Uoa19TkNkkWh3vUOpKBR8hxUp0c8LSAM2GJNetn1eMWRaQ3ZeGG-PIRmTNPbT9y-_jY_Nd138VO6Jc5TU7BlFlAkvBl3B6ypWP9jXyJg5Z4xIEbgQGzivsuLizFAQDSOzMx/s1600/Capture%20d%E2%80%99%C3%A9cran_2024-11-20_10-10-10.png,"tags: chill house,house",radio-browser,Europe/Paris
FR,📻 Radio Record - Reggae,,—,(unlisted),,Other,Other,French,None,Unknown,http://radiorecord.hostingradio.ru/reggae96.aacp,AAC,,Working,28,https://blogger.googleusercontent.com/img/b/R29vZ2xl/AVvXsEiRDKErOcTTrxUJY74TDueR5Engi6m5DqOTVh_LhRCk3uv2ZhjfX9XDo9VXcpcYJkwnEm3Wx0BVdIYzePCCBo9j_-NTenluQFZtwM602p4t_1w1nokcQU57ZuMpu8CA1XluCoMPS6M3DZidNT6vjL1ZMobpmnW6U9KD1kdjBWoAagXQ6k29lS6tfgT4/s1600/Capture%20d%E2%80%99%C3%A9cran_2024-12-03_08-46-32.png,tags: ,radio-browser,Europe/Paris
FR,📻 Reccord beach,,—,(unlisted),,Other,Other,French,None,Unknown,http://radiorecord.hostingradio.ru/beach96.aacp,AAC,,Working,5,https://blogger.googleusercontent.com/img/b/R29vZ2xl/AVvXsEgyfDtYoHuHBa4M3oufb9pIsyb1Rre3RqS-kEywRZdn27MkFnP0objG7b-3uJs0WmCyb0MsHXEsXOIjsJkf2FRSq953avgbRfO5a_nF22vTzjZ-VxSmTER7XMuAEW_JEOMviasV_6O2MYsoDCjK-O9wWz5brK_YxXEesRa9x6RTR755c8G08g54J0_l/s1600/Capture%20d%E2%80%99%C3%A9cran_2024-12-08_08-25-59.png,tags: ,radio-browser,Europe/Paris
FR,📻 Reccord Garage UK,,—,(unlisted),,Other,Other,French,None,Unknown,https://radiorecord.hostingradio.ru/ukgarage96.aacp,AAC,,Working,33,https://blogger.googleusercontent.com/img/b/R29vZ2xl/AVvXsEj_3RdF5cVH6q2LM_ODf6MgxlD4oSISDe8zLTTyN7wQ65ftFxfjOC4FvoW3wEHDeoZPI46pnJcUp0jESGo-NPwN8hwwipe5XXXsvNUsv5qonbUtcnAubEmtqkfNtHohWY6VdQPJUUBDp4XYUCwvlIaxu5ASAFKM49y3XSwlCRUjvYXboeK587WhM6hL/s1600/Capture%20d%E2%80%99%C3%A9cran_2024-12-08_09-36-30.png,tags: uk garage,radio-browser,Europe/Paris
FR,📻 Reccord Groove/Tribal,,—,(unlisted),,Other,Other,French,None,Unknown,https://radiorecord.hostingradio.ru/groovetribal96.aacp,AAC,,Working,17,https://blogger.googleusercontent.com/img/b/R29vZ2xl/AVvXsEicK_fRt2NiH5qCq-6CRWb4vZ2x3fDQOZgW49y2X6pr62c04UDZstgaBYWrhOljUQHGJOrofLCvUw3YZ913xV7yB0F3CijWFQj-vHDwiKO5tWO-q3vPBxEM9iJVe9uTAAmAOFkiai2ihdIfhry7SpjavxU1N9YguCr2SyghRFoLQp-HU1-TCxuJdIZg/s1600/Capture%20d%E2%80%99%C3%A9cran_2024-12-08_09-45-42.png,"tags: groove,tribal",radio-browser,Europe/Paris
FR,📻 Reccord Latina,,—,(unlisted),,Other,Other,French,None,Unknown,https://radiorecord.hostingradio.ru/latina96.aacp,AAC,,Working,9,https://blogger.googleusercontent.com/img/b/R29vZ2xl/AVvXsEjdJb2y7bqVOTkYUc29lfrzoMrCtu1_-74ZYJlTfpBl648rSQKwsvQz8oK4d1p3UvF334b7ATeVmsnHJpbfPjkVEGveU9SlfPCpROnF8Xk8sn5RH_mxoE5W0DoJnF3QueF7GO_cBzaRHmV3Ffo0_-cYISj7WM_J1_Eu9o5T2H8WlbyjupVtRUq8HiTH/s1600/Capture%20d%E2%80%99%C3%A9cran_2024-12-08_09-23-05.png,tags: latino,radio-browser,Europe/Paris
FR,📻 Reccord Reggae,,—,(unlisted),,Other,Other,French,None,Unknown,https://radiorecord.hostingradio.ru/reggae96.aacp,AAC,,Working,37,https://blogger.googleusercontent.com/img/b/R29vZ2xl/AVvXsEiwmIz_Xot-rVbingUduX4x6zZ7Fhni986FZenMwEP9bDu0RfUai1I9W85y2u3ki-SBF4XPMybR8QibwM2m1Y1fwn-CmvxDDpcRNe_bSeA865IVBbbeV02naE2voMhdKC8h6c-LsxI4_hyucURzfLhcQXO0RbbGADS7s7f8LVJkjdpTsPnslYA72S1S/s1600/Capture%20d%E2%80%99%C3%A9cran_2024-12-08_10-07-00.png,"tags: dub reggae,ragga,reggae",radio-browser,Europe/Paris
FR,📻 Reccord Techno,,—,(unlisted),,Music,Electronic / Dance,French,None,Unknown,https://radiorecord.hostingradio.ru/techno96.aacp,AAC,,Working,51,https://blogger.googleusercontent.com/img/b/R29vZ2xl/AVvXsEiI5_Myi5uOecneUImHJK8q-e0Io_-5O-gV_OnFXXNqLUgmNsSFvXsopp4uVR78Xiwo2vaQNk8EU8Z7LO-rKfES0PaKMs-JIxUTtGa2U1DzGnJHFYl_xE46dh5XEekozg0QLbzZHKRWbLMNqh7-gIBUSWsZE-GayFYEv5tIApyEkBPf4rAUntjFT2n9/s1600/Capture%20d%E2%80%99%C3%A9cran_2024-12-08_09-03-57.png,tags: techno,radio-browser,Europe/Paris
FR,📻 Reccord Trance Hits,,—,(unlisted),,Other,Other,French,None,Unknown,https://radiorecord.hostingradio.ru/trancehits96.aacp,AAC,,Working,55,https://blogger.googleusercontent.com/img/b/R29vZ2xl/AVvXsEjjTv4bYwmRWORccw4X-4Uv7nRsWg9-dWxvvTceRT7MqMaK6c8KS_n_iqet7hMwg3V6uspvj3iUG_3Nl19_rC49PF3btRucbk2fXVHglfO1U09ddwuD8POvSShyVXSn86HAQLK0r6J4x37bE32LK19egO7R3VAOcYz0A5JSQE7f-4HO8dMwX5zSvH8b/s1600/Capture%20d%E2%80%99%C3%A9cran_2024-12-08_08-45-54.png,tags: trance,radio-browser,Europe/Paris
FR,🕺 Gwoka Radio,,—,(unlisted),,Other,Other,French,None,Unknown,https://ecmanager2.pro-fhi.net:1650/;,MP3,320,Working,2,https://blogger.googleusercontent.com/img/b/R29vZ2xl/AVvXsEgc3tUvjP7AVS0LRQbqIVESMlT3_nHdOWLRN1KjF78k4FOHy6OavrGUAzPgqU3VjCsscsejqNIbCeZfUW9FIPrwqGMMUJS2ttBm8zcr0tSpzvFZHT7xXSvybD6gA58ed8ejsDBWkKJkfFbu_bBAN76qukujOFI3TcUPmcCZpFAN1SSdnNbskIVfkS3i/s320/Capture%20d%E2%80%99%C3%A9cran_2024-11-21_10-59-47.png,tags: ,radio-browser,Europe/Paris
FR,🕺 Générations Afrobeat,,—,(unlisted),,Other,Other,French,None,Unknown,https://generations-wr001.ice.infomaniak.ch/generations-wr001.aac,AAC+,64,Working,31,https://blogger.googleusercontent.com/img/b/R29vZ2xl/AVvXsEiZy0wOk5FYtm_-xPGU6ybRw0xs5yDONOacu2katB3tZiXrYQdy37NQdoRza9lxQzl-dJ6rBvETfPgDK5ubuw_Wcp4pmIzWsX8YJ0FrU4CQPhgWPibEb7-vXVhrylaH-QPO7qN16aOe5k49nIR98GobZRyZBHk4aRZdXX8mqJ4j5ULmK1uME5eX3TYd/s1600/Capture%20d%E2%80%99%C3%A9cran_2024-11-18_11-28-48.png,tags: ,radio-browser,Europe/Paris
FR,🕺 Générations Dancehall,,—,(unlisted),,Music,Electronic / Dance,French,None,Unknown,https://generations-dancehall.ice.infomaniak.ch/generations-dancehall.aac,AAC+,64,Working,131,https://blogger.googleusercontent.com/img/b/R29vZ2xl/AVvXsEjnhJmvti_BH6oOOGOTfiuUc26pCXXZbu2kSzAztx5Djgb1TqKDf64tgGm2EGlhR08B10iUj4Aa0YcM1960rrGNkQd9R_-nj5hJ4mOhz119h-ipkZtnyblHix9CHBS_vnoSa2QXCGHtWPDWg0M2oANax1FdG8cAey3Sw10FuQMWx8z8Sh9RH6Jw48py/s1600/Capture%20d%E2%80%99%C3%A9cran_2024-11-18_11-39-43.png,tags: dancehall,radio-browser,Europe/Paris
FR,🕺 Générations RNB Gold,,—,(unlisted),,Music,Hip-hop / Urban,French,None,Unknown,https://generations-rnb-gold.ice.infomaniak.ch/generations-rnb-gold.aac,AAC+,64,Working,60,https://blogger.googleusercontent.com/img/b/R29vZ2xl/AVvXsEisO5t14VXrwoJGhJNwKv7yTJFODlagq6q5wcl_a49WiMtiYf1Wk2B648liuElB_H-G6MG1nvjCIeI7fuiC5Pa2_8Ps14AMHAOWAsi6Wine2B3PDGe7NWijzJanue0AboSEpe_SWmAjvIvLqokAyoa3LNwxIl2uPmkBqx2iJKP_jy0DEihoJ9rHBTQbBA/s1600/Capture%20d%E2%80%99%C3%A9cran_2024-11-14_19-24-08.png,"tags: rap hiphop rnb,rnb",radio-browser,Europe/Paris
FR,🕺 Konpa Mix Radio,,—,(unlisted),,Other,Other,French,None,Unknown,http://das-edge09-live365-dal03.cdnstream.com/a15951,MP3,128,Working,4,https://blogger.googleusercontent.com/img/b/R29vZ2xl/AVvXsEjW1fHpAuuxazdO1XQ-eqwaeyiEdknMSfQSi9qhuXkdltAqRwCrTfWAES01w9ng7RGWVo4ZAnGyb4kRNguw6UYjqSxleP098mB-QgiSpyUqLrZ7Vpbr4khoJ_WpXGmtoYIw4sxm-toC3rJRzoMyvmOTTD59QvNOKlxbp2LPYyA11-7_jHhbyypJeUme/s1600/Capture%20d%E2%80%99%C3%A9cran_2024-11-19_11-13-01.png,"tags: kompa,zouk",radio-browser,Europe/Paris
FR,🕺Générations G-Funk,,—,(unlisted),,Music,Jazz / Soul,French,None,Unknown,https://generationsgfunk.ice.infomaniak.ch/generations-g-funk.aac,AAC+,64,Working,29,https://blogger.googleusercontent.com/img/b/R29vZ2xl/AVvXsEjwPKCWHMqaCU1Ec6MPYdlqPT71jCL6sTfO8gf_3ZTYr3HYFrfZcZtO_gq6UdWfAu5QHY3X5Q2gUvrtPOLbHWmf2HlsB9oC6jCxIH3FtCL9iS0-kz_iZE-FgMWmZ8JYYrPOzYOxEb0VsDz16Im3SCKtrCIrlDBlzT5H3FLfInkzkyI2d4_1HARLbURg/s239/Capture%20d%E2%80%99%C3%A9cran_2024-11-18_11-54-00.png,tags: funk,radio-browser,Europe/Paris
FR,🕺Générations West Indies,,—,(unlisted),,Other,Other,French,None,Unknown,https://generationswestindies.ice.infomaniak.ch/generations-westindies.aac,AAC+,64,Working,7,https://blogger.googleusercontent.com/img/b/R29vZ2xl/AVvXsEhiFozjJWY-tZRSm8l1R7JyIRiXTBa1ErIgz5b9B8xti42-yyi_jh9f23snj8vitHJ2pjz0ELbL54TGzgWvXMHpy6ILH1mri0yUZUWtsul-QIlPyocgNWFy7y10qRxg3BSwLO8uQNXBr150GiSDyYPyGoLdiZFP4WZ8tdr5IzgEOxxjGtFM_yvzT633/s1600/Capture%20d%E2%80%99%C3%A9cran_2024-11-18_12-56-44.png,tags: ,radio-browser,Europe/Paris
