country,name,name_local,city,region,frequency_fm,type,genre,language,political_leaning,internet_only,stream_url,codec,bitrate,stream_status,votes,logo,notes,source,timezone,requires_vpn,vpn_region
GR,Alpha Patras,,Achaia,the Peloponnese,94.4,News & Talk,News & Talk + Music,Greek,None,No,https://netradio.live24.gr/alpha944patra,MP3,128,Working,98,http://resources.live24.gr/resources/images/stations/3e98bdb0-66a8-47f2-878c-a1bebde83c35.jpg,News and talk; rebroadcasting with _Alpha 98.9 Athens_,wiki+radio-browser,Europe/Athens,False,
GR,"Anoixi 100,7",,Achaia,the Peloponnese,100.7,Music,Greek music,Greek,None,No,https://sp3.streams.ovh/8026/stream,MP3,320,Working,9,https://www.anoixifm.gr/wp-content/uploads/2022/07/cropped-Original-on-Transparent.png,Greek and foreign music; relays of _Next Generation_,wiki+radio-browser,Europe/Athens,False,
GR,Antenna Patras,,Achaia,the Peloponnese,105.3,News & Talk,News & Talk + Music,Greek,None,No,https://netradio.live24.gr/alpha944patra,MP3,128,Working,98,http://resources.live24.gr/resources/images/stations/3e98bdb0-66a8-47f2-878c-a1bebde83c35.jpg,"News and talk; rebroadcasting with _Real FM 97,8 of Athens_",wiki+radio-browser,Europe/Athens,False,
GR,Apostoliki Ecclesia,,Achaia,the Peloponnese,88.5,Religious,Religious,Greek,None,No,,,,No stream found,0,,Religious radio; rebroadcasting with _Ecclesia 89.5 of Athens_,wiki-only,Europe/Athens,False,
GR,Chroma FM Patras,,Achaia,the Peloponnese,102.1,Music,Rock / Alternative,Greek,None,No,,,,No stream found,0,,Greek pop and rock music (ex. Radio Cosmos 102.1 FM),wiki-only,Europe/Athens,False,
GR,Dytika 92.8,,Achaia,the Peloponnese,92.8,News & Talk,News & Talk,Greek,None,No,,,,No stream found,0,,News and talk; rebroadcasting with _Skai 100.3 of Athens_,wiki-only,Europe/Athens,False,
GR,"Faros FM 88,2",,Achaia,the Peloponnese,88.2,Religious,Religious,Greek,None,No,,,,No stream found,0,,Religious radio; rebroadcasting with _Christianity 104.3 Athens_,wiki-only,Europe/Athens,False,
GR,Fasma FM 99.7,,Achaia,the Peloponnese,99.7,Music,Rock / Alternative,Greek,None,No,https://fasmafm.radioca.st/stream?type=http&nocache=83,MP3,192,Working,0,,Greek pop and rock music; located from Patras,wiki+radio-browser,Europe/Athens,False,
GR,Firma Radio Patras,,Achaia,the Peloponnese,104.8,Music,Greek music,Greek,None,No,https://cast4.my-control-panel.com/proxy/anastas2/stream,MP3,160,Working,127,https://www.radio984.gr/favicon.ico,"Greek music; rebroadcasting with _Blackman 107,5 Athens_",wiki+radio-browser,Europe/Athens,False,
GR,Free FM Patras,,Achaia,the Peloponnese,101.1,Music,Rock / Alternative,Greek,None,No,,,,No stream found,0,,Foreign pop and rock music (ex. Studio 20 FM Patras),wiki-only,Europe/Athens,False,
GR,Galaxy FM 106.1,,Achaia,the Peloponnese,106.1,Music,Greek music,Greek,None,No,https://galaxy.live24.gr/galaxy9292,MP3,128,Working,42,,Foreign music; rebroadcasting with _Galaxy 92 Athens_,wiki+radio-browser,Europe/Athens,False,
GR,Imera-Molonoti,,Achaia,the Peloponnese,90.4,Music,Greek laïkó,Greek,None,No,,,,No stream found,0,,"Foreign music (ex. Laikos, Click, UP Radio & Imera)",wiki-only,Europe/Athens,False,
GR,Kiis Extra 9.22,,Achaia,the Peloponnese,92.2,Music,Rock / Alternative,Greek,None,No,http://stream.kiisextra.gr:48500/kiis.mp3,MP3,128,Working,60,,Foreign pop and rock music (ex. Kiss FM Patras 9.22),wiki+radio-browser,Europe/Athens,False,
GR,Loud FM 98.2,,Achaia,the Peloponnese,98.2,Music,Mixed music,Greek,None,No,,,,No stream found,0,,Foreign music; rebroadcasting with _Athens DeeJay_,wiki-only,Europe/Athens,False,
GR,Master 90.2,,Achaia,the Peloponnese,90.2,Music,Rock / Alternative,Greek,None,No,https://stream1.468.gr/9902/stream,MP3,320,Working,78,,Foreign pop and rock music; located from Aigio,wiki+radio-browser,Europe/Athens,False,
GR,MAX FM 93.4,,Achaia,the Peloponnese,93.4,News & Talk,News & Talk,Greek,None,No,,,,No stream found,0,,News and talk; rebroadcasting with _Parapolitika FM Athens_,wiki-only,Europe/Athens,False,
GR,Melodia Patras,,Achaia,the Peloponnese,100.4,News & Talk,News & Talk + Music,Greek,None,No,https://netradio.live24.gr/alpha944patra,MP3,128,Working,98,http://resources.live24.gr/resources/images/stations/3e98bdb0-66a8-47f2-878c-a1bebde83c35.jpg,Greek music; rebroadcasting with _Melodia Athens_,wiki+radio-browser,Europe/Athens,False,
GR,Melody FM Patras,,Achaia,the Peloponnese,88.8,Music,Electronic / Dance,Greek,None,No,http://stream.melody888.gr:48500/melody.mp3,MP3,128,Working,534,https://melody888.gr/images/fav1.png,Foreign music; rebroadcasting with _Mad Radio of Athens_,wiki+radio-browser,Europe/Athens,False,
GR,Mousiki Lampsi,,Achaia,the Peloponnese,103.3,Music,Rock / Alternative,Greek,None,No,https://az11.yesstreaming.net:8140/radio.mp3,MP3,0,Working,198,https://cdn.e-radio.gr/logos/gr/big/lampsifm.png,"Greek laïko, pop and rock music; located from Patras",wiki+radio-browser,Europe/Athens,False,
GR,Oxygen FM 95.3,,Achaia,the Peloponnese,95.3,Music,Greek laïkó,Greek,None,No,,,,No stream found,0,,"Greek laïko, rebetiko – éntekhno music; located from Patras",wiki-only,Europe/Athens,False,
GR,Peloponnisos,,Achaia,the Peloponnese,103.9,News & Talk,News & Talk + Music,Greek,None,No,https://i.streams.ovh/sc/peloponnisosfm/stream,MP3,128,Working,14,https://pelop.gr/wp-content/themes/pelop/images/favicon/apple-touch-icon.png,News and talk; rebroadcasting with _Athens 98.4 FM_,wiki+radio-browser,Europe/Athens,False,
GR,Picasso FM 102.7,,Achaia,the Peloponnese,102.7,Music,Traditional / Folk,Greek,None,No,http://n0b.radiojar.com/s87smqqfewzuv?rj-ttl=5&rj-tok=AAABePDGEF4AVlnUeTPoZNV1Dw,MP3,0,Working,134,http://resources.live24.gr/resources/images/stations/98fd9ac9-01b7-4af4-bc7e-ae18d7232989.jpg,Greek and foreign music; rebroadcasting with _Love 97.5_,wiki+radio-browser,Europe/Athens,False,
GR,"Radio 9,15 Achaia",,Achaia,the Peloponnese,91.5,Music,Rock / Alternative,Greek,None,No,https://cast4.my-control-panel.com/proxy/anastas2/stream,MP3,160,Working,127,https://www.radio984.gr/favicon.ico,"Greek pop and rock music (ex. Radio TV Press 9,77)",wiki+radio-browser,Europe/Athens,False,
GR,Radio Aigio,,Achaia,the Peloponnese,99.2,News & Talk,News & Talk + Music,Greek,None,No,https://cast4.my-control-panel.com/proxy/anastas2/stream,MP3,160,Working,127,https://www.radio984.gr/favicon.ico,"News, talk and Greek music; located from Aigio",wiki+radio-browser,Europe/Athens,False,
GR,Radio Enter 91.7,,Achaia,the Peloponnese,91.7,Music,Electronic / Dance,Greek,None,No,https://cast4.my-control-panel.com/proxy/anastas2/stream,MP3,160,Working,127,https://www.radio984.gr/favicon.ico,Foreign electronic and disco music (ex. A-Heaps),wiki+radio-browser,Europe/Athens,False,
GR,Radio Gamma,,Achaia,the Peloponnese,94.0,News & Talk,News & Talk,Greek,None,No,https://cast4.my-control-panel.com/proxy/anastas2/stream,MP3,160,Working,127,https://www.radio984.gr/favicon.ico,News and talk; rebroadcasting with _Focus FM 103.6_,wiki+radio-browser,Europe/Athens,False,
GR,Radio Messatida,,Achaia,the Peloponnese,98.0,Music,Traditional / Folk,Greek,None,No,https://cast4.magicstreams.gr:2200/ssl/rnamozwi?mp=/stream&1728716435412,MP3,128,Working,5,http://www.messatida98fm.gr/wp-content/uploads/2014/10/messatida_tv.png,Greek traditional & skiladiko music; located from Ovrya,wiki+radio-browser,Europe/Athens,False,
GR,Radio Patra,,Achaia,the Peloponnese,106.5,Music,Greek music,Greek,None,No,https://live.cast-control.eu:2000/stream/radiopatra,MP3,320,Working,66,https://radiopatra.gr/RadioPatraLogoTeliko1.png,Greek laïko music (ex. Proto Kanali & Helianthus FM 106.5),wiki+radio-browser,Europe/Athens,False,
GR,Sfera FM Patras,,Achaia,the Peloponnese,96.6,Music,Greek music,Greek,None,No,http://sfera.live24.gr/sfera4132,AAC,128,Working,7974,,"Greek music; rebroadcasting with _Sfera FM 102,2 of Athens_",wiki+radio-browser,Europe/Athens,False,
GR,SKAI FM Patras,,Achaia,the Peloponnese,89.4,News & Talk,News & Talk,Greek,None,No,http://netradio.live24.gr/skai1003,MP3,192,Working,9680,,News and talk; rebroadcasting with _Skai 100.3 of Athens_,wiki+radio-browser,Europe/Athens,False,
GR,Skylos 90 FM,,Achaia,the Peloponnese,90.0,Music,Greek music,Greek,None,No,,,,No stream found,0,,Greek music; rebroadcasting with _Mousikos Web Radio_,wiki-only,Europe/Athens,False,
GR,Super Fresh 91.2,,Achaia,the Peloponnese,91.2,Music,Pop,Greek,None,No,http://178.33.135.244:3062/stream,MP3,128,Working,11,,"Foreign music (ex. Yes, Life Radio – formerly on 107.7)",wiki+radio-browser,Europe/Athens,False,
GR,Thema FM Patra,,Achaia,the Peloponnese,98.7,Music,Mixed music,Greek,None,No,,,,No stream found,0,,"Foreign music (ex. Vima FM, Flash, Rion FM 108)",wiki-only,Europe/Athens,False,
GR,TOP 93MHz,,Achaia,the Peloponnese,93.0,Music,Electronic / Dance,Greek,None,No,http://s6.onweb.gr:8012/stream?type=http&nocache=231154,MP3,128,Working,75,http://resources.live24.gr/resources/images/stations/582741e3-e96b-4f3a-8bde-8eb92b1d9473.jpg,"Foreign electronic, disco – pop music; located from Patras",wiki+radio-browser,Europe/Athens,False,
GR,UP FM Patras,,Achaia,the Peloponnese,103.7,Other,Other,Greek,None,No,,,,No stream found,0,,Student radio station from the University of Patras,wiki-only,Europe/Athens,False,
GR,Wave FM 97.4,,Achaia,the Peloponnese,97.4,Music,Rock / Alternative,Greek,None,No,https://sp1.32bit.gr/8018/;,MP3,128,Working,3,https://el-gr.facebook.com/favicon.ico,Greek and foreign rock music (ex. Melodia FM of Patras),wiki+radio-browser,Europe/Athens,False,
GR,Αντένα Αίγινα,,Aegina,Aegina,,Other,Other,Greek,None,Unknown,https://i3.streams.ovh:12043/live,MP3,320,Working,4,http://www.facebook.com/favicon.ico,tags: ,radio-browser,Europe/Athens,False,
GR,Agiasos Mytilene,,Agiasos,Internet-only,,Other,Other,Greek,None,Yes,,,,No stream found,0,,Entertainment,wiki-only,Europe/Athens,False,
GR,Citizen Web,,Agios Nikolaos,Internet-only,,Music,Pop,Greek,None,Yes,https://sp3.streams.ovh/8082/;,MP3,320,Working,448,https://citizenradio.gr/wp-content/uploads/2020/06/cropped-favico-180x180.png,Entertainment,wiki+radio-browser,Europe/Athens,False,
GR,Δίαυλος Κρήτης,,Agios Nikolaos,Agios Nikolaos,,Other,Other,Greek,None,Unknown,https://netradio.live24.gr/diavlos-cna,MP3,128,Working,5,,tags: ,radio-browser,Europe/Athens,False,
GR,Λατώ  Άγιος Νικόλαος,,Agios Nikolaos,Agios Nikolaos,,News & Talk,News & Talk,Greek,None,Unknown,http://51.91.170.243:8100/latofm?.mp3,MP3,128,Working,17,,"tags: news,pop,talk",radio-browser,Europe/Athens,False,
GR,Ράδιο 104.4  Άγιος Νικόλαος ,,Agios Nikolaos,Agios Nikolaos,,News & Talk,News & Talk,Greek,None,Unknown,http://10440fm.live24.gr/10440fm,MP3,192,Working,33,https://i0.wp.com/104fm.gr/cms/wp-content/uploads/cropped-cropped-104.4-640x373-1-1.jpg?fit=180%2c180&#038;ssl=1,"tags: news,pop,rock,talk",radio-browser,Europe/Athens,False,
GR,Φωνή Αγγράφων 1440,,Agrafa,Agrafa,,Music,Traditional / Folk,Greek,None,Unknown,https://webinternetradio.eu:48000/,MP3,256,Working,4,https://cbox.im/i/rEXio.png,tags: greek folk,radio-browser,Europe/Athens,False,
GR,2Day 104.5,,Agrinio,Agrinio,,Music,Greek pop,Greek,None,Unknown,https://premium.streams.gr/sc/2day1045/stream,MP3,192,Working,0,https://resources.live24.gr/resources/images/stations/f23f8f77-9dac-4e63-a674-820d728bd322.png,"tags: greek pop,mainstream",radio-browser,Europe/Athens,False,
GR,Agrinio 102.2,,Agrinio,Internet-only,,Other,Other,Greek,None,Yes,http://streaming.radionomy.com/JamendoLounge,MP3,128,Working,8,http://resources.live24.gr/resources/images/stations/4110a597-2687-48f8-841f-f6fa8a9fa3c9.jpg,Entertainment,wiki+radio-browser,Europe/Athens,False,
GR,Live 97.8,,Agrinio,Agrinio,,Music,Greek music,Greek,None,Unknown,http://s2.e-resellers.gr:9966/;,MP3,128,Working,22,https://www.facebook.com/favicon.ico,"tags: greek,pop",radio-browser,Europe/Athens,False,
GR,Magic FM,,Agrinio,Internet-only,,Music,Pop / Hits,Greek,None,Yes,http://sc2.streamwithq.com:8054/;?1493987364073,MP3,192,Working,62,,Entertainment,wiki+radio-browser,Europe/Athens,False,
GR,Δυτικά 92.8,,Agrinio,Agrinio,,News & Talk,News & Talk,Greek,None,Unknown,https://cast5.asurahosting.com/proxy/sinidisi/stream,MP3,,Working,6,https://resources.live24.gr/resources/images/stations/85d6c6eb-a442-4516-b264-a5a1ab48d724.png,"tags: greek folk,news,news talk",radio-browser,Europe/Athens,False,
GR,Ι.Μ. Αιτωλίας και Ακαρνανίας 106.3,,Agrinio,Agrinio,,Religious,Religious,Greek,None,Unknown,http://s3.onweb.gr:8038/stream?type=http&nocache=501,MP3,128,Working,68,http://resources.live24.gr/resources/images/stations/2918ee36-714e-431d-ad46-3356006d5744.jpg,"tags: christian,orthodox",radio-browser,Europe/Athens,False,
GR,Λαϊκός 96.2,,Agrinio,Agrinio,,Music,Traditional / Folk,Greek,None,Unknown,http://sonic.streams.ovh:9870/;,MP3,192,Working,128,,"tags: folk,greek,pop",radio-browser,Europe/Athens,False,
GR,Ράδιο Ακαρνανία 97.1,,Agrinio,Agrinio,,Music,Greek pop,Greek,None,Unknown,https://sp.streams.ovh/8074/stream,MP3,320,Working,3,https://www.radioakarnania.gr/img/logo-radioakarnania1.jpg?8348,"tags: greek pop,mainstream",radio-browser,Europe/Athens,False,
GR,Ρυθμός 93.7,,Agrinio,Agrinio,,Music,Greek music,Greek,None,Unknown,https://stream-178.zeno.fm/037xwzg0h2zuv?zt=eyJhbGciOiJIUzI1NiJ9.eyJzdHJlYW0iOiIwMzd4d3pnMGgyenV2IiwiaG9zdCI6InN0cmVhbS0xNzguemVuby5mbSIsInJ0dGwiOjUsImp0aSI6ImZINGdHOU5OUUFTRmx2WmFPQXIyLVEiLCJpYXQiOjE3NzE0Mzk2ODYsImV4cCI6MTc3MTQzOTc0Nn0.ziAsHudyfI6c2A-LtJf-bi8MGkpo_6iwkK0FzPsSd-0,AAC,64,Working,0,https://zeno.fm/_ipx/_/https://images.zeno.fm/f1hJ-k9DYFdsWYESavjvZO480fP2ggthbKTYBThAXKI/rs:fill:288:288/g:ce:0:0/aHR0cHM6Ly9wcm94eS56ZW5vLmZtL2NvbnRlbnQvc3RhdGlvbnMvYWd4emZucGxibTh0YzNSaGRITnlNZ3NTQ2tGMWRHaERiR2xsYm5RWWdJQ1FpZUhsdUFnTUN4SU9VM1JoZEdsdmJsQnliMlpwYkdVWWdJQ1E2YjNuNHdnTW9nRUVlbVZ1YncvaW1hZ2UvP3U9MTY2MTYxMjcwODAwMA.webp,tags: greek music,radio-browser,Europe/Athens,False,
GR,"2Day 104,5 Radio",,Aitoloakarnania,Central Greece,104.5,Music,Greek music,Greek,None,No,https://cast4.my-control-panel.com/proxy/anastas2/stream,MP3,160,Working,127,https://www.radio984.gr/favicon.ico,"Greek music; rebroadcasting with _Love Radio 97,5 Athens_",wiki+radio-browser,Europe/Athens,False,
GR,Acheloos FM,,Aitoloakarnania,Central Greece,98.4,News & Talk,News & Talk + Music,Greek,None,No,,,,No stream found,0,,News and talk with Greek music; located from Agrinio,wiki-only,Europe/Athens,False,
GR,Aeras FM 99.5,,Aitoloakarnania,Central Greece,99.5,News & Talk,News & Talk + Music,Greek,None,No,,,,No stream found,0,,News and talk with Greek music; located from Agrinio,wiki-only,Europe/Athens,False,
GR,Agrinio FM 93.7,,Aitoloakarnania,Central Greece,93.7,Sports,Sports,Greek,None,No,http://streaming.radionomy.com/JamendoLounge,MP3,128,Working,8,http://resources.live24.gr/resources/images/stations/4110a597-2687-48f8-841f-f6fa8a9fa3c9.jpg,News and talk; rebroadcasting with _Sport FM of Athens_,wiki+radio-browser,Europe/Athens,False,
GR,Akarnania FM,,Aitoloakarnania,Central Greece,97.1,News & Talk,News & Talk + Music,Greek,None,No,,,,No stream found,0,,News and talk with Greek laïko music; located from Agrinio,wiki-only,Europe/Athens,False,
GR,"Antenna Star 103,5",,Aitoloakarnania,Central Greece,103.5,News & Talk,News & Talk + Music,Greek,None,No,https://cast5.asurahosting.com/proxy/antenna/stream,MP3,128,Working,2,https://resources.live24.gr/resources/images/stations/786b7d09-640f-46e3-9755-a10200f3bc52.png,News and talk; rebroadcasting with _Parapolitika FM Athens_,wiki+radio-browser,Europe/Athens,False,
GR,Aria 107.4,,Aitoloakarnania,Central Greece,107.4,Music,Greek pop,Greek,None,No,https://cast4.magicstreams.gr/sc/oisvampg/stream,MP3,64,Working,4,https://resources.live24.gr/resources/images/stations/965a0664-472a-42ff-94ca-7e45eeac04c3.png,Greek music; rebroadcasting with _Sfera Athens_,wiki+radio-browser,Europe/Athens,False,
GR,Cosmos FM Agrinio,,Aitoloakarnania,Central Greece,90.7,News & Talk,News & Talk,Greek,None,No,http://streaming.radionomy.com/JamendoLounge,MP3,128,Working,8,http://resources.live24.gr/resources/images/stations/4110a597-2687-48f8-841f-f6fa8a9fa3c9.jpg,"News and talk; rebroadcasting with _Ellinikos FM 93,2 Athens_",wiki+radio-browser,Europe/Athens,False,
GR,Dytika tis Ellados,,Aitoloakarnania,Central Greece,92.8,News & Talk,News & Talk,Greek,None,No,,,,No stream found,0,,News and talk; rebroadcasting with _Skai 100.3 of Athens_,wiki-only,Europe/Athens,False,
GR,"Ecclesia 106,3",,Aitoloakarnania,Central Greece,106.3,Religious,Religious,Greek,None,No,https://loki.mental-media.gr:8038/index.html,MP3,128,Working,8,https://i0.wp.com/ecclesiaradio.gr/wp-content/uploads/2026/02/895-old-logo-copy_37.jpg,Religious radio; rebroadcasting with _Ecclesia FM Athens_,wiki+radio-browser,Europe/Athens,False,
GR,Energy Radio,,Aitoloakarnania,Central Greece,94.2,News & Talk,News & Talk,Greek,None,No,https://cast4.my-control-panel.com/proxy/anastas2/stream,MP3,160,Working,127,https://www.radio984.gr/favicon.ico,News and talk; rebroadcasting with _Real 97.8 Athens_,wiki+radio-browser,Europe/Athens,False,
GR,Glenti 89.2 Agrinio,,Aitoloakarnania,Central Greece,89.2,Music,Traditional / Folk,Greek,None,No,http://streaming.radionomy.com/JamendoLounge,MP3,128,Working,8,http://resources.live24.gr/resources/images/stations/4110a597-2687-48f8-841f-f6fa8a9fa3c9.jpg,Greek traditional & skiladiko music (ex. Smile FM & Diavlos),wiki+radio-browser,Europe/Athens,False,
GR,Kefi Agrinio,,Aitoloakarnania,Central Greece,100.9,Music,Greek music,Greek,None,No,http://streaming.radionomy.com/JamendoLounge,MP3,128,Working,8,http://resources.live24.gr/resources/images/stations/4110a597-2687-48f8-841f-f6fa8a9fa3c9.jpg,Greek laïko music; rebroadcasting with _Kefi 101.3_,wiki+radio-browser,Europe/Athens,False,
GR,Lepanto FM,,Aitoloakarnania,Central Greece,101.4,Other,Other,Greek,None,No,,,,No stream found,0,,Rebroadcasting with _Alpha 98.9_ and _NG Web Radio_,wiki-only,Europe/Athens,False,
GR,Live FM,,Aitoloakarnania,Central Greece,97.8,Music,Greek laïkó,Greek,None,No,,,,No stream found,0,,"Greek laïko, rebetiko and pop music; located from Agrinio",wiki-only,Europe/Athens,False,
GR,Loud 98.2,,Aitoloakarnania,Central Greece,98.2,Music,Pop / Hits,Greek,None,No,http://s3.onweb.gr:8888/stream?type=http&nocache=167224,MP3,192,Working,215,,Foreign music; rebroadcasting with _95.2 Athens DeeJay_,wiki+radio-browser,Europe/Athens,False,
GR,Missolonghi 92 FM,,Aitoloakarnania,Central Greece,92.0,News & Talk,News & Talk + Music,Greek,None,No,,,,No stream found,0,,News and talk with Greek music; located from Missolonghi,wiki-only,Europe/Athens,False,
GR,Monadiki Politeia,,Aitoloakarnania,Central Greece,96.0,Religious,Religious,Greek,None,No,,,,No stream found,0,,Orthodox religious radio station; located from Nafpaktos,wiki-only,Europe/Athens,False,
GR,Music Life 95.1,,Aitoloakarnania,Central Greece,95.1,Music,Rock / Alternative,Greek,None,No,http://neos.win:9501/stream?type=http&nocache=5,MP3,128,Working,4,,Greek and foreign pop and rock; located from Agrinio,wiki+radio-browser,Europe/Athens,False,
GR,Orama Radio,,Aitoloakarnania,Central Greece,101.7,News & Talk,News & Talk,Greek,None,No,https://cast4.my-control-panel.com/proxy/anastas2/stream,MP3,160,Working,127,https://www.radio984.gr/favicon.ico,News and talk; rebroadcasting with _Focus Thessaloniki_,wiki+radio-browser,Europe/Athens,False,
GR,"Radiofonia Xiromerou 88,3",,Aitoloakarnania,Central Greece,88.3,Music,Traditional / Folk,Greek,None,No,https://cast4.my-control-panel.com/proxy/anastas2/stream,MP3,160,Working,127,https://www.radio984.gr/favicon.ico,Greek traditional and laïko; located from Fyteies,wiki+radio-browser,Europe/Athens,False,
GR,KISS 89.0,,Albania,ALBANIA,,Music,Oldies / 80s-90s,Greek,None,Unknown,https://kiss-89-kalamata.live24.gr/kiss89kalamata,MP3,128,Working,2,https://mega.nz/file/sq0jGQpS#mwjIcYjrZ997Y2BgAE1DEvL6F1A21DhkZoh40cQCdsc,"tags: 90s,mainstream,top40",radio-browser,Europe/Athens,False,
GR,97.3 Κανάλι 5,,Alexandroupolis,Alexandroupolis,,Music,Pop,Greek,None,Unknown,https://solid1.streamupsolutions.com/proxy/kanali5?mp=/stream,MP3,192,Working,22,https://www.kanali5.gr/wp-content/uploads/2015/06/logokanali5.png,tags: pop,radio-browser,Europe/Athens,False,
GR,Apps 96.6,,Alexandroupolis,Alexandroupolis,,Music,Traditional / Folk,Greek,None,Unknown,https://stream.myip.gr/proxy/app966?mp=/stream,MP3,192,Working,44,,"tags: folk,greek,pop",radio-browser,Europe/Athens,False,
GR,Apps Greek 96.6,,Alexandroupolis,Alexandroupolis,,Music,Greek music,Greek,None,Unknown,https://stream.myip.gr/proxy/greekap?mp=/stream,MP3,192,Working,3,https://www.appsradio.gr/wp-content/uploads/2020/06/logogreek.png,tags: greek music,radio-browser,Europe/Athens,False,
GR,Apps Rock 96.6,,Alexandroupolis,Alexandroupolis,,Music,Rock / Alternative,Greek,None,Unknown,https://stream.myip.gr/proxy/rocksis?mp=/stream,MP3,192,Working,2,https://www.appsradio.gr/wp-content/uploads/2020/06/rock-logo.png,tags: rock,radio-browser,Europe/Athens,False,
GR,Heat,,Alexandroupolis,Alexandroupolis,,Music,Pop,Greek,None,Unknown,http://solid67.streamupsolutions.com:15037/stream,MP3,128,Working,51,http://resources.live24.gr/resources/images/stations/dd566b5e-b71f-42d0-a64b-2382a63919ab.jpg,tags: pop,radio-browser,Europe/Athens,False,
GR,Maximum Αλεξανδρούπολη,,Alexandroupolis,Alexandroupolis,,News & Talk,News & Talk + Music,Greek,None,Unknown,http://s1.onweb.gr:8838/;,MP3,128,Working,22,,"tags: music,news,talk",radio-browser,Europe/Athens,False,
GR,More 103.9,,Alexandroupolis,Alexandroupolis,,Music,Pop / Hits,Greek,None,Unknown,https://free.rcast.net/68849,AAC+,192,Working,4,"https://static.wixstatic.com/media/9d705d_864fece2e2684d58ab7b880db2768a5a~mv2.png/v1/fill/w_120,h_80,al_c,q_85,usm_0.66_1.00_0.01,enc_auto/9d705d_864fece2e2684d58ab7b880db2768a5a~mv2.png","tags: mainstream,pop",radio-browser,Europe/Athens,False,
GR,"More FM 103,9",,Alexandroupolis,Internet-only,,Other,Other,Greek,None,Yes,,,,No stream found,0,,Entertainment,wiki-only,Europe/Athens,False,
GR,NRG 98.5,,Alexandroupolis,Alexandroupolis,,Music,Greek pop,Greek,None,Unknown,https://eco.onestreaming.com/proxy/nrg985ice/stream,MP3,128,Working,7,https://resources.live24.gr/resources/images/stations/e6a8be4d-599f-4d48-a132-cad94934d0d9.png,"tags: greek pop,mainstream",radio-browser,Europe/Athens,False,
GR,Status Αλεξανδρούπολη,,Alexandroupolis,Alexandroupolis,,News & Talk,News & Talk,Greek,None,Unknown,http://eco.onestreaming.com:8131/stream?type=http&nocache=129,MP3,128,Working,25,,"tags: folk,greek,news,pop,talk",radio-browser,Europe/Athens,False,
GR,You 98.7,,Alexandroupolis,Alexandroupolis,,Music,Electronic / Dance,Greek,None,Unknown,http://eco.onestreaming.com:8880/stream,MP3,,Working,12,http://resources.live24.gr/resources/images/stations/ad74155b-549a-47e1-b5f9-5a71a419ca89.png,"tags: mainstream,pop dance",radio-browser,Europe/Athens,False,
GR,Αλέξιος Κομνηνός 105.8,,Alexandroupolis,Alexandroupolis,,Music,Traditional / Folk,Greek,None,Unknown,https://eco.onestreaming.com/proxy/alexioskomninos/stream,MP3,128,Working,16,http://resources.live24.gr/resources/images/stations/00e523f9-57fd-41be-bfaa-4911dc0a6c2f.png,tags: greek traditional,radio-browser,Europe/Athens,False,
GR,Δέλτα Αλεξανδρούπολη,,Alexandroupolis,Alexandroupolis,,News & Talk,News & Talk,Greek,None,Unknown,http://81.171.10.41:1088/;?,MP3,192,Working,21,https://deltatv.gr/wp-content/uploads/2022/03/cropped-logodeltatv-180x180.png,"tags: funk,news,pop,reggae,rock,soul,talk",radio-browser,Europe/Athens,False,
GR,Ελλάδα 104,,Alexandroupolis,Alexandroupolis,,Music,Traditional / Folk,Greek,None,Unknown,https://eco.onestreaming.com/proxy/elladafm/stream,MP3,128,Working,8,https://cdn.e-radio.gr/logos/gr/big/elladafm104.png,tags: greek folk,radio-browser,Europe/Athens,False,
GR,Ελπίδα 96.1,,Alexandroupolis,Alexandroupolis,,Religious,Religious,Greek,None,Unknown,https://eco.onestreaming.com/proxy/elpida1023/stream,MP3,128,Working,9,http://resources.live24.gr/resources/images/stations/aac2ec5f-6f52-4111-94fb-f5f91265d738.jpg,"tags: christian orthodox,religion",radio-browser,Europe/Athens,False,
GR,Θράκη 99.8,,Alexandroupolis,Alexandroupolis,,Music,Rock / Alternative,Greek,None,Unknown,http://eco.onestreaming.com:8010/stream,MP3,128,Working,35,https://thrakifm.gr/wp-content/uploads/2012/09/keraia1.png,"tags: disco,oldies,pop,rock",radio-browser,Europe/Athens,False,
GR,Υπάρχω 101.4,,Alexandroupolis,Alexandroupolis,,Music,Traditional / Folk,Greek,None,Unknown,https://cast4.magicstreams.gr:2200/ssl/sc_gr40c?mp=/stream,MP3,320,Working,47,http://resources.live24.gr/resources/images/stations/f63d5db6-16df-41bc-9404-8c0e90edea42.png,tags: greek folk music,radio-browser,Europe/Athens,False,
GR,Όλα 98.7,,Alexandroupolis,Alexandroupolis,,Music,Traditional / Folk,Greek,None,Unknown,http://eco.onestreaming.com:8667/stream/;,MP3,128,Working,22,https://www.facebook.com/favicon.ico,"tags: folk,greek",radio-browser,Europe/Athens,False,
GR,Alimos,,Alimos,Alimos,,Music,Mixed music,Greek,None,Unknown,https://streamyourdream.org:8092/stream,MP3,128,Working,10,,"tags: music,town info",radio-browser,Europe/Athens,False,
GR,Άμφισσα,,Amfissa,Amfissa,,News & Talk,News & Talk,Greek,None,Unknown,http://stream3.468.gr:8104/;listen.pls,AAC+,128,Working,9,https://radioamfissa.gr/wp-content/uploads/2017/12/cropped-favicon-90x90.png,"tags: folk,greek,news,pop,talk,traditional",radio-browser,Europe/Athens,False,
GR,Γαλαξίας 92.1,,Amfissa,Amfissa,,News & Talk,News & Talk + Music,Greek,None,Unknown,https://sonic.serverps.gr/8018/stream,MP3,128,Working,5,http://resources.live24.gr/resources/images/stations/4b88bb5b-6ea5-4948-8294-2002bf0cd71b.jpg,"tags: greek folk music,news",radio-browser,Europe/Athens,False,
GR,Asteras 92,,Andros,Andros,,Music,Greek music,Greek,None,Unknown,https://cast4.magicstreams.gr:12108/;?_=0.14756551841750443,MP3,192,Working,14,http://resources.live24.gr/resources/images/stations/95438622-66e6-4784-89e5-ad782f6c9fe8.png,tags: greek music,radio-browser,Europe/Athens,False,
GR,Amateur Musician,,Arcadia,the Peloponnese,100.8,Music,Greek laïkó,Greek,None,No,https://netradio.live24.gr/music892,MP3,128,Working,409,https://www.music892.gr/assets/icons/MUSIC_LOGO.png,Amateur radio station with Greek laïko – rebetiko,wiki+radio-browser,Europe/Athens,False,
GR,"Arcadia FM 93,8",,Arcadia,the Peloponnese,93.8,News & Talk,News & Talk,Greek,None,No,,,,No stream found,0,,"News and talk; rebroadcasting with _Real 97,8 from Athens_",wiki-only,Europe/Athens,False,
GR,Arcadian Radio,,Arcadia,the Peloponnese,95.9,Sports,Sports,Greek,None,No,https://cast4.my-control-panel.com/proxy/anastas2/stream,MP3,160,Working,127,https://www.radio984.gr/favicon.ico,"News and talk; rebroadcasting with _Bwin Sport FM 94,6_",wiki+radio-browser,Europe/Athens,False,
GR,Aroma Radio,,Arcadia,the Peloponnese,98.5,Music,Greek music,Greek,None,No,https://streams.enjoyfm.gr:48502/aroma.mp3,MP3,128,Working,8,https://resources.live24.gr/resources/images/stations/50872e8e-613b-4b92-95ca-60f862dfbc27.png,Greek éntekhno and laïko music (ex. Positive FM Stereo),wiki+radio-browser,Europe/Athens,False,
GR,Asteras Tripolis,,Arcadia,the Peloponnese,100.1,News & Talk,News & Talk + Music,Greek,None,No,http://eco.onestreaming.com:8334/;,MP3,128,Working,71,,"Foreign music; rebroadcasting with _En Lefko 87,7fm_",wiki+radio-browser,Europe/Athens,False,
GR,"Blue Radio 92,6fm",,Arcadia,the Peloponnese,92.6,Music,Rock / Alternative,Greek,None,No,https://cast4.my-control-panel.com/proxy/anastas2/stream,MP3,160,Working,127,https://www.radio984.gr/favicon.ico,"Foreign dance, pop and rock music; located from Tripoli",wiki+radio-browser,Europe/Athens,False,
GR,City 103.8 Messinia,,Arcadia,the Peloponnese,103.8,Music,Mixed music,Greek,None,No,https://radio.lancom.gr:9012/stream5?1700927157379,MP3,128,Working,57,https://www.city1061.gr/images/full-window/CITY1061_LOGO_ORANGE_TRANSPARENT_NEGATIVE.png,Foreign music; rebroadcasting with _102.5fm Radio Athens_,wiki+radio-browser,Europe/Athens,False,
GR,Diavlos ENA,,Arcadia,the Peloponnese,99.7,Religious,Religious,Greek,None,No,https://rdst.win:48000/stream?type=.mp3,MP3,128,Working,21,https://enaradio.gr/wp-content/uploads/2017/07/cropped-big_png-2-192x192.png,Religious radio; rebroadcasting with _Christianity Athens_,wiki+radio-browser,Europe/Athens,False,
GR,Diva FM,,Arcadia,the Peloponnese,106.1,Music,Greek music,Greek,None,No,http://176.31.120.166:6404/;,MP3,128,Working,3,https://www.divaradio.gr/logo_diva.png,Greek laïko and pop music; located from Tripoli,wiki+radio-browser,Europe/Athens,False,
GR,"Ecclesia 98,2",,Arcadia,the Peloponnese,98.2,Religious,Religious,Greek,None,No,https://loki.mental-media.gr:8038/index.html,MP3,128,Working,8,https://i0.wp.com/ecclesiaradio.gr/wp-content/uploads/2026/02/895-old-logo-copy_37.jpg,Religious station; rebroadcasting with _Peiraiki Ecclesia_,wiki+radio-browser,Europe/Athens,False,
GR,Ellada FM Arcadia,,Arcadia,the Peloponnese,104.6,Sports,Sports,Greek,None,No,https://stream.ellada943.gr:10198/radio.mp3,MP3,320,Working,128,,News and talk; rebroadcasting with _Interwetten Sports FM_,wiki+radio-browser,Europe/Athens,False,
GR,Firma FM 104.8,,Arcadia,the Peloponnese,87.7,Other,Other,Greek,None,No,,,,No stream found,0,,"Rebroadcasting with _Blackman 107,5 of Athens_",wiki-only,Europe/Athens,False,
GR,Horizon Radio,,Arcadia,the Peloponnese,96.5,News & Talk,News & Talk + Music,Greek,None,No,https://cast4.my-control-panel.com/proxy/anastas2/stream,MP3,160,Working,127,https://www.radio984.gr/favicon.ico,Greek music; rebroadcasting with _Mega News 104.6_,wiki+radio-browser,Europe/Athens,False,
GR,Kiss FM Kalamata,,Arcadia,the Peloponnese,89.0,Music,Pop,Greek,None,No,http://netradio.live24.gr/kissfmathens,MP3,192,Working,10047,https://www.kiss929.gr/sites/default/files/kiss.ico,Foreign music; rebroadcasting with _Kiss 92.9 from Athens_,wiki+radio-browser,Europe/Athens,False,
GR,Life FM Kalamata,,Arcadia,the Peloponnese,88.0,Music,Rock / Alternative,Greek,None,No,http://cast.streams.ovh:9130/live,MP3,320,Working,26,,Foreign pop and rock music; located from Kalamata,wiki+radio-browser,Europe/Athens,False,
GR,"Megalopoli 103,1fm",,Arcadia,the Peloponnese,103.1,News & Talk,News & Talk + Music,Greek,None,No,,,,No stream found,0,,News and talk with Greek music; located from Megalopolis,wiki-only,Europe/Athens,False,
GR,Orthodoxi Martyria,,Arcadia,the Peloponnese,90.9,Religious,Religious,Greek,None,No,https://i2.streams.ovh:2200/ssl/artfm?mp=/stream,MP3,192,Working,18,http://resources.live24.gr/resources/images/stations/393fb9a6-5d2a-4a45-ad5c-8a43f290aec8.jpg,Religious radio; rebroadcasting with _Peiraiki Ecclesia 912_,wiki+radio-browser,Europe/Athens,False,
GR,Radio DJ 105 FM,,Arcadia,the Peloponnese,104.9,Music,Rock / Alternative,Greek,None,No,https://cast4.my-control-panel.com/proxy/anastas2/stream,MP3,160,Working,127,https://www.radio984.gr/favicon.ico,Greek laïko – pop & rock music; located from Megalopolis,wiki+radio-browser,Europe/Athens,False,
GR,SKAI FM Arcadia,,Arcadia,the Peloponnese,102.8,News & Talk,News & Talk,Greek,None,No,http://netradio.live24.gr/skai1003,MP3,192,Working,9680,,News and talk; rebroadcasting with _Skai 100.3 Athens_,wiki+radio-browser,Europe/Athens,False,
GR,"Tripoli Radio 91,5",,Arcadia,the Peloponnese,91.5,News & Talk,News & Talk + Music,Greek,None,No,https://cast4.my-control-panel.com/proxy/anastas2/stream,MP3,160,Working,127,https://www.radio984.gr/favicon.ico,"News, talk and Greek music; Tripoli's Municipal Station",wiki+radio-browser,Europe/Athens,False,
GR,Anatolikos FM 95.8,,Argolis,the Peloponnese,95.8,Music,Greek music,Greek,None,No,,,,No stream found,0,,Greek éntekhno; rebroadcasting with _Melodia Radio Athens_,wiki-only,Europe/Athens,False,
GR,Argolida 103.8,,Argolis,the Peloponnese,103.8,Sports,Sports,Greek,None,No,,,,No stream found,0,,News and talk; rebroadcasting with _Sport 94.6_ and _NG Athens_,wiki-only,Europe/Athens,False,
GR,Aroma FM 98.5,,Argolis,the Peloponnese,98.5,Music,Greek music,Greek,None,No,https://streams.enjoyfm.gr:48502/aroma.mp3,MP3,128,Working,8,https://resources.live24.gr/resources/images/stations/50872e8e-613b-4b92-95ca-60f862dfbc27.png,Greek éntekhno and laïko (ex. Positive Radio 98.5),wiki+radio-browser,Europe/Athens,False,
GR,Cool 90.7,,Argolis,Argolida,,Music,Electronic / Dance,Greek,None,Unknown,http://solid1.streamupsolutions.com:11004/coolfmnet?type=http&nocache=1258317,MP3,192,Working,24,,"tags: 80s,house,pop,trans",radio-browser,Europe/Athens,False,
GR,Cool FM 90.7,,Argolis,the Peloponnese,90.7,Music,Electronic / Dance,Greek,None,No,,,,No stream found,0,,"Foreign electronica and dance music; located from Kefalari ""Kefalari (Argolis)"")",wiki-only,Europe/Athens,False,
GR,Diavlos 1 Arcadias,,Argolis,the Peloponnese,99.7,Religious,Religious,Greek,None,No,,,,No stream found,0,,Religious radio; rebroadcasting with _Christianity of Athens_,wiki-only,Europe/Athens,False,
GR,DRi News Radio,,Argolis,the Peloponnese,92.2,News & Talk,News & Talk + Music,Greek,None,No,https://cast4.my-control-panel.com/proxy/anastas2/stream,MP3,160,Working,127,https://www.radio984.gr/favicon.ico,News and talk with Greek pop music; located from Argos,wiki+radio-browser,Europe/Athens,False,
GR,Echo FM 98.1,,Argolis,the Peloponnese,98.1,Music,Greek laïkó,Greek,None,No,http://eco.onestreaming.com:8280/;,MP3,48,Working,4,,Greek laïko and rebetiko music; located from Inachos,wiki+radio-browser,Europe/Athens,False,
GR,Epidavros Radio,,Argolis,the Peloponnese,93.8,News & Talk,News & Talk,Greek,None,No,https://cast4.my-control-panel.com/proxy/anastas2/stream,MP3,160,Working,127,https://www.radio984.gr/favicon.ico,News and talk; located from Palaia Epidavros,wiki+radio-browser,Europe/Athens,False,
GR,Galaxias 9.18,,Argolis,the Peloponnese,91.8,Music,Traditional / Folk,Greek,None,No,https://sonic.serverps.gr/8018/stream,MP3,128,Working,17,http://www.galaxiasfm.gr/wp-content/uploads/2020/12/galaxias.bmp,"Greek traditional & laïko (formerly on 91.1 – ex. Orange, Fasma)",wiki+radio-browser,Europe/Athens,False,
GR,H.M. of Argolida,,Argolis,the Peloponnese,105.2,Religious,Religious,Greek,None,No,,,,No stream found,0,,Religious station; rebroadcasting with _Peiraiki Ecclesia 91.2fm_,wiki-only,Europe/Athens,False,
GR,Kranidi FM,,Argolis,the Peloponnese,107.1,News & Talk,News & Talk,Greek,None,No,,,,No stream found,0,,News and talk; rebroadcasting with _Athens 98.4 FM_,wiki-only,Europe/Athens,False,
GR,Must FM Argolidas,,Argolis,the Peloponnese,97.0,Music,Electronic / Dance,Greek,None,No,http://176.58.122.60:8000/stream,MP3,192,Down,48,https://assets.radiomustathens.com/images/pwa/icons/icon-192x192-apple-touch.png,Greek pop music; based in Merbaka with studio from Nafplio,wiki+radio-browser,Europe/Athens,False,
GR,Radio Ermionida,,Argolis,the Peloponnese,104.3,Music,Rock / Alternative,Greek,None,No,https://cast4.my-control-panel.com/proxy/anastas2/stream,MP3,160,Working,127,https://www.radio984.gr/favicon.ico,"Greek pop and rock music; based in Argos, studio from Kranidi",wiki+radio-browser,Europe/Athens,False,
GR,"Sfera Radio 9,44",,Argolis,the Peloponnese,94.4,Music,Greek music,Greek,None,No,https://cast4.my-control-panel.com/proxy/anastas2/stream,MP3,160,Working,127,https://www.radio984.gr/favicon.ico,"Greek music; rebroadcasting with _Sfera FM 102,2 Athens_",wiki+radio-browser,Europe/Athens,False,
GR,SKAI FM Argolida,,Argolis,the Peloponnese,102.0,News & Talk,News & Talk,Greek,None,No,http://netradio.live24.gr/skai1003,MP3,192,Working,9680,,News and talk; rebroadcasting with _Skai 100.3 Athens_,wiki+radio-browser,Europe/Athens,False,
GR,Sport FM Argolida,,Argolis,the Peloponnese,99.0,Sports,Sports,Greek,None,No,http://n0b.radiojar.com/yb7bcbkfewzuv?rj-ttl=5&rj-tok=AAABhE8OfscAWLZ-gC5hhZqxPA,MP3,0,Working,25,http://resources.live24.gr/resources/images/stations/214ecfdd-4c68-481d-aaa4-3e2b7a9799f7.png,"Sports, news, talk and Greek music; located from Argos",wiki+radio-browser,Europe/Athens,False,
GR,Star 929,,Argolis,Argolida,,Music,Greek music,Greek,None,Unknown,http://netradio.live24.gr/star929-nauplio,MP3,128,Working,12,https://star929.gr/wp-content/uploads/2020/10/Logo_STAR929_top.png,"tags: greek,mainstream,pop",radio-browser,Europe/Athens,False,
GR,Star FM Argolida,,Argolis,the Peloponnese,92.9,Music,Rock / Alternative,Greek,None,No,http://onairmediagroup.live24.gr/star888xanthi,MP3,160,Working,405,,Greek pop and rock music; located from Nafplio,wiki+radio-browser,Europe/Athens,False,
GR,Style FM Argolida,,Argolis,the Peloponnese,89.6,Music,Greek pop,Greek,None,No,http://s3.onweb.gr:8530/;,MP3,128,Working,5,,Foreign music; rebroadcasting with _102.5 Radio Athens_,wiki+radio-browser,Europe/Athens,False,
GR,Ερμιονίδα,,Argolis,Argolida,,Music,Greek music,Greek,None,Unknown,http://sirius.shoutca.st:8713/stream,MP3,128,Working,13,,"tags: greek,mainstream,pop",radio-browser,Europe/Athens,False,
GR,Ηχώ 98.1,,Argolis,Argolida,,Other,Other,Greek,None,Unknown,https://solid33.streamupsolutions.com/proxy/kiytkkjz/stream,MP3,128,Working,6,https://hxwfmargolidas.blogspot.com/favicon.ico,tags: ,radio-browser,Europe/Athens,False,
GR,ΡΣ. Ι.Μ. Αργολίδος 105.2,,Argolis,Argolis (Greece),,Religious,Religious,Greek,None,Unknown,http://eco.onestreaming.com:8556/,MP3,48,Working,262,https://imargolidos.gr/wp-content/uploads/2019/01/Παναγία.jpg,"tags: greek,orthodox christian,orthodoxy,ιερά μητρόπολις,ορθοδοξία",radio-browser,Europe/Athens,False,
GR,Ρυθμός Web Αργολίδας,,Argolis,Argolida,,Music,Greek pop,Greek,None,Unknown,https://24streams.gr:8088/stream,MP3,320,Working,0,https://resources.live24.gr/resources/images/stations/aa82dcb8-bd05-4720-a4c9-6fe99ae9833f.png,"tags: greek pop,mainstream",radio-browser,Europe/Athens,False,
GR,I.R.A 106.7,,Aridea,Aridea,,Music,Greek pop,Greek,None,Unknown,http://radio.streamings.gr:8027/stream,MP3,192,Working,6,http://resources.live24.gr/resources/images/stations/20706c62-e56f-4153-bca5-cc9889784709.png,"tags: greek pop,mainstream",radio-browser,Europe/Athens,False,
GR,Life 106.3,,Aridea,Aridea,,Music,Greek music,Greek,None,Unknown,http://cast.streams.ovh:9130/live,MP3,320,Working,26,,"tags: greek,mainstream,pop",radio-browser,Europe/Athens,False,
GR,7 Μέρες 101.5,,Arta,Arta,,Other,Other,Greek,None,Unknown,http://i3.streams.ovh:12022/stream,AAC+,256,Working,3,https://7meres.gr/wp-content/uploads/2022/10/cropped-7meres-logo-icon-180x180.png,tags: ,radio-browser,Europe/Athens,False,
GR,Amvrakia FM,,Arta,Epirus,91.9,Music,Jazz / Soul,Greek,None,No,https://ice.streams.ovh:1195/stream,MP3,320,Working,20,,Greek and foreign pop music; Arta's municipal station,wiki+radio-browser,Europe/Athens,False,
GR,Art 103.1,,Arta,Arta,,Music,Traditional / Folk,Greek,None,Unknown,https://i2.streams.ovh:2200/ssl/artfm?mp=/stream,MP3,192,Working,18,http://resources.live24.gr/resources/images/stations/393fb9a6-5d2a-4a45-ad5c-8a43f290aec8.jpg,"tags: folk,greek,pop",radio-browser,Europe/Athens,False,
GR,"Art FM 103,1",,Arta,Epirus,103.1,News & Talk,News & Talk,Greek,None,No,https://cast.artfmradio.com/radio/8000/radio.mp3?1579455658,MP3,128,Working,25,http://resources.live24.gr/resources/images/stations/0db18c17-4d17-4464-a375-ba2870eba634.png,"News and talk; rebroadcasting with _Melodia FM 99,2_",wiki+radio-browser,Europe/Athens,False,
GR,"Ecclesia 106,6",,Arta,Epirus,106.6,Religious,Religious,Greek,None,No,https://loki.mental-media.gr:8038/index.html,MP3,128,Working,8,https://i0.wp.com/ecclesiaradio.gr/wp-content/uploads/2026/02/895-old-logo-copy_37.jpg,"Religious; rebroadcasting with _Ecclesia FM 89,5_",wiki+radio-browser,Europe/Athens,False,
GR,News Radio,,Arta,Epirus,101.5,News & Talk,News & Talk,Greek,None,No,https://cast4.my-control-panel.com/proxy/anastas2/stream,MP3,160,Working,127,https://www.radio984.gr/favicon.ico,News and talk; rebroadcasting with _Real Athens_,wiki+radio-browser,Europe/Athens,False,
GR,Pegasus 106 FM,,Arta,Epirus,106.0,Music,Greek music,Greek,None,No,,,,No stream found,0,,"Greek music; rebroadcasting with _Radio Epirus 94,5_",wiki-only,Europe/Athens,False,
GR,"Power FM 92,3",,Arta,Epirus,92.3,Music,Electronic / Dance,Greek,None,No,http://s1.onweb.gr:8854/stream?type=http&nocache=113055,MP3,128,Working,98,https://en-gb.facebook.com/favicon.ico,"Foreign music; rebroadcasting with _Pepper FM 9,66_",wiki+radio-browser,Europe/Athens,False,
GR,Μελωδία 101.1,,Arta,Arta,,Music,Traditional / Folk,Greek,None,Unknown,http://s14.myradiostream.com:11840/;listen.pls,MP3,128,Working,31,https://4.bp.blogspot.com/-MCsmKQlky3M/WS2zmQ-dm2I/AAAAAAAAK94/Wz86Zj_wiDYiUgudXEi3J8SMORIDA28agCLcB/s1600/%25CE%259C%25CE%25B5%25CE%25BB%25CF%2589%25CE%25B4%25CE%25AF%25CE%25B1.png,"tags: folk,greek,pop,traditional",radio-browser,Europe/Athens,False,
GR,Πήγασος 106,,Arta,Arta,,Music,Traditional / Folk,Greek,None,Unknown,https://rdst.win:59412/,AAC+,128,Working,7,https://resources.live24.gr/resources/images/stations/38a7747d-0a4e-4250-af10-0c0177cfb04c.jpg,tags: greek traditional,radio-browser,Europe/Athens,False,
GR,Ράδιο Ένα 87.6,,Arta,Arta,,Music,Greek pop,Greek,None,Unknown,https://tls-chrome.live24.gr/313?http://78.129.132.7:8325/,MP3,128,Working,8,https://resources.live24.gr/resources/images/stations/2a3e812e-fae0-4734-9646-48be5af5e7c8.jpg,"tags: greek pop,mainstream",radio-browser,Europe/Athens,False,
GR,Mageia,,Astakos,Internet-only,,Other,Other,Greek,None,Yes,,,,No stream found,0,,Entertainment,wiki-only,Europe/Athens,False,
GR,01.Στο κόκκινο 105.5,,Athens,"Attica, Athens",,Other,Other,Greek,None,Unknown,https://n0a.radiojar.com/kokkino-ath.mp3?rj-ttl=5&rj-tok=AAABh-0eIcYAVz1x8OviF1g8jw,MP3,,Working,0,https://typologies.gr/wp-content/uploads/2019/10/kokkino.jpg,tags: ,radio-browser,Europe/Athens,False,
GR,05.Ελλάδα sports,,Athens,Athens Greece,,Other,Other,Greek,None,Unknown,https://tls-chrome.live24.gr/3297?http://stream.ellada943.gr:10198/radio.mp3,MP3,320,Working,1,https://www.e-tetradio.gr/img/path/b106202a-fed8-40a0-8e8c-bbc057305f20_image.jpg,tags: ,radio-browser,Europe/Athens,False,
GR,1.Στο κόκκινο 105.5,,Athens,Athens,,Other,Other,Greek,None,Unknown,https://n0a.radiojar.com/kokkino-ath.mp3?rj-ttl=5&rj-tok=AAABh-0eIcYAVz1x8OviF1g8jw,MP3,,Working,0,https://typologies.gr/wp-content/uploads/2019/10/kokkino.jpg,tags: ,radio-browser,Europe/Athens,False,
GR,107.8 Radio,,Athens,Attica,107.8,Music,Greek music,Greek,None,No,https://cast4.my-control-panel.com/proxy/anastas2/stream,MP3,160,Working,127,https://www.radio984.gr/favicon.ico,"Greek music (ex. Dirla, Star FM Athens)",wiki+radio-browser,Europe/Athens,False,
GR,12.ΕΡΑ 2ο λαϊκά,,Athens,Athens,,Other,Other,Greek,None,Unknown,http://radiostreaming.ert.gr/ert-talaika,MP3,256,Working,0,https://encrypted-tbn0.gstatic.com/images?q=tbn:ANd9GcSnX6WmECShLrQfK3JMvVJJ03NX6Xg7eamDG9pWZHfChw&s=10,tags: ,radio-browser,Europe/Athens,False,
GR,14.ΕΡΑ 2 Παραδοσιακά,,Athens,Athens Greece,,Other,Other,Greek,None,Unknown,https://radiostreaming.ert.gr/ert-defteroparadosiaka,MP3,256,Working,0,https://encrypted-tbn0.gstatic.com/images?q=tbn:ANd9GcQOiZS_z8AeFvvyDtiQVZcYePw7AKuMsw3La9xFYC6nLg&s=10,tags: ,radio-browser,Europe/Athens,False,
GR,16.ΕΡΑ Κόσμος jazz,,Athens,Athens,,Other,Other,Greek,None,Unknown,https://radiostreaming.ert.gr/ert-webjazz,MP3,256,Working,0,https://encrypted-tbn0.gstatic.com/images?q=tbn:ANd9GcSbetd3-dtUUFjHX1XH1UgJXRAu3fzMh4I6kGcoYpCv8Q&s=10,tags: ,radio-browser,Europe/Athens,False,
GR,20.ERT 80s,,Athens,Athens Greece,,Other,Other,Greek,None,Unknown,https://radiostreaming.ert.gr/radio-80s,MP3,256,Working,1,https://external-content.duckduckgo.com/iu/?u=https%3A%2F%2Ftse4.mm.bing.net%2Fth%2Fid%2FOIP.rrm1XQUxeshiuF6d2Z3F2AHaEO%3Fpid%3DApi&f=1&ipt=1dac3bd82c3d646c8d3d7ca5e0ff31a543507c9b25e38ad937d6d328818746b5&ipo=images,tags: ,radio-browser,Europe/Athens,False,
GR,20.ΕΡΑ 80s,,Athens,Athens Greece,,Other,Other,Greek,None,Unknown,https://radiostreaming.ert.gr/radio-80s,MP3,256,Working,0,https://external-content.duckduckgo.com/iu/?u=https%3A%2F%2Ftse4.mm.bing.net%2Fth%2Fid%2FOIP.rrm1XQUxeshiuF6d2Z3F2AHaEO%3Fpid%3DApi&f=1&ipt=1dac3bd82c3d646c8d3d7ca5e0ff31a543507c9b25e38ad937d6d328818746b5&ipo=images,tags: ,radio-browser,Europe/Athens,False,
GR,21.ΕΡΑ Vintage,,Athens,"Attica, Athens",,Other,Other,Greek,None,Unknown,https://radiostreaming.ert.gr/vintage-radio,MP3,256,Working,0,https://external-content.duckduckgo.com/iu/?u=https%3A%2F%2Ftse3.mm.bing.net%2Fth%2Fid%2FOIP.2toKUHWF8TzK3rl7wE4o5QHaEL%3Fpid%3DApi&f=1&ipt=1b9d741d45104151b8a5d1b9dd06a8a75b61dd73a970920d388168aac454894e&ipo=images,tags: ,radio-browser,Europe/Athens,False,
GR,23.	Πάμε Ρεμπέτικο και Λαϊκό,,Athens,Athens Greece,,Other,Other,Greek,None,Unknown,https://stream-177.surfernetwork.com/wqcp8gq67vzuv?zt=eyJhbGciOiJIUzI1NiJ9.eyJzdHJlYW0iOiJ3cWNwOGdxNjd2enV2IiwiaG9zdCI6InN0cmVhbS0xNzcuc3VyZmVybmV0d29yay5jb20iLCJydHRsIjo1LCJqdGkiOiI1QXVXUUVWVlEtbXRmdkdlbGpfS2pRIiwiaWF0IjoxNzgzMjM2Mzk4LCJleHAiOjE3ODMyMzY0NTh9._KLlJ1vaBpYmPNbwc2e6XyHsZ1qjagJUjgbwOoIem18,MP3,128,Working,0,https://encrypted-tbn0.gstatic.com/images?q=tbn:ANd9GcSC7ibS8vSiQJo6x-i29lqjtxZaNpi8Eefk6UEoSF0PrA&s=10,tags: ,radio-browser,Europe/Athens,False,
GR,261 Radio,,Athens,Attica,87.1,Music,Jazz / Soul,Greek,None,No,https://cast4.my-control-panel.com/proxy/anastas2/stream,MP3,160,Working,127,https://www.radio984.gr/favicon.ico,Amateur radio station with foreign soul music (formerly broadcast on 87.2),wiki+radio-browser,Europe/Athens,False,
GR,269 Web Radio,,Athens,Internet-only,,Other,Other,Greek,None,Yes,https://cast4.my-control-panel.com/proxy/anastas2/stream,MP3,160,Working,127,https://www.radio984.gr/favicon.ico,Entertainment,wiki+radio-browser,Europe/Athens,False,
GR,5.ELLADA SPORTS,,Athens,Athens Greece,,Sports,Sports,Greek,None,Unknown,https://tls-chrome.live24.gr/3297?http://stream.ellada943.gr:10198/radio.mp3,MP3,320,Working,0,https://www.e-tetradio.gr/img/path/b106202a-fed8-40a0-8e8c-bbc057305f20_image.jpg,tags: sports,radio-browser,Europe/Athens,False,
GR,78–45,,Athens,Medium Wave (MW band),864,Music,Greek music,Greek,None,No,,,,No stream found,0,,Amateur station with Greek laïko music,wiki-only,Europe/Athens,False,
GR,92.9 KISS,,Athens,Attiki,,Music,Pop,Greek,None,Unknown,https://kissfm.live24.gr/kissfmathens,MP3,192,Working,190,https://www.kiss929.gr/sites/default/files/kiss.ico,tags: pop,radio-browser,Europe/Athens,False,
GR,969 ROCK,,Athens,Attica,96.9,Music,Rock / Alternative,Greek,None,No,https://s9.yesstreaming.net:2199/proxy/anyhowmo/stream,MP3,128,Down,23,https://resources.live24.gr/resources/images/stations/cbdce89d-dc5d-45cd-9b97-6ef014c134e2.png,Foreign rock and heavy metal music (formerly broadcast on 96.8 FM),wiki+radio-browser,Europe/Athens,False,
GR,_Anonymous_,,Athens,Attica,100.0,Music,Traditional / Folk,Greek,None,No,,,,No stream found,0,,Amateur radio station with Greek folk music,wiki-only,Europe/Athens,False,
GR,Action 24,,Athens,Athens,,News & Talk,News & Talk,Greek,None,Unknown,https://push-int.siliconweb.com/actionlive/actiontv/icecast.audio,AAC+,56,Working,12,https://resources.live24.gr/resources/images/stations/e3b52bad-8dbf-4347-9ec5-ddda79bbe1a5.png,"tags: news,news talk",radio-browser,Europe/Athens,False,
GR,Aegean Vibes,,Athens,Athens Greece,,Other,Other,Greek,None,Unknown,https://a9.asurahosting.com/listen/aegean_vibes/radio.mp3,AAC,192,Working,1,,tags: ,radio-browser,Europe/Athens,False,
GR,Aiakos Radio,,Athens,Medium Wave (MW band),1593,Music,Greek music,Greek,None,No,https://cast4.my-control-panel.com/proxy/anastas2/stream,MP3,160,Working,127,https://www.radio984.gr/favicon.ico,Amateur station with Greek laïko music,wiki+radio-browser,Europe/Athens,False,
GR,Akous 80s,,Athens,Athens,,Other,Other,Greek,None,Unknown,https://ice2.onestreaming.com/akous80s,MP3,128,Working,82,https://www.akous.gr/logos/akous_80s_2.png,tags: ,radio-browser,Europe/Athens,False,
GR,Akous Breeze,,Athens,Athens,,Other,Other,Greek,None,Unknown,https://live.akous.gr/akousbreeze,MP3,128,Working,12,https://www.akous.gr/logos/akous_breeze_2.png,tags: ,radio-browser,Europe/Athens,False,
GR,Akous Domotel Deluxe,,Athens,Athens,,Other,Other,Greek,None,Unknown,https://live.akous.gr/akousdeluxe,MP3,128,Working,59,https://www.akous.gr/logos/akous_Deluxe_2.png,tags: ,radio-browser,Europe/Athens,False,
GR,Akous Gazi,,Athens,Athens,,Other,Other,Greek,None,Unknown,https://live.akous.gr/akousgazi,MP3,128,Working,58,https://www.akous.gr/logos/akous_Gazi_2.png,tags: ,radio-browser,Europe/Athens,False,
GR,Akous Jazz in,,Athens,Athens,,Other,Other,Greek,None,Unknown,https://ice2.onestreaming.com/akousjazzin,MP3,128,Working,25,https://www.akous.gr/logos/akous_JazzIN_2.png,tags: ,radio-browser,Europe/Athens,False,
GR,Akous Palko,,Athens,Athens,,Other,Other,Greek,None,Unknown,https://live.akous.gr/akouspalko,MP3,128,Working,80,https://www.akous.gr/logos/akous_palko_2.png,tags: ,radio-browser,Europe/Athens,False,
GR,Alpha 104.7,Alpha 98.9,Athens,Crete,104.7,News & Talk,News & Talk,Greek,Center,No,https://stream.radiojar.com/xcdg6yggzfeuv,,,Working,0,,Alpha Media Group,curated,Europe/Athens,False,
GR,Alpha Radio 98.9,Alpha 98.9,Athens,Attica,98.9,News & Talk,News & Talk,Greek,Center,No,https://stream.radiojar.com/xcdg6yggzfeuv,,,Working,0,https://www.radio984.gr/favicon.ico,Alpha Media Group,curated,Europe/Athens,False,
GR,Anamniseis Margaritiou,,Athens,Medium Wave (MW band),1134,Music,Greek music,Greek,None,No,,,,No stream found,0,,Amateur station with Greek laïko music,wiki-only,Europe/Athens,False,
GR,Andromeda Net,,Athens,Internet-only,,Music,Oldies / 80s-90s,Greek,None,Yes,https://stream1.468.gr/8010/stream,MP3,320,Working,22,https://resources.live24.gr/resources/images/stations/5a30afb3-738d-4d5d-aff4-518677b23de9.png,Entertainment,wiki+radio-browser,Europe/Athens,False,
GR,Anepanaliptos FM,,Athens,Internet-only,,Other,Other,Greek,None,Yes,,,,No stream found,0,,Entertainment,wiki-only,Europe/Athens,False,
GR,Argosaronikos,,Athens,Medium Wave (MW band),1377,Music,Greek music,Greek,None,No,,,,No stream found,0,,"Greek laïko music (different from the former Radio Argosaronikos 106,4)",wiki-only,Europe/Athens,False,
GR,Arion Kids,,Athens,Athens,,Music,Children,Greek,None,Unknown,https://ice2.onestreaming.com/arionkids,MP3,128,Working,7,https://cdn.e-radio.gr/logos/gr/big/arionkids.png,tags: kids,radio-browser,Europe/Athens,False,
GR,Arion Λαϊκός,,Athens,Athens,,Music,Traditional / Folk,Greek,None,Unknown,https://ice2.onestreaming.com/arionlaikos,MP3,128,Working,20,https://cdn.e-radio.gr/logos/gr/big/arionlaikos.png,tags: greek folk music,radio-browser,Europe/Athens,False,
GR,Arion Στιγμές,,Athens,Athens,,Music,Greek music,Greek,None,Unknown,https://ice2.onestreaming.com/arionstigmes,MP3,128,Working,3,https://cdn.e-radio.gr/logos/gr/big/arionstigmes.png,tags: greek music,radio-browser,Europe/Athens,False,
GR,Athens 98.4 FM,,Athens,Attica,98.3,News & Talk,News & Talk,Greek,None,No,http://89.163.217.252:9400/;,MP3,320,Down,115,http://resources.live24.gr/resources/images/stations/e017e072-d05a-4d4a-9249-a57900f6ddcc.jpg,News and talk; Athens municipal radio station,wiki+radio-browser,Europe/Athens,False,
GR,Athens DeeJay,Athens DeeJay 95.2,Athens,Attica,95.2,Music,Pop / Hip-hop,Greek,None,No,https://netradio.live24.gr/athensdeejay,,,Working,0,http://www.athensdeejay.gr/content/assets/favicons/apple-touch-icon-v2.png,Foreign pop and rock music (formerly broadcast on 99.7 – ex. Kanali 107),curated,Europe/Athens,False,
GR,Athens Jazz,,Athens,Athens,,Music,Jazz / Soul,Greek,None,Unknown,http://music.wixstatic.com/mp3/6aa018_e43fa27d27c7437fb9306ff8dbb193c9.mp3,MP3,,Working,85,https://www.wix.com/favicon.ico,tags: jazz,radio-browser,Europe/Athens,False,
GR,Athens Metro Mall,,Athens,Athens,,Music,Pop / Hits,Greek,None,Unknown,http://mmr.yourstreaming.gr:9300/;,MP3,320,Working,74,http://resources.live24.gr/resources/images/stations/37d146e6-dbf3-4d0a-b5bd-0e6f125703a3.png,"tags: mainstream,pop",radio-browser,Europe/Athens,False,
GR,Athens Party,,Athens,Internet-only,,Music,Traditional / Folk,Greek,None,Yes,https://i2.streams.ovh:2200/ssl/artfm?mp=/stream,MP3,192,Working,18,http://resources.live24.gr/resources/images/stations/393fb9a6-5d2a-4a45-ad5c-8a43f290aec8.jpg,Entertainment,wiki+radio-browser,Europe/Athens,False,
GR,Athens Rock 96.9,,Athens,Athens,,Other,Other,Greek,None,Unknown,https://az10.yesstreaming.net/radio/8060/radio.mp3,MP3,320,Working,827,http://resources.live24.gr/resources/images/stations/fee95347-f0eb-4299-9edd-9d9b42ee23f6.png,tags: ,radio-browser,Europe/Athens,False,
GR,Athens Shock Radio,,Athens,Attica,103.3,Sports,Sports,Greek,None,No,https://cast4.my-control-panel.com/proxy/anastas2/stream,MP3,160,Working,127,https://www.radio984.gr/favicon.ico,"Greek pop music (split by Blackman – merge with Sport24, ex. Sentra FM, Radio Gold – formerly broadcast on 105)",wiki+radio-browser,Europe/Athens,False,
GR,Athens Up Radio,,Athens,Internet-only,,Other,Other,Greek,None,Yes,https://cast4.my-control-panel.com/proxy/anastas2/stream,MP3,160,Working,127,https://www.radio984.gr/favicon.ico,Entertainment,wiki+radio-browser,Europe/Athens,False,
GR,Athina 984,Αθήνα 9.84,Athens,Greece,98.4,Municipal,Mixed (music & talk),Greek,Municipal,No,https://athina984.live24.gr/athina984,,,Working,0,http://athina984.gr/favicon.ico,City of Athens municipal radio,curated+radio-browser,Europe/Athens,False,
GR,Athletiko FM,Αθλητικό FM 88.3,Athens,Attica,88.3,Sports,Sports,Greek,None,No,,,,No stream found,0,,"Sports and talk (ex. Lyra Kriti – formerly on 91.4 – merge with VFM, ex. Village, Klik – formerly on 88)",curated,Europe/Athens,False,
GR,Atlantis Web Radio,,Athens,Internet-only,,Other,Other,Greek,None,Yes,https://cast4.my-control-panel.com/proxy/anastas2/stream,MP3,160,Working,127,https://www.radio984.gr/favicon.ico,Entertainment,wiki+radio-browser,Europe/Athens,False,
GR,Be Rock Internet,,Athens,Internet-only,,Music,Rock / Alternative,Greek,None,Yes,https://s9.yesstreaming.net:2199/proxy/anyhowmo/stream,MP3,128,Down,23,https://resources.live24.gr/resources/images/stations/cbdce89d-dc5d-45cd-9b97-6ef014c134e2.png,Entertainment,wiki+radio-browser,Europe/Athens,False,
GR,Best,Best 92.6,Athens,Attica,92.6,Music,Alternative rock,Greek,None,No,https://best.live24.gr/best1222,,,Working,0,,"Foreign alternative rock (formerly broadcast on 92.7 – ex. Status, Music Channel)",curated,Europe/Athens,False,
GR,Beton7 Art,,Athens,Athens,,Music,Jazz / Soul,Greek,None,Unknown,https://uk1.streamingpulse.com/ssl/b7artradio,MP3,128,Working,9,https://www.beton7artradio.gr/favicon.ico,"tags: jazz,oldies,pop",radio-browser,Europe/Athens,False,
GR,Black and White Radio Piraeus,,Athens,Medium Wave (MW band),927,Music,Rock / Alternative,Greek,None,No,https://cast4.my-control-panel.com/proxy/anastas2/stream,MP3,160,Working,127,https://www.radio984.gr/favicon.ico,Amateur station with Greek pop and rock music,wiki+radio-browser,Europe/Athens,False,
GR,"Blue Space 107,2 FM Athens",,Athens,Athens Greece,,Other,Other,"English,Greek",None,Unknown,https://sp1.19cloudsnetwork.gr/8008/stream?1701442520261,MP3,192,Working,251,https://bluespaceradio.com/wp-content/uploads/2022/03/LOGO.fw_.png,"tags: 80's,italo-disco",radio-browser,Europe/Athens,False,
GR,Blue Space Radio,,Athens,Attica,107.3,Music,Rock / Alternative,Greek,None,No,https://sp1.19cloudsnetwork.gr/8008/stream,MP3,192,Working,6,https://bluespaceradio.com/wp-content/uploads/2026/04/blue-Space.png,"Foreign pop and rock music (formerly on 107.2 – ex. Disco Radio, Blue Sky)",wiki+radio-browser,Europe/Athens,False,
GR,Blues Radio,,Athens,Internet-only,,Other,Other,Greek,None,Yes,http://cast3.radiohost.ovh:8352/,MP3,320,Working,13986,https://i0.wp.com/bluesradio.gr/wp-content/uploads/2021/06/cropped-24-7bug.png?fit=180%2c180&#038;ssl=1,Entertainment,wiki+radio-browser,Europe/Athens,False,
GR,Bobos Family,,Athens,Athens,,News & Talk,News & Talk + Music,Greek,None,Unknown,http://n05.radiojar.com/3h7ncy1y9vzuv?rj-ttl=5&rj-tok=AAABeKgazAUAdnYvDVxAK843MA,MP3,,Working,29,https://static.wixstatic.com/media/b8e749_5d09e2b8655244028af1d59e241d308b%7emv2.jpg/v1/fill/w_32%2ch_32%2clg_1%2cusm_0.66_1.00_0.01/b8e749_5d09e2b8655244028af1d59e241d308b%7emv2.jpg,"tags: children,family,music,talk",radio-browser,Europe/Athens,False,
GR,Bwin Sport FM,ΣΠΟΡ FM 94.6 (bwin),Athens,Attica,94.6,Sports,Sports,Greek,None,No,https://netradio.live24.gr/sportfm7712,,,Working,0,http://resources.live24.gr/resources/images/stations/214ecfdd-4c68-481d-aaa4-3e2b7a9799f7.png,Leading sports radio (sponsored name bwin ΣΠΟΡ FM),curated,Europe/Athens,False,
GR,"bwin ΣΠΟΡ FM 94,6",,Athens,Athens Greece,,Sports,Sports,Greek,None,Unknown,https://sportfm.live24.gr/sportfm7712,MP3,128,Working,2,,tags: sports,radio-browser,Europe/Athens,False,
GR,Cannibal Radio,,Athens,Medium Wave (MW band),846,Music,Greek music,Greek,None,No,https://cast4.my-control-panel.com/proxy/anastas2/stream,MP3,160,Working,127,https://www.radio984.gr/favicon.ico,Amateur station with Greek laïko music,wiki+radio-browser,Europe/Athens,False,
GR,ChilloutreePines,,Athens,Internet-only,,Other,Other,Greek,None,Yes,,,,No stream found,0,,Entertainment,wiki-only,Europe/Athens,False,
GR,Christianity FM,,Athens,Attica,104.3,Religious,Religious,Greek,None,No,http://eu1.fastcast4u.com:9326/stream,MP3,48,Working,162,,Religious radio by the Free Apostolic Church of Pentecost (formerly on 93.9 – ex. Space FM),wiki+radio-browser,Europe/Athens,False,
GR,Comfuzio 24,,Athens,Athens,,News & Talk,News & Talk,Greek,None,Unknown,https://i8.streams.ovh/sc/comfuzio/stream/,MP3,320,Working,50,http://resources.live24.gr/resources/images/stations/26386afb-af03-4f0a-91c4-eb5d33e08398.png,"tags: pop,rock,talk",radio-browser,Europe/Athens,False,
GR,Coni On Air,,Athens,Internet-only,,Music,Oldies / 80s-90s,Greek,None,Yes,https://audio-edge-5bkfj.fra.h.radiomast.io/01fc3a97-3029-4f16-aa3e-ef242b042ff5,MP3,192,Working,26,,Entertainment,wiki+radio-browser,Europe/Athens,False,
GR,Crystal,,Athens,Athens,,Music,Rock / Alternative,Greek,None,Unknown,https://n06.radiojar.com/htczr9epmchvv?rj-ttl=5&rj-tok=AAABhNhBqBYAE69MZAiHyDMI2Q,MP3,,Working,14,,"tags: disco,pop,rock",radio-browser,Europe/Athens,False,
GR,Derti 105.7,Δέρτι 98.6,Athens,the Peloponnese,105.7,Music,Greek laïkó,Greek,None,No,https://derti.live24.gr/derty1000,,,Working,0,,Greek laïkó,curated,Europe/Athens,False,
GR,Derti FM 107.7,Δέρτι 98.6,Athens,Crete,107.7,Music,Greek laïkó,Greek,None,No,https://derti.live24.gr/derty1000,,,Working,0,,Greek laïkó,curated,Europe/Athens,False,
GR,Diaxronikos FM,,Athens,Internet-only,,Other,Other,Greek,None,Yes,,,,No stream found,0,,Entertainment,wiki-only,Europe/Athens,False,
GR,Diesi FM,Δίεση 101.3,Athens,Attica,101.3,Music,Éntekhno / Greek pop,Greek,None,No,https://n05a-eu.rcs.revma.com/gkfwrhqxbfhvv,,,Working,0,https://diesi.gr/wp-content/uploads/2024/03/favicon-2.png,Greek music,curated,Europe/Athens,False,
GR,Digital FM,,Athens,Attica,106.5,Music,Greek music,Greek,None,No,,,,No stream found,0,,"Greek laïko music (ex. Minore 104.3, Orfeas FM, Digital 106.7, Omikron FM)",wiki-only,Europe/Athens,False,
GR,Dirla FM 91.4,Ντίρλα 91.4,Athens,Attica,91.4,Music,Greek laïkó,Greek,None,No,,,,No stream found,0,,"Greek music (formerly broadcast on 94.3, 93.8, 95.8, 96, 99.5, 96.1, 100, 104.8, 107.8)",curated,Europe/Athens,False,
GR,Disco Athens,,Athens,Internet-only,,Other,Other,Greek,None,Yes,https://stream-152.zeno.fm/8uhaz4x25bhvv?zs=96P8STqCRQKyBa82jb6QKQ,MP3,192,Working,87,http://resources.live24.gr/resources/images/stations/6c457cf0-ce85-43a9-9a5c-834b2ccbc4de.png,Entertainment,wiki+radio-browser,Europe/Athens,False,
GR,Disco Café,,Athens,Internet-only,,Music,Oldies / 80s-90s,Greek,None,Yes,https://azuracast.streams.ovh:8260/radio.mp3,MP3,320,Working,848,,Entertainment,wiki+radio-browser,Europe/Athens,False,
GR,Disco Net,,Athens,Internet-only,,Music,Oldies / 80s-90s,Greek,None,Yes,https://stream1.468.gr/8004/stream,MP3,192,Working,1884,http://resources.live24.gr/resources/images/stations/cde82ef1-c5e0-4b19-919a-cc2c3c2fc491.jpg,Entertainment,wiki+radio-browser,Europe/Athens,False,
GR,Discomania,,Athens,Athens,,Other,Other,Greek,None,Unknown,http://radio2.discomaniaradio.com:7000/live,MP3,128,Working,3,https://cdn.onlineradiobox.com/img/l/7/15387.v4.png,tags: disco,radio-browser,Europe/Athens,False,
GR,DJ Collector,,Athens,Medium Wave (MW band),1278,Music,Rock / Alternative,Greek,None,No,,,,No stream found,0,,Amateur station with Greek pop and rock music,wiki-only,Europe/Athens,False,
GR,"Dromos Radio 89,8",Δρόμος 89.8,Athens,Attica,89.8,Music,Greek & foreign pop,Greek,None,No,https://netradio.live24.gr/dromos2,,,Working,0,https://www.radio984.gr/favicon.ico,Contemporary Greek music,curated,Europe/Athens,False,
GR,Easy 80s,,Athens,Athens,,Music,Oldies / 80s-90s,Greek,None,Unknown,https://n32a-eu.rcs.revma.com/wvt5ty5r4a0uv?rj-ttl=5&rj-tok=AAABnRyLl80AVJHYnMSEDODixA,MP3,,Working,33,https://api.soundis.gr/resized/streams/2024/01/09/1easy-80s_4ad3b3a8e96832fac2880542307b45f5.jpg?w=120&h=120&c=1,"tags: 80s,adult pop",radio-browser,Europe/Athens,False,
GR,Easy 90s,,Athens,Athens,,Music,Oldies / 80s-90s,Greek,None,Unknown,https://n02a-eu.rcs.revma.com/qhx9z05r4a0uv?rj-ttl=5&rj-tok=AAABnSFRnI0Af8LBaTRQQYvwhw,MP3,,Working,7,https://api.soundis.gr/resized/streams/2024/01/09/2easy-90s_1ca0c12cacd5415f091e65ddce1df63a.jpg?w=120&h=120&c=1,"tags: 90s,adult pop",radio-browser,Europe/Athens,False,
GR,Easy 972,,Athens,Attica,97.2,Music,Rock / Alternative,Greek,None,No,https://stream.radiojar.com/cthtwxk5yvduv.mp3,MP3,0,Working,2457,,"Foreign music (ex. ΑΝΤ1 Radio – formerly broadcast on 97.1, 102.9)",wiki+radio-browser,Europe/Athens,False,
GR,Easy Chill,,Athens,Athens,,Other,Other,Greek,None,Unknown,https://n23a-eu.rcs.revma.com/qzzyq25r4a0uv?rj-ttl=5&rj-tok=AAABnSFlqbcAYnB2Hy7gBDYntg,MP3,,Working,8,https://api.soundis.gr/resized/streams/2024/01/09/4easy-chill_a2bc639a880f6723980b9d5090b6ae60.jpg?w=120&h=120&c=1,tags: chillout,radio-browser,Europe/Athens,False,
GR,Easy FM 972,Easy 97.2,Athens,Greece,,Music,Foreign pop,Greek,None,No,https://stream.radiojar.com/cthtwxk5yvduv.mp3,MP3,0,Working,2457,,curated: ,curated+radio-browser,Europe/Athens,False,
GR,Easy Love,,Athens,Athens,,Other,Other,Greek,None,Unknown,https://n38a-eu.rcs.revma.com/bptnk55r4a0uv?rj-ttl=5&rj-tok=AAABnSFc6w8A1ss5-tQkut_jyA,MP3,,Working,15,https://api.soundis.gr/resized/streams/2024/01/09/3easy-love_1d87b4c2e649ccae5c8a5c483c217dcf.jpg?w=120&h=120&c=1,"tags: ballads,love songs",radio-browser,Europe/Athens,False,
GR,Ecclesia tis Ellados,Εκκλησία της Ελλάδος 89.5,Athens,Attica,89.5,Religious,Orthodox religious,Greek,None,No,,,,No stream found,0,,Radio of the Church of Greece; national,curated,Europe/Athens,False,
GR,Ekfrasi Web,,Athens,Internet-only,,Music,Pop,Greek,None,Yes,https://neos.win:59340/stream,MP3,128,Working,20,https://radioekfrasi.gr/favicon.ico,Entertainment,wiki+radio-browser,Europe/Athens,False,
GR,Electric Radio,,Athens,Medium Wave (MW band),774,Music,Greek music,Greek,None,No,https://cast4.my-control-panel.com/proxy/anastas2/stream,MP3,160,Working,127,https://www.radio984.gr/favicon.ico,Amateur station with Greek laïko music,wiki+radio-browser,Europe/Athens,False,
GR,Electric Rock,,Athens,Medium Wave (MW band),540,Music,Rock / Alternative,Greek,None,No,https://s9.yesstreaming.net:2199/proxy/anyhowmo/stream,MP3,128,Down,23,https://resources.live24.gr/resources/images/stations/cbdce89d-dc5d-45cd-9b97-6ef014c134e2.png,Amateur station with foreign pop and rock music,wiki+radio-browser,Europe/Athens,False,
GR,Ellinadiko 102,,Athens,Internet-only,,Other,Other,Greek,None,Yes,https://radio.streamings.gr/proxy/radioellinadiko?mp=/stream,MP3,128,Working,0,,Entertainment,wiki+radio-browser,Europe/Athens,False,
GR,Ellinikos FM,Ελληνικός 93.2,Athens,Attica,93.2,Music,Éntekhno,Greek,None,No,http://orange.live24.gr/orange9320,MP3,128,Working,150,,"Greek éntekhno music (ex. Orange FM, Happy, Orange FM, Athens Business Radio – formerly on 99.2)",curated+radio-browser,Europe/Athens,False,
GR,Emerson Athens,,Athens,Athens,,Music,Pop,Greek,None,Unknown,https://azuracast.streams.ovh/listen/radioemerson/radio.mp3?refresh=1672345562511,AAC,128,Working,55,,tags: pop,radio-browser,Europe/Athens,False,
GR,eMusic Site,,Athens,"Attica, Athens",,Music,Rock / Alternative,"English,Greek",None,Unknown,https://solid67.streamupsolutions.com/proxy/wvsivbgn/stream,MP3,320,Working,2,https://www.emusic.site/favicon.png,tags: alternative,radio-browser,Europe/Athens,False,
GR,"En Lefko 87,7",Εν Λευκώ 87.7,Athens,Attica,87.7,Music,Electronic / Alternative,Greek,None,No,https://stream.radiojar.com/enlefko877,,,Working,0,,"Electronic, alternative, chill",curated,Europe/Athens,False,
GR,Epikoinonia FM,Επικοινωνία 94.0,Athens,Attica,94.0,Municipal,"News, Talk & Greek music",Greek,Municipal,No,,,,No stream found,0,,Municipal radio of Neo Irakleio,curated,Europe/Athens,False,
GR,ERA Sport,ΕΡΑ Σπορ,Athens,National,101.8,Sports,Sports,Greek,State,No,https://radiostreaming.ert.gr/ert-erasport,,,Working,0,,National public sports radio,curated,Europe/Athens,False,
GR,ERT 80s,,Athens,Athens,,Music,Oldies / 80s-90s,Greek,None,Unknown,https://radiostreaming.ert.gr/radio-80s,MP3,256,Working,61,https://external-content.duckduckgo.com/iu/?u=https%3A%2F%2Ftse4.mm.bing.net%2Fth%2Fid%2FOIP.rrm1XQUxeshiuF6d2Z3F2AHaEO%3Fpid%3DApi&f=1&ipt=1dac3bd82c3d646c8d3d7ca5e0ff31a543507c9b25e38ad937d6d328818746b5&ipo=images,"tags: 80s,adult pop",radio-browser,Europe/Athens,False,
GR,ERT 90s,,Athens,Athens,,Music,Oldies / 80s-90s,Greek,None,Unknown,https://radiostreaming.ert.gr/radio-90s,MP3,256,Working,31,https://external-content.duckduckgo.com/iu/?u=https%3A%2F%2Ftse2.mm.bing.net%2Fth%2Fid%2FOIP.pc4DdyGGCjI31lWrRLilzgHaEL%3Fpid%3DApi&f=1&ipt=fee26e9dd69da322b49ea934288bc3245d9ac3f8da1bc2c0f5946f3507daa273&ipo=images,"tags: 90s,adult pop",radio-browser,Europe/Athens,False,
GR,ERT News Radio (First Programme),Πρώτο Πρόγραμμα (ΕΡΤ Ειδήσεις),Athens,National,91.6,Public,News & Talk,Greek,State,No,https://radiostreaming.ert.gr/ert-proto,,,Working,0,,National public radio; news & current affairs (relays nationwide),curated,Europe/Athens,False,
GR,ERT Now Hits,,Athens,Athens,,Music,Pop / Hits,Greek,None,Unknown,https://radiostreaming.ert.gr/hits-radio,MP3,256,Working,100,https://press.ert.gr/wp-content/uploads/2025/12/ertecho_nowhitsradio22122025web-1.jpg,"tags: mainstream,pop",radio-browser,Europe/Athens,False,
GR,ERT Open,,Athens,Internet-only,,News & Talk,News & Talk,Greek,None,Yes,https://netradio.live24.gr/erasport,MP3,128,Working,39,https://www.ertopen.com/templates/ertopen/favicon.ico,News and talk,wiki+radio-browser,Europe/Athens,False,
GR,ERT Trito Maestro,,Athens,Athens,,Music,Classical,Greek,None,Unknown,https://radiostreaming.ert.gr/ert-trito-maestro,MP3,256,Working,143,,tags: classical music,radio-browser,Europe/Athens,False,
GR,ERT Vintage,,Athens,Athens,,Music,Oldies / 80s-90s,Greek,None,Unknown,https://radiostreaming.ert.gr/vintage-radio,MP3,256,Working,19,https://external-content.duckduckgo.com/iu/?u=https%3A%2F%2Ftse3.mm.bing.net%2Fth%2Fid%2FOIP.2toKUHWF8TzK3rl7wE4o5QHaEL%3Fpid%3DApi&f=1&ipt=1b9d741d45104151b8a5d1b9dd06a8a75b61dd73a970920d388168aac454894e&ipo=images,tags: oldies,radio-browser,Europe/Athens,False,
GR,Fancy Web Radio,,Athens,Internet-only,,Other,Other,Greek,None,Yes,https://cast4.my-control-panel.com/proxy/anastas2/stream,MP3,160,Working,127,https://www.radio984.gr/favicon.ico,Entertainment,wiki+radio-browser,Europe/Athens,False,
GR,Fantastic Radio,,Athens,Medium Wave (MW band),1017,Music,Rock / Alternative,Greek,None,No,https://cast4.my-control-panel.com/proxy/anastas2/stream,MP3,160,Working,127,https://www.radio984.gr/favicon.ico,Amateur station with foreign pop and rock music,wiki+radio-browser,Europe/Athens,False,
GR,"Focus 103,6",,Athens,Attica,100.1,News & Talk,News & Talk,Greek,None,No,https://ice.greekstream.net/focusfm,MP3,128,Working,693,https://focusfm.gr/images/apple-touch-icon.png,News and talk; Low power transmitter from Piraeus (ex. Studio 3 – formerly broadcast on 101.1),wiki+radio-browser,Europe/Athens,False,
GR,Free FM 98.1,,Athens,Attica,98.1,Music,Mixed music,Greek,None,No,,,,No stream found,0,,Foreign music (ex. Liquid Radio – formerly broadcast on 103.4),wiki-only,Europe/Athens,False,
GR,Galaxy 92,,Athens,Attica,92.0,Music,Rock / Alternative,Greek,None,No,http://netradio.live24.gr/galaxy9292,MP3,128,Working,4817,,"Alternative rock and easy listening (formerly broadcast on 92.1, 91.9, 91.8)",wiki+radio-browser,Europe/Athens,False,
GR,Galaxy 92 FM,Galaxy 92,Athens,Greece,,Music,Alternative rock / Easy listening,Greek,None,No,http://galaxy.live24.gr/galaxy9292,MP3,128,Working,193,http://resources.live24.gr/resources/images/stations/e0031951-d236-4811-8bf5-d09f0235e9b0.jpg,curated: ,curated+radio-browser,Europe/Athens,False,
GR,Garavelas' GRadio,,Athens,Internet-only,,Other,Other,Greek,None,Yes,https://cast4.my-control-panel.com/proxy/anastas2/stream,MP3,160,Working,127,https://www.radio984.gr/favicon.ico,Entertainment,wiki+radio-browser,Europe/Athens,False,
GR,Genesis FM,,Athens,Athens,,Music,Greek pop,Greek,None,Unknown,https://greeksonic.alphaserver.gr/8018/stream,MP3,320,Working,8,https://resources.live24.gr/resources/images/stations/b53bf2da-534e-4302-8bbd-306b2b698e5a.jpg,"tags: greek pop,mainstream",radio-browser,Europe/Athens,False,
GR,Genesis Web Radio,,Athens,Internet-only,,Other,Other,Greek,None,Yes,https://cast4.my-control-panel.com/proxy/anastas2/stream,MP3,160,Working,127,https://www.radio984.gr/favicon.ico,Entertainment,wiki+radio-browser,Europe/Athens,False,
GR,George Frank,,Athens,Medium Wave (MW band),1080,Music,Rock / Alternative,Greek,None,No,,,,No stream found,0,,Amateur station with Greek pop and rock music,wiki-only,Europe/Athens,False,
GR,Gold,,Athens,Athens,,Music,Rock / Alternative,Greek,None,Unknown,https://radiogold.live24.gr/radiogold,MP3,192,Working,12,https://resources.live24.gr/resources/images/stations/80f185d1-d7a3-4637-8bb6-a22406431719.bmp,tags: classic rock,radio-browser,Europe/Athens,False,
GR,Gold 2,,Athens,Athens,,Music,Oldies / 80s-90s,Greek,None,Unknown,https://radiogold.live24.gr/radiogoldies,MP3,128,Working,6,https://resources.live24.gr/resources/images/stations/4aef6f64-cca6-40a9-9639-cc253a100f40.png,"tags: 60s,evergreens,golden oldies",radio-browser,Europe/Athens,False,
GR,Graceland,,Athens,Athens,,Music,Rock / Alternative,Greek,None,Unknown,http://s1.nexuscast.com:8133/;,MP3,320,Working,166,http://resources.live24.gr/resources/images/stations/6abca2c7-aa67-442b-855b-e347ca52ac7a.png,"tags: oldies,rock",radio-browser,Europe/Athens,False,
GR,Greek Traditional,,Athens,Internet-only,,Other,Other,Greek,None,Yes,,,,No stream found,0,,Entertainment,wiki-only,Europe/Athens,False,
GR,Happy Radio 104,Happy Radio 104.0,Athens,Attica,104.0,Music,Pop / Hits,Greek,None,No,http://ath10400fm-radioplayer.live24.gr/ath10400fm,,,Working,0,http://resources.live24.gr/resources/images/stations/aeb10c36-ed7d-4645-a308-bd213a7ed860.jpg,"Foreign pop and rock music (ex. Party FM, Parea FM, Balkan 2000 News, Fly FM)",curated,Europe/Athens,False,
GR,Hawaii Radio,,Athens,Medium Wave (MW band),1251,Music,Rock / Alternative,Greek,None,No,https://cast4.my-control-panel.com/proxy/anastas2/stream,MP3,160,Working,127,https://www.radio984.gr/favicon.ico,Amateur station with foreign pop and rock music,wiki+radio-browser,Europe/Athens,False,
GR,Hero,,Athens,Attica,,Other,Other,English,None,Unknown,https://stream.radiomustathens.com/must-hero,MP3,192,Working,15,https://assets.radiomustathens.com/images/pwa/icons/icon-192x192-apple-touch.png,tags: adult contemporary,radio-browser,Europe/Athens,False,
GR,HiT 88.9,,Athens,Athens,,Music,Pop / Hits,Greek,None,Unknown,https://n10a-eu.rcs.revma.com/e4661aft4c3vv?rj-ttl=5&rj-tok=AAABnRbVaDAA1aczyKJ3F05MOw,AAC,,Working,62,https://resources.live24.gr/resources/images/stations/0ee12f2d-3bbc-4d01-befc-b8edc3c229b6.jpg,"tags: mainstream,pop",radio-browser,Europe/Athens,False,
GR,"HiT Radio 88,9",HiT 88.9,Athens,Attica,88.9,Music,Foreign pop / rock,Greek,None,No,http://solid2.streamupsolutions.com:24952/stream,MP3,128,Working,48,,"Foreign pop and rock music (ex. Freedom Radio, Play FM, Freedom Radio, Angel FM, Jeronimo Groovy)",curated+radio-browser,Europe/Athens,False,
GR,Hot FM 104.6,,Athens,Internet-only,,Other,Other,Greek,None,Yes,,,,No stream found,0,,Entertainment,wiki-only,Europe/Athens,False,
GR,Hot Lips,,Athens,Athens,,Music,Oldies / 80s-90s,Greek,None,Unknown,http://netradio.live24.gr/radiohotlips,MP3,128,Working,32,https://www.facebook.com/favicon.ico,"tags: oldies,slow",radio-browser,Europe/Athens,False,
GR,Hxorama FM,,Athens,Attica,108.0,Music,Greek pop,Greek,None,No,https://netradio.live24.gr/orama1017,MP3,96,Working,1,https://resources.live24.gr/resources/images/stations/7f6faefa-6756-4b35-859b-d068242dff3f.png,"Greek pop music (ex. Club FM, Hxorama, Dias, Fresh, Fuego, Diva, Radio 108 FM, Superstar FM)",wiki+radio-browser,Europe/Athens,False,
GR,iFeel Radio,,Athens,Internet-only,,Other,Other,Greek,None,Yes,https://cast4.my-control-panel.com/proxy/anastas2/stream,MP3,160,Working,127,https://www.radio984.gr/favicon.ico,Entertainment,wiki+radio-browser,Europe/Athens,False,
GR,Ilias LMG,,Athens,Medium Wave (MW band),1359,Music,Rock / Alternative,Greek,None,No,,,,No stream found,0,,Amateur station with Greek pop and rock music,wiki-only,Europe/Athens,False,
GR,IMAIK Radio,,Athens,Attica,106.0,Religious,Religious,Greek,None,No,https://cast4.my-control-panel.com/proxy/anastas2/stream,MP3,160,Working,127,https://www.radio984.gr/favicon.ico,"Orthodox religious radio by Iera Moni Agiou Prodromou Karea, opening for a few hours every morning and afternoon",wiki+radio-browser,Europe/Athens,False,
GR,Innersound,,Athens,Internet-only,,Other,Other,Greek,None,Yes,https://rso917greece.radioca.st/;,MP3,128,Working,9,https://resources.live24.gr/resources/images/stations/33705328-6c67-48e2-ba75-a385a317c175.png,Entertainment,wiki+radio-browser,Europe/Athens,False,
GR,Interwetten Sports,Interwetten Sports 94.3,Athens,Attica,94.3,Sports,Sports,Greek,None,No,http://n0b.radiojar.com/yb7bcbkfewzuv?rj-ttl=5&rj-tok=AAABhE8OfscAWLZ-gC5hhZqxPA,MP3,0,Working,25,http://resources.live24.gr/resources/images/stations/214ecfdd-4c68-481d-aaa4-3e2b7a9799f7.png,Sports/talk; self-managed radio,curated+radio-browser,Europe/Athens,False,
GR,Jazz Breeze,,Athens,Athens,,Music,Jazz / Soul,Greek,None,Unknown,https://n03.radiojar.com/8tqwqkrhk48uv?rj-ttl=5&rj-tok=AAABhWUzD2oAZxpriF75OruLjw,MP3,,Working,53,"https://static.wixstatic.com/media/aa66d3_2eaf08223c9b4dc59681d0e05963ffb3~mv2.png/v1/fill/w_518,h_509,al_c,q_85,usm_0.66_1.00_0.01,enc_auto/logo2_edited.png",tags: jazz,radio-browser,Europe/Athens,False,
GR,Jazz Café In,,Athens,Internet-only,,Other,Other,Greek,None,Yes,http://s6.onweb.gr:8046/;,MP3,96,Working,14,,Entertainment,wiki+radio-browser,Europe/Athens,False,
GR,Kalavryta Radio,,Athens,Internet-only,,Other,Other,Greek,None,Yes,https://cast4.my-control-panel.com/proxy/anastas2/stream,MP3,160,Working,127,https://www.radio984.gr/favicon.ico,Entertainment,wiki+radio-browser,Europe/Athens,False,
GR,Kallitexnoupolis,,Athens,Attica,104.9,News & Talk,News & Talk + Music,Greek,None,No,http://eco.onestreaming.com:8334/;,MP3,128,Working,71,,"Greek music (ex. Galaxias, Erwtikos, Vips, Top, Eleytheros, Super, Bluestar – formerly on 96, 103.1, 93.8)",wiki+radio-browser,Europe/Athens,False,
GR,Kasseta,,Athens,Athens,,Music,Greek pop,Greek,None,Unknown,https://politismedia-sec.live24.gr/streameekasetta,AAC,160,Working,15,https://resources.live24.gr/resources/images/stations/c28fea15-107a-4c60-a9c9-6fd0657cd9ca.png,"tags: 00s,80s,90s,greek pop",radio-browser,Europe/Athens,False,
GR,Kidsradio.com,Kids Radio 88.6,Athens,Attica,88.6,Music,Children,Greek,None,No,https://stream.rcs.revma.com/ah71wyctekcwv,,,Working,0,https://www.radio984.gr/favicon.ico,"Children's music (ex. Legend, News 247 Radio, Panda, UP, Follow, NRJ, Fresh, John Greek, Polis, Ellada)",curated,Europe/Athens,False,
GR,Kiss FM,Kiss FM 92.9,Athens,Attica,92.9,Music,Foreign pop / rock,Greek,None,No,https://netradio.live24.gr/kissfmathens,,,Working,0,,Foreign pop and rock music (formerly broadcast on 90.9 – ex. Nobel Radio),curated,Europe/Athens,False,
GR,KISSmas,,Athens,Athens,,Other,Other,Greek,None,Unknown,https://netradio.live24.gr/kiss-web-xmas,AAC,192,Working,10,https://www.kiss929.gr/sites/default/files/kiss.ico,tags: ,radio-browser,Europe/Athens,False,
GR,Klasiko Radiofono FBI,,Athens,Medium Wave (MW band),972,Music,Traditional / Folk,Greek,None,No,https://cast4.my-control-panel.com/proxy/anastas2/stream,MP3,160,Working,127,https://www.radio984.gr/favicon.ico,Greek traditional and laïko (also broadcasts on FM as Galaxias 9.18),wiki+radio-browser,Europe/Athens,False,
GR,Klik Web,,Athens,Athens,,Music,Greek pop,Greek,None,Unknown,https://stream-42.zeno.fm/2aqtgms0afhvv?zs=UOLf5MKSTC6PEvnvCC8nHg&acu-uid=727435602967&triton-uid=cookie%3A83ca5b14-582e-4c12-a5ab-255cdb39e2cb,MP3,128,Working,3,https://zeno.fm/favicon.ico,tags: greek pop,radio-browser,Europe/Athens,False,
GR,Kosmos 93.6,Kosmos 93.6,Athens,National,93.6,Public,World music,Greek,State,No,https://radiostreaming.ert.gr/ert-kosmos,,,Working,0,,National public radio; world music,curated,Europe/Athens,False,
GR,Kostas Laser,,Athens,Medium Wave (MW band),819,Music,Greek music,Greek,None,No,,,,No stream found,0,,Amateur station with Greek laïko music,wiki-only,Europe/Athens,False,
GR,"Kriti FM 87,5",Κρήτη FM 87.5,Athens,Attica,87.5,Music,Cretan music,Greek,None,No,http://s3.onweb.gr:8878/stream,MP3,320,Working,663,,Cretan music station broadcasting in Athens,curated+radio-browser,Europe/Athens,False,
GR,La Famiglia,,Athens,Athens,,Music,Greek pop,Greek,None,Unknown,https://cast.magicstreams.gr:9010/stream?type=http&nocache=1/;,MP3,320,Working,4,,"tags: greek pop,mainstream",radio-browser,Europe/Athens,False,
GR,Laika Dromena,,Athens,Medium Wave (MW band),1521,Music,Greek music,Greek,None,No,https://rdst.win:48000/stream?type=.mp3,MP3,128,Working,21,https://enaradio.gr/wp-content/uploads/2017/07/cropped-big_png-2-192x192.png,Amateur station with Greek laïko music,wiki+radio-browser,Europe/Athens,False,
GR,Laikos 91.8,,Athens,Attica,91.8,Music,Greek music,Greek,None,No,http://sp2.streams.ovh:8106/;stream,MP3,128,Working,2,https://www.laikosradio.gr/laikosfm_logo.gif,"Greek music for a few minutes every morning (formerly broadcast on 107.4, 106, 106.8, 91.4, 90.6)",wiki+radio-browser,Europe/Athens,False,
GR,Lakka Souli,,Athens,Internet-only,,Other,Other,Greek,None,Yes,,,,No stream found,0,,Entertainment,wiki-only,Europe/Athens,False,
GR,Lampros Hlios,,Athens,Athens,,Music,Traditional / Folk,Greek,None,Unknown,https://webinternetradio.eu:37068/,MP3,256,Working,15,https://encrypted-tbn0.gstatic.com/images?q=tbn:ANd9GcRxy_Ck2SSgJOvibO78ZfIchPPaRTqNNTyGGNx4Q8zEGwmUNMr3Dq3v9DTQbSEhB3ohdFM&usqp=CAU,tags: greek folk,radio-browser,Europe/Athens,False,
GR,Lampsi,Λάμψη 92.3,Athens,Attica,92.3,Music,Greek pop / rock,Greek,None,No,https://az11.yesstreaming.net:8140/radio.mp3,,,Working,0,https://cdn.e-radio.gr/logos/gr/big/lampsifm.png,Greek hits,curated,Europe/Athens,False,
GR,Lanos Web,,Athens,Internet-only,,Other,Other,Greek,None,Yes,,,,No stream found,0,,Entertainment,wiki-only,Europe/Athens,False,
GR,Liquid Radio,,Athens,Internet-only,,Other,Other,Greek,None,Yes,https://cast4.my-control-panel.com/proxy/anastas2/stream,MP3,160,Working,127,https://www.radio984.gr/favicon.ico,Entertainment,wiki+radio-browser,Europe/Athens,False,
GR,Live Music Radio,,Athens,Medium Wave (MW band),1089,Music,Rock / Alternative,Greek,None,No,https://cast4.my-control-panel.com/proxy/anastas2/stream,MP3,160,Working,127,https://www.radio984.gr/favicon.ico,Amateur station with Greek pop and rock music,wiki+radio-browser,Europe/Athens,False,
GR,Love 975,,Athens,Attica,97.5,Music,Greek music,Greek,None,No,http://solid1.streamupsolutions.com:24929/stream,MP3,192,Working,57,https://loveradio882.gr/wp-content/uploads/2019/10/Love882_logo2.png,Greek and foreign music (formerly broadcast on 99),wiki+radio-browser,Europe/Athens,False,
GR,Machi 99.8,,Athens,Attica,99.8,News & Talk,News & Talk,Greek,None,No,,,,No stream found,0,,Greek Solution political party supporter news and talk radio station; rebroadcasting with _Focus FM 103.6_,wiki-only,Europe/Athens,False,
GR,"Mad Radio 106,2",MAD Radio 106.2,Athens,Attica,106.2,Music,Pop / Dance,Greek,None,No,http://mediaserver.mad.tv/stream,,,Working,0,https://mad.gr/wp-content/uploads/2020/06/cropped-mad-browser-icon-180x180.png,Pop & dance (MAD TV group),curated,Europe/Athens,False,
GR,Makelarides,,Athens,Internet-only,,News & Talk,News & Talk,Greek,None,Yes,,,,No stream found,0,,News and talk,wiki-only,Europe/Athens,False,
GR,Makrineia Radio 1566,,Athens,Medium Wave (MW band),1566,Music,Greek music,Greek,None,No,http://s3.onweb.gr:8814/;,MP3,256,Working,101,http://resources.live24.gr/resources/images/stations/aeb10c36-ed7d-4645-a308-bd213a7ed860.jpg,Amateur station with Greek laïko music,wiki+radio-browser,Europe/Athens,False,
GR,Mancode Web,,Athens,Internet-only,,Music,Pop,Greek,None,Yes,http://comet.shoutca.st:8366/;,MP3,192,Working,417,http://resources.live24.gr/resources/images/stations/ea751b27-d3ae-46eb-9758-5d0a17b987d3.png,Entertainment,wiki+radio-browser,Europe/Athens,False,
GR,Mega News,MEGA NEWS 104.6,Athens,Attica,104.6,News & Talk,News & Talk,Greek,Center-Right,No,https://nmcdn-ea00263bf2fa4959b1207c5b169d1517.msvdn.net/icecastRelay/S92303783/lih0S0uubyJi/icecast,,,Working,0,https://resources.live24.gr/resources/images/stations/7b1d302b-9d98-493d-a82b-3ccb3983ce0a.png,Alter Ego Media (Mega TV) news radio; launched 31 Aug 2026 on the former My Radio 104.6 frequency,curated,Europe/Athens,False,
GR,Melodia FM,Μελωδία 99.2,Athens,Attica,99.2,Music,Éntekhno / Greek pop,Greek,None,No,https://stream.radiojar.com/melodia992,,,Working,0,,Greek éntekhno / singer-songwriter,curated,Europe/Athens,False,
GR,Memories,,Athens,Internet-only,,Music,Oldies / 80s-90s,Greek,None,Yes,https://stream1.468.gr/8108/stream,MP3,320,Working,80,http://resources.live24.gr/resources/images/stations/2a470594-bbfa-4064-b503-620ee4d57ae0.png,Entertainment,wiki+radio-browser,Europe/Athens,False,
GR,Menta 88 FM,Μέντα 88,Athens,Attica,88.0,Music,Éntekhno,Greek,None,No,https://netradio.live24.gr/menta88ath,,,Working,0,,Greek music,curated,Europe/Athens,False,
GR,METAL ZONE,,Athens,Athens,,Music,Rock / Alternative,Greek,None,Unknown,https://neos.win:48282/stream,MP3,128,Working,230,https://encrypted-tbn0.gstatic.com/images?q=tbn:ANd9GcS68I_D2ZIAam8GPJ6BQoiPg26ApOJeMkcHfQ&usqp=CAU,"tags: death metal,heavy metal,metal,metalcore,music",radio-browser,Europe/Athens,False,
GR,Mikrasiatis Network,,Athens,Internet-only,,Other,Other,Greek,None,Yes,,,,No stream found,0,,Entertainment,wiki-only,Europe/Athens,False,
GR,Minore Web Radio,,Athens,Internet-only,,Other,Other,Greek,None,Yes,https://cast4.my-control-panel.com/proxy/anastas2/stream,MP3,160,Working,127,https://www.radio984.gr/favicon.ico,Entertainment,wiki+radio-browser,Europe/Athens,False,
GR,Mondo Bongo,,Athens,Internet-only,,Other,Other,Greek,None,Yes,https://cast.mndbng.com/listen/mondobongo/radio.mp3,MP3,320,Working,12,https://encrypted-tbn0.gstatic.com/images?q=tbn:ANd9GcSzLk8rbRpsh8wM4UNRqW5TN_gy6WKx-weWDbuU50tyHk4v_pMYy_YfwtI&s=10,Entertainment,wiki+radio-browser,Europe/Athens,False,
GR,Mousikos 98.6,,Athens,Internet-only,,Music,Greek music,Greek,None,Yes,http://netradio.live24.gr/derty1000,AAC+,160,Working,925,,Entertainment,wiki+radio-browser,Europe/Athens,False,
GR,Mousikos Episkeptis A 300 Galatsi,,Athens,Medium Wave (MW band),936,Music,Rock / Alternative,Greek,None,No,http://netradio.live24.gr/derty1000,AAC+,160,Working,925,,Amateur station with Greek pop and rock music,wiki+radio-browser,Europe/Athens,False,
GR,Music 88.9 GR,,Athens,Attiki,,Other,Other,Greek,None,Unknown,https://netradio.live24.gr/music892,MP3,128,Working,4,,tags: ,radio-browser,Europe/Athens,False,
GR,MUSIC 892,,Athens,Athens,,Other,Other,Greek,None,Unknown,https://netradio.live24.gr/music892,MP3,128,Working,24,https://www.music892.gr/assets/icons/MUSIC_LOGO.png,tags: ,radio-browser,Europe/Athens,False,
GR,Music Factory,,Athens,Internet-only,,Music,Pop,Greek,None,Yes,https://netradio.live24.gr/music892,MP3,128,Working,409,https://www.music892.gr/assets/icons/MUSIC_LOGO.png,Entertainment,wiki+radio-browser,Europe/Athens,False,
GR,Music Galaxy,,Athens,Internet-only,,Music,Rock / Alternative,Greek,None,Yes,http://galaxy.live24.gr/galaxy9292,MP3,128,Working,193,http://resources.live24.gr/resources/images/stations/e0031951-d236-4811-8bf5-d09f0235e9b0.jpg,Entertainment,wiki+radio-browser,Europe/Athens,False,
GR,"Music Radio 89,2",Music 89.2,Athens,Attica,89.2,Music,Foreign pop,Greek,None,No,https://cast4.my-control-panel.com/proxy/anastas2/stream,MP3,160,Working,127,https://www.radio984.gr/favicon.ico,"Foreign music (ex. Arrena, Kefi, Sportime, Champions, Metropolis, Alpha Sports – formerly on 107.4)",curated+radio-browser,Europe/Athens,False,
GR,Music Society,,Athens,Athens Greece,,Other,Other,Greek,None,Unknown,https://radio.streamings.gr/proxy/musicsociety?mp=/stream,MP3,128,Working,1,https://www.musicsociety.gr/wp-content/uploads/2023/03/cropped-04.-logo-main-new.png,tags: ,radio-browser,Europe/Athens,False,
GR,Must Hero GR,,Athens,Athens,,Music,Pop,Greek,None,Unknown,https://stream.radiomustathens.com/must-hero?app=true&refer=,MP3,192,Working,19,https://app.radiomustathens.com/assets/artwork_must_hero.png,tags: adult pop,radio-browser,Europe/Athens,False,
GR,Must Radio,,Athens,Internet-only,,Other,Other,Greek,None,Yes,https://cast4.my-control-panel.com/proxy/anastas2/stream,MP3,160,Working,127,https://www.radio984.gr/favicon.ico,Entertainment,wiki+radio-browser,Europe/Athens,False,
GR,Must-X GR,,Athens,Athens,,Music,Electronic / Dance,Greek,None,Unknown,https://stream.radiomustathens.com/must-x?app=true&refer=,MP3,192,Working,16,https://app.radiomustathens.com/assets/artwork_must_x.png,tags: club dance electronic house trance,radio-browser,Europe/Athens,False,
GR,New Age Radio,,Athens,Internet-only,,Other,Other,Greek,None,Yes,https://cast4.my-control-panel.com/proxy/anastas2/stream,MP3,160,Working,127,https://www.radio984.gr/favicon.ico,Entertainment,wiki+radio-browser,Europe/Athens,False,
GR,Next Generation,,Athens,Internet-only,,Other,Other,Greek,None,Yes,,,,No stream found,0,,Entertainment,wiki-only,Europe/Athens,False,
GR,Nick Aquarius Galatsi,,Athens,Medium Wave (MW band),1098,Music,Rock / Alternative,Greek,None,No,http://s1.onweb.gr:8008/stream?type=http&nocache=45171,MP3,160,Down,51,https://aquariusfm.gr/wp-content/uploads/2020/05/cropped-logo1-180x180.png,Amateur station with Greek pop and rock music,wiki+radio-browser,Europe/Athens,False,
GR,Nikolas from Elata,,Athens,Medium Wave (MW band),1188,Music,Rock / Alternative,Greek,None,No,,,,No stream found,0,,Amateur station with Greek pop and rock music,wiki-only,Europe/Athens,False,
GR,Nitro 1025 Athens,,Athens,Internet-only,,Music,Electronic / Dance,Greek,None,Yes,https://politismedia-sec.live24.gr/streameepride,AAC+,128,Working,17,https://nitro986.gr/wp-content/uploads/2025/11/cropped-896-logo-1.png,Entertainment,wiki+radio-browser,Europe/Athens,False,
GR,Nitro 98.6,Nitro 102.5,Athens,Greece,,Music,Electronic / Dance,Greek,None,No,https://politismedia-sec.live24.gr/streameenitro,,,Working,0,https://nitro986.gr/wp-content/uploads/2025/11/cropped-896-logo-1.png,Dance & mainstream,curated+radio-browser,Europe/Athens,False,
GR,Nitro Non Stop,,Athens,Athens,,Music,Jazz / Soul,Greek,None,Unknown,https://politisradios.live24.gr/streameenitro,AAC+,160,Working,4,https://streamee.com/wp-content/uploads/2026/07/nitro-non-stop_900X900-4.jpg,"tags: alternative rock,electronica,pop,soul",radio-browser,Europe/Athens,False,
GR,Nitro Radio,Nitro 102.5,Athens,Attica,98.6,Music,Electronic / Dance,Greek,None,No,https://politismedia-sec.live24.gr/streameenitro,,,Working,0,,Dance & mainstream,curated,Europe/Athens,False,
GR,Nostos,Nostos 100.6,Athens,Attica,100.6,Music,Alternative / Indie rock,Greek,None,No,https://neos.win:37878/stream,,,Working,0,,Athens indie/alternative station with DJ shows,curated,Europe/Athens,False,
GR,Notes 96,,Athens,Athens Greece,,Other,Other,Greek,None,Unknown,https://s1.parapolitikaradio.gr:8010/notes96,MP3,128,Working,1,https://notes96.gr/favicon/favicon.svg,tags: ,radio-browser,Europe/Athens,False,
GR,Notes Radio 96,,Athens,Attica,96.0,Music,Greek music,Greek,None,No,https://cast4.my-control-panel.com/proxy/anastas2/stream,MP3,160,Working,127,https://www.radio984.gr/favicon.ico,"Greek music (ex. Style, Over FM, Style – formerly broadcast on 104.9, 104.8, 105, 105.5 – ex. Radio Greece 97.9)",wiki+radio-browser,Europe/Athens,False,
GR,NV - Envy Radio,,Athens,Internet-only,,Other,Other,Greek,None,Yes,https://cast4.my-control-panel.com/proxy/anastas2/stream,MP3,160,Working,127,https://www.radio984.gr/favicon.ico,Entertainment,wiki+radio-browser,Europe/Athens,False,
GR,Ogdoo,,Athens,Athens,,Music,Greek music,Greek,None,Unknown,http://n08.radiojar.com/u8c2yr3sp42vv?rj-ttl=5&rj-tok=AAABjO_P3SMAHC4ebCLTYoquwA,AAC,,Working,15,https://resources.live24.gr/resources/images/stations/d26b2b5d-e552-40c4-91ca-6244e692ad21.png,tags: greek music,radio-browser,Europe/Athens,False,
GR,Omega FM,,Athens,Attica,103.1,Music,Greek music,Greek,None,No,,,,No stream found,0,,"Greek music from Thriasio Pedio (formerly on 103.5, 93.4, 100 – ex. Radiofonia Thriassiou Pediou, Aisxylos)",wiki-only,Europe/Athens,False,
GR,Omega Web,,Athens,Internet-only,,Other,Other,Greek,None,Yes,,,,No stream found,0,,Entertainment,wiki-only,Europe/Athens,False,
GR,Onar,,Athens,Athens,,Music,Pop / Hits,Greek,None,Unknown,http://cast4.magicstreams.gr:10316/stream?type=http&nocache=4,MP3,192,Working,6,https://cdn.onlineradiobox.com/img/l/5/75285.v7.png,"tags: mainstream,pop",radio-browser,Europe/Athens,False,
GR,"Opa FM 106,4",,Athens,Attica,106.4,Music,Greek music,Greek,None,No,,,,No stream found,0,,Greek laïko music (ex. Radio Argosaronikos – formerly on 94.9 – ex. Radio Saronikos),wiki-only,Europe/Athens,False,
GR,Oscar Music,,Athens,Medium Wave (MW band),954,Music,Rock / Alternative,Greek,None,No,https://netradio.live24.gr/music892,MP3,128,Working,409,https://www.music892.gr/assets/icons/MUSIC_LOGO.png,Amateur station with Greek pop and rock music,wiki+radio-browser,Europe/Athens,False,
GR,Otaku Radio,,Athens,Internet-only,,Other,Other,Greek,None,Yes,https://cast4.my-control-panel.com/proxy/anastas2/stream,MP3,160,Working,127,https://www.radio984.gr/favicon.ico,Entertainment,wiki+radio-browser,Europe/Athens,False,
GR,Over FM,,Athens,Internet-only,,Other,Other,Greek,None,Yes,,,,No stream found,0,,Entertainment,wiki-only,Europe/Athens,False,
GR,"Palmos 93,4",Παλμός 93.4,Athens,Attica,93.4,Music,Greek music,Greek,None,No,http://ice.streamcloud.mediacdn.com/palmos983,MP3,128,Working,41,http://resources.live24.gr/resources/images/stations/44c7a23d-53b3-41ce-a2fa-f839c6c63387.png,"Greek music (formerly broadcast on 91.8, 102.7, 105.4 – ex. Radio Troizinia)",curated+radio-browser,Europe/Athens,False,
GR,Pame Radio,,Athens,Internet-only,,Other,Other,Greek,None,Yes,https://cast4.my-control-panel.com/proxy/anastas2/stream,MP3,160,Working,127,https://www.radio984.gr/favicon.ico,Entertainment,wiki+radio-browser,Europe/Athens,False,
GR,Panda Radio,,Athens,Internet-only,,Other,Other,Greek,None,Yes,https://cast4.my-control-panel.com/proxy/anastas2/stream,MP3,160,Working,127,https://www.radio984.gr/favicon.ico,Entertainment,wiki+radio-browser,Europe/Athens,False,
GR,Paradise FM,,Athens,Attica,101.6,Music,Greek music,Greek,None,No,http://stream-mp3aac.live24.gr/paradise903,MP3,256,Working,42,https://paradise.gr/wp-content/uploads/2018/09/images_nova_nova_logo_paradise-logo-sm.png,"Greek and foreign music; rebroadcasting with _We 89.4 fm_ (formerly on 104.6, 106.8, 106.9)",wiki+radio-browser,Europe/Athens,False,
GR,Parapolitika 90.1,Παραπολιτικά 90.1,Athens,Greece,,Political,News & Talk,Greek,Right,No,https://netradio.live24.gr/athinaradio,,,Working,0,https://www.parapolitika.gr/favicon.ico,Parapolitika Media Group; conservative/right-leaning,curated+radio-browser,Europe/Athens,False,
GR,Parapolitika Radio,,Athens,Attica,90.1,News & Talk,News & Talk,Greek,None,No,https://cast4.my-control-panel.com/proxy/anastas2/stream,MP3,160,Working,127,https://www.radio984.gr/favicon.ico,"News and talk (ex. E Radio, 902 Left on FM – formerly broadcast on 90.2)",wiki+radio-browser,Europe/Athens,False,
GR,Peiratikos FM,,Athens,Internet-only,,Other,Other,Greek,None,Yes,http://89.163.217.252:9800/;,MP3,128,Down,46,,Entertainment,wiki+radio-browser,Europe/Athens,False,
GR,Peiratikos Radio,,Athens,Attica,99.5,Music,Greek music,Greek,None,No,https://cast4.my-control-panel.com/proxy/anastas2/stream,MP3,160,Working,127,https://www.radio984.gr/favicon.ico,"Greek laïko music (ex. Vima FM, City FM, Planet – formerly broadcast on 104.5 – ex. Kanali 15)",wiki+radio-browser,Europe/Athens,False,
GR,"Pepper 96,6",Pepper 96.6,Athens,Attica,96.6,Music,Alternative / Indie rock,Greek,None,No,https://pepper966.live24.gr/pepper9660,,,Working,0,https://www.pepper966.gr/wp-content/uploads/2018/06/logo-pepper.png,"Foreign jazz and soul music (ex. Difono, HiJack, Captain Jack, Profit – formerly on 98.1 – ex. Skyrock)",curated,Europe/Athens,False,
GR,Pepper Fm,Pepper 96.6,Athens,Greece,,Music,Alternative / Indie rock,Greek,None,No,https://pepper966.live24.gr/pepper9660,,,Working,0,,curated: ,curated,Europe/Athens,False,
GR,Piraeus Galaxy AM,,Athens,Medium Wave (MW band),1143,Music,Rock / Alternative,Greek,None,No,http://galaxy.live24.gr/galaxy9292,MP3,128,Working,193,http://resources.live24.gr/resources/images/stations/e0031951-d236-4811-8bf5-d09f0235e9b0.jpg,Amateur station with Greek pop and rock music,wiki+radio-browser,Europe/Athens,False,
GR,Planet Lakonias,,Athens,Attica,102.3,Music,Greek laïkó,Greek,None,No,http://nemstream.ddns.net:12032/stream?type=http&nocache=25,MP3,192,Working,18,,Greek laïko and rebetiko music (ex. Radio Vatika),wiki+radio-browser,Europe/Athens,False,
GR,PRIDE 986,,Athens,Attica,,Music,Pop,Greek,None,Unknown,https://politismedia-sec.live24.gr/streameepride,AAC+,128,Working,24,,tags: pop music,radio-browser,Europe/Athens,False,
GR,Psiloritis FM,,Athens,Medium Wave (MW band),909,Music,Traditional / Folk,Greek,None,No,,,,No stream found,0,,Amateur station with traditional music of Crete,wiki-only,Europe/Athens,False,
GR,Psyndora,,Athens,Internet-only,,Music,Mixed music,Greek,None,Yes,http://cast.magicstreams.gr:9125/stream,MP3,128,Working,2486,https://www.psyndora.com/images/favicon-144x144.png,Entertainment,wiki+radio-browser,Europe/Athens,False,
GR,Purple,,Athens,Athens,,Music,Oldies / 80s-90s,Greek,None,Unknown,http://n11.radiojar.com/weqykpegsm5tv?rj-ttl=5&rj-tok=AAABeMeCQf8A2Jh75qr_M9worw,MP3,,Working,14,,"tags: oldies,pop",radio-browser,Europe/Athens,False,
GR,Radio 322,,Athens,Medium Wave (MW band),1107,Music,Greek music,Greek,None,No,https://cast4.my-control-panel.com/proxy/anastas2/stream,MP3,160,Working,127,https://www.radio984.gr/favicon.ico,Amateur station with Greek laïko music,wiki+radio-browser,Europe/Athens,False,
GR,Radio 322 Plus,,Athens,Medium Wave (MW band),1296,Music,Rock / Alternative,Greek,None,No,https://cast4.my-control-panel.com/proxy/anastas2/stream,MP3,160,Working,127,https://www.radio984.gr/favicon.ico,Amateur station with foreign pop and rock music,wiki+radio-browser,Europe/Athens,False,
GR,Radio Anderson,,Athens,Medium Wave (MW band),1170,Music,Greek music,Greek,None,No,https://cast4.my-control-panel.com/proxy/anastas2/stream,MP3,160,Working,127,https://www.radio984.gr/favicon.ico,Amateur station with Greek laïko music,wiki+radio-browser,Europe/Athens,False,
GR,Radio Apollon,,Athens,Medium Wave (MW band),1242,Music,Greek laïkó,Greek,None,No,https://webinternetradio.eu:47026/,MP3,256,Working,12,,Amateur station with Greek laïko and rebetiko,wiki+radio-browser,Europe/Athens,False,
GR,Radio Art,,Athens,Internet-only,,Other,Other,Greek,None,Yes,https://cast4.my-control-panel.com/proxy/anastas2/stream,MP3,160,Working,127,https://www.radio984.gr/favicon.ico,Entertainment,wiki+radio-browser,Europe/Athens,False,
GR,Radio Astrikos,,Athens,Medium Wave (MW band),828,Music,Rock / Alternative,Greek,None,No,https://cast4.my-control-panel.com/proxy/anastas2/stream,MP3,160,Working,127,https://www.radio984.gr/favicon.ico,Amateur station with Greek pop and rock music,wiki+radio-browser,Europe/Athens,False,
GR,Radio Atithasos,,Athens,Medium Wave (MW band),1467,Music,Greek music,Greek,None,No,https://cast4.my-control-panel.com/proxy/anastas2/stream,MP3,160,Working,127,https://www.radio984.gr/favicon.ico,Amateur station with Greek laïko music,wiki+radio-browser,Europe/Athens,False,
GR,Radio Blackman,,Athens,Attica,107.5,Music,Greek music,Greek,None,No,https://cast4.my-control-panel.com/proxy/anastas2/stream,MP3,160,Working,127,https://www.radio984.gr/favicon.ico,"Greek music (formerly on 103.1, 103.2, 103.3, 104.9)",wiki+radio-browser,Europe/Athens,False,
GR,Radio Champions,,Athens,Medium Wave (MW band),1224,Music,Rock / Alternative,Greek,None,No,https://cast4.my-control-panel.com/proxy/anastas2/stream,MP3,160,Working,127,https://www.radio984.gr/favicon.ico,Amateur station with Greek pop and rock music,wiki+radio-browser,Europe/Athens,False,
GR,Radio Edisson,,Athens,Medium Wave (MW band),1449,Music,Greek music,Greek,None,No,https://cast4.my-control-panel.com/proxy/anastas2/stream,MP3,160,Working,127,https://www.radio984.gr/favicon.ico,Amateur station with Greek laïko music,wiki+radio-browser,Europe/Athens,False,
GR,Radio Emerson,,Athens,Medium Wave (MW band),918,Music,Rock / Alternative,Greek,None,No,https://cast4.my-control-panel.com/proxy/anastas2/stream,MP3,160,Working,127,https://www.radio984.gr/favicon.ico,Amateur station with foreign pop and rock music,wiki+radio-browser,Europe/Athens,False,
GR,Radio Faros MW,,Athens,Medium Wave (MW band),1269,Music,Rock / Alternative,Greek,None,No,https://cast4.my-control-panel.com/proxy/anastas2/stream,MP3,160,Working,127,https://www.radio984.gr/favicon.ico,Amateur station with Greek pop and rock music,wiki+radio-browser,Europe/Athens,False,
GR,Radio Gemini,,Athens,Medium Wave (MW band),945,Music,Rock / Alternative,Greek,None,No,https://cast4.my-control-panel.com/proxy/anastas2/stream,MP3,160,Working,127,https://www.radio984.gr/favicon.ico,Amateur station with Greek pop and rock music,wiki+radio-browser,Europe/Athens,False,
GR,Radio Gold 105,,Athens,Medium Wave (MW band),522,Music,Rock / Alternative,Greek,None,No,https://cast4.my-control-panel.com/proxy/anastas2/stream,MP3,160,Working,127,https://www.radio984.gr/favicon.ico,Amateur station with foreign pop and rock music,wiki+radio-browser,Europe/Athens,False,
GR,Radio Goldies 2,,Athens,Medium Wave (MW band),747,Music,Rock / Alternative,Greek,None,No,https://cast4.my-control-panel.com/proxy/anastas2/stream,MP3,160,Working,127,https://www.radio984.gr/favicon.ico,Amateur station with foreign pop and rock music,wiki+radio-browser,Europe/Athens,False,
GR,Radio Interval,,Athens,Medium Wave (MW band),1161,Music,Rock / Alternative,Greek,None,No,https://cast4.my-control-panel.com/proxy/anastas2/stream,MP3,160,Working,127,https://www.radio984.gr/favicon.ico,Amateur station with foreign pop and rock music,wiki+radio-browser,Europe/Athens,False,
GR,Radio Kowalski,,Athens,Medium Wave (MW band),1260,Music,Rock / Alternative,Greek,None,No,https://cast4.my-control-panel.com/proxy/anastas2/stream,MP3,160,Working,127,https://www.radio984.gr/favicon.ico,Amateur station with foreign pop and rock music,wiki+radio-browser,Europe/Athens,False,
GR,Radio Lampros Ilios,,Athens,Medium Wave (MW band),1197,Music,Greek music,Greek,None,No,https://cast4.my-control-panel.com/proxy/anastas2/stream,MP3,160,Working,127,https://www.radio984.gr/favicon.ico,Amateur station with Greek laïko music,wiki+radio-browser,Europe/Athens,False,
GR,Radio Meral Athens,,Athens,Medium Wave (MW band),1206,Music,Greek music,Greek,None,No,https://cast4.my-control-panel.com/proxy/anastas2/stream,MP3,160,Working,127,https://www.radio984.gr/favicon.ico,Amateur station with Greek laïko music,wiki+radio-browser,Europe/Athens,False,
GR,Radio Mimis FlameX,,Athens,Medium Wave (MW band),1008,Music,Rock / Alternative,Greek,None,No,https://cast4.my-control-panel.com/proxy/anastas2/stream,MP3,160,Working,127,https://www.radio984.gr/favicon.ico,Amateur station with foreign pop and rock music,wiki+radio-browser,Europe/Athens,False,
GR,Radio Miniwatt,,Athens,Medium Wave (MW band),1125,Music,Greek music,Greek,None,No,https://cast4.my-control-panel.com/proxy/anastas2/stream,MP3,160,Working,127,https://www.radio984.gr/favicon.ico,Amateur station with Greek laïko music,wiki+radio-browser,Europe/Athens,False,
GR,Radio Mpoukouras,,Athens,Internet-only,,Other,Other,Greek,None,Yes,https://cast4.my-control-panel.com/proxy/anastas2/stream,MP3,160,Working,127,https://www.radio984.gr/favicon.ico,Entertainment,wiki+radio-browser,Europe/Athens,False,
GR,Radio Paris Attica,,Athens,Internet-only,,Other,Other,Greek,None,Yes,https://cast4.my-control-panel.com/proxy/anastas2/stream,MP3,160,Working,127,https://www.radio984.gr/favicon.ico,Entertainment,wiki+radio-browser,Europe/Athens,False,
GR,Radio Poll 20 Watt,,Athens,Medium Wave (MW band),1395,Music,Greek music,Greek,None,No,https://cast4.my-control-panel.com/proxy/anastas2/stream,MP3,160,Working,127,https://www.radio984.gr/favicon.ico,Amateur station with Greek laïko music,wiki+radio-browser,Europe/Athens,False,
GR,Radio Strouga,,Athens,Internet-only,,Other,Other,Greek,None,Yes,https://cast4.my-control-panel.com/proxy/anastas2/stream,MP3,160,Working,127,https://www.radio984.gr/favicon.ico,Entertainment,wiki+radio-browser,Europe/Athens,False,
GR,Radio Tripsifios,,Athens,Medium Wave (MW band),1650,Music,Greek music,Greek,None,No,https://cast4.my-control-panel.com/proxy/anastas2/stream,MP3,160,Working,127,https://www.radio984.gr/favicon.ico,Amateur station with Greek laïko music,wiki+radio-browser,Europe/Athens,False,
GR,Rare Radio,,Athens,Internet-only,,Other,Other,Greek,None,Yes,https://cast4.my-control-panel.com/proxy/anastas2/stream,MP3,160,Working,127,https://www.radio984.gr/favicon.ico,Entertainment,wiki+radio-browser,Europe/Athens,False,
GR,Real 97.8,,Athens,Attica,97.8,News & Talk,News & Talk,Greek,None,No,https://realfm.live24.gr/realfm,MP3,192,Working,14,https://onradio.gr/wp-content/uploads/2020/04/real978-300x300.png,News and talk (ex. Radio Veronica – formerly broadcast on 97.7),wiki+radio-browser,Europe/Athens,False,
GR,Real FM 97.8,Real FM 97.8,Athens,Greece,,News & Talk,News & Talk,Greek,Right,No,https://netradio.live24.gr/realfm,,,Working,0,https://www.real.gr/wp-content/uploads/2025/02/realgr-icon-150x150.png,Real Group; pro-New Democracy editorial line,curated+radio-browser,Europe/Athens,False,
GR,Real Xmas,,Athens,Athens,,Religious,Religious,Greek,None,Unknown,https://realxmas.live24.gr/realxmas,MP3,192,Working,5,https://live24.gr/resrc/styles/custom-popups/realchristmas/main-graphic.png?2,tags: christmas music,radio-browser,Europe/Athens,False,
GR,realfm97.8,,Athens,Attiki,,News & Talk,News & Talk,Greek,None,Unknown,https://realfm.live24.gr/realfm,MP3,192,Working,93,https://scontent.fsof11-1.fna.fbcdn.net/v/t39.30808-6/273325286_462489105237776_3423395210252952332_n.png?_nc_cat=103&ccb=1-7&_nc_sid=09cbfe&_nc_ohc=2UM0t5mJNhEAX87X1wX&_nc_ht=scontent.fsof11-1.fna&oh=00_AfA0fEWGclDbECf5McRifi6-ZCWa-s_WhL1qvqX8s2OR0w&oe=63DC6741,tags: news,radio-browser,Europe/Athens,False,
GR,Rebel FM Athens,,Athens,Attica,105.2,Music,Rock / Alternative,Greek,None,No,http://netradio.live24.gr/rebel1052,MP3,192,Working,2798,,"Foreign rock music (ex. Atlantis FM 105.2, Maxitis 88.4, Atlantis 90 – formerly also on 89.95)",wiki+radio-browser,Europe/Athens,False,
GR,Rebetiko Web,,Athens,Internet-only,,Other,Other,Greek,None,Yes,,,,No stream found,0,,Entertainment,wiki-only,Europe/Athens,False,
GR,Red 80s,,Athens,Athens,,Music,Oldies / 80s-90s,Greek,None,Unknown,https://n05a-eu.rcs.revma.com/40uryq80ubuvv?rj-ttl=5&rj-tok=AAABnOjqRgEAESnKWr05BOFxAg&_=477903,AAC,,Working,14,https://mmo.aiircdn.com/342/5e57ce157389c.png,"tags: 80s,adult hits",radio-browser,Europe/Athens,False,
GR,Red 96.3,Red 96.3,Athens,Greece,,Music,Rock,Greek,None,No,https://netradio.live24.gr/red9630,,,Working,0,https://cdn.onlineradiobox.com/img/l/5/15525.v6.png,Rock,curated+radio-browser,Europe/Athens,False,
GR,Red FM 96.3,Red 96.3,Athens,Attica,96.3,Music,Rock,Greek,None,No,https://netradio.live24.gr/red9630,,,Working,0,,Rock,curated,Europe/Athens,False,
GR,Rhythm,Ρυθμός 94.9,Athens,Greece,,Music,Greek pop,Greek,None,No,https://stream.radiojar.com/aw1w2xfx1vduv,,,Working,0,,Greek mainstream music,curated,Europe/Athens,False,
GR,Rock and Blues Athens,,Athens,Athens,,Music,Rock / Alternative,Greek,None,Unknown,https://tls-chrome.live24.gr/3253?http://78.129.132.7:35663/,MP3,128,Working,223,https://resources.live24.gr/resources/images/stations/bb59ed73-801d-473b-84d6-da8368f769b3.png,"tags: blues,progressive rock,reggae,rock",radio-browser,Europe/Athens,False,
GR,Rock Angels ,,Athens,Athens,,Music,Rock / Alternative,Greek,None,Unknown,https://azuracast.streams.ovh/radio/8030/radio.mp3,MP3,192,Working,58,http://resources.live24.gr/resources/images/stations/cff23f58-9e2a-4328-b975-6126ef4485d8.jpg,"tags: metal,rock",radio-browser,Europe/Athens,False,
GR,Rock Club,,Athens,Athens,,Music,Rock / Alternative,Greek,None,Unknown,https://stream-158.zeno.fm/uft90xvk4nhvv?zt=eyJhbGciOiJIUzI1NiJ9.eyJzdHJlYW0iOiJ1ZnQ5MHh2azRuaHZ2IiwiaG9zdCI6InN0cmVhbS0xNTguemVuby5mbSIsInJ0dGwiOjUsImp0aSI6InZqckgxRUNnUzBlb2d2N3FsS3ZSc1EiLCJpYXQiOjE3NzQyOTI2MDUsImV4cCI6MTc3NDI5MjY2NX0.80JAXUzwg3uZeEedkW03zS17Mo2QpUK6HZrePcrT0sc&acu-uid=727435602967&triton-uid=cookie%3A83ca5b14-582e-4c12-a5ab-255cdb39e2cb,MP3,128,Working,7,https://zeno.fm/_ipx/_/https://images.zeno.fm/pKAG3ZHg-XElfhuo8kpifrK6VYVW5wH2EQ1HB1Rhbro/rs:fill:288:288/g:ce:0:0/aHR0cHM6Ly9wcm94eS56ZW5vLmZtL2NvbnRlbnQvc3RhdGlvbnMvYWd4emZucGxibTh0YzNSaGRITnlNZ3NTQ2tGMWRHaERiR2xsYm5RWWdJQ0kwZl82cFFzTUN4SU9VM1JoZEdsdmJsQnliMlpwYkdVWWdJQ0luZW1VandzTW9nRUVlbVZ1YncvaW1hZ2UvP3U9MTY4NTI0NTU4MzAwMA.webp,tags: classic rock,radio-browser,Europe/Athens,False,
GR,Rock Fever,,Athens,Attica,90.65,Music,Rock / Alternative,Greek,None,No,https://s9.yesstreaming.net:2199/proxy/anyhowmo/stream,MP3,128,Down,23,https://resources.live24.gr/resources/images/stations/cbdce89d-dc5d-45cd-9b97-6ef014c134e2.png,"Amateur radio station with foreign rock music (formerly broadcast on 107.5, 104.9, 100.1, 101.1)",wiki+radio-browser,Europe/Athens,False,
GR,Rock FM 96.9,Rock FM 96.9,Athens,Greece,,Music,Rock,Greek,None,No,https://az10.yesstreaming.net:8060/radio.mp3,,,Working,0,https://resources.live24.gr/resources/images/stations/fee95347-f0eb-4299-9edd-9d9b42ee23f6.png,Rock,curated+radio-browser,Europe/Athens,False,
GR,Rock Melodic,,Athens,Internet-only,,Music,Rock / Alternative,Greek,None,Yes,https://s9.yesstreaming.net:2199/proxy/anyhowmo/stream,MP3,128,Down,23,https://resources.live24.gr/resources/images/stations/cbdce89d-dc5d-45cd-9b97-6ef014c134e2.png,Entertainment,wiki+radio-browser,Europe/Athens,False,
GR,Rock Velvet,,Athens,Internet-only,,Music,Rock / Alternative,Greek,None,Yes,https://free.rcast.net/62225,MP3,320,Working,4,https://resources.live24.gr/resources/images/stations/fdff08c2-4bc8-447b-a953-09e4a4a87270.jpg,Entertainment,wiki+radio-browser,Europe/Athens,False,
GR,RTPress GR,,Athens,Athens,,Other,Other,Greek,None,Unknown,https://stream.rtpress.gr:8000/live,MP3,256,Working,16,https://resources.live24.gr/resources/images/stations/cca8396f-94c2-409c-af3f-76ed0dec9bf2.png,tags: ,radio-browser,Europe/Athens,False,
GR,"Rythmos FM 9,49",Ρυθμός 94.9,Athens,Attica,94.9,Music,Greek pop,Greek,None,No,https://stream.radiojar.com/aw1w2xfx1vduv,,,Working,0,,Greek mainstream music,curated,Europe/Athens,False,
GR,Rythmos FM12,Ρυθμός 94.9,Athens,the Aegean islands,94.5,Music,Greek pop,Greek,None,No,https://stream.radiojar.com/aw1w2xfx1vduv,,,Working,0,,Greek mainstream music,curated,Europe/Athens,False,
GR,Second Programme,Δεύτερο Πρόγραμμα,Athens,National,103.7,Public,Greek music,Greek,State,No,https://radiostreaming.ert.gr/ert-deftero,,,Working,0,,National public radio; Greek music (relays nationwide),curated,Europe/Athens,False,
GR,Sfera,Σφαίρα 102.2,Athens,Attica,102.2,Music,Greek pop,Greek,None,No,https://sfera.live24.gr/sfera4132,,,Working,0,,Main Athens Greek-hits station; relays across Greece,curated,Europe/Athens,False,
GR,Sfera FM 98.9,Σφαίρα 102.2,Athens,the Aegean islands,98.9,Music,Greek pop,Greek,None,No,https://sfera.live24.gr/sfera4132,,,Working,0,,Main Athens Greek-hits station; relays across Greece,curated,Europe/Athens,False,
GR,Sin,,Athens,Athens,,Music,Rock / Alternative,Greek,None,Unknown,https://solid67.streamupsolutions.com/proxy/lqomhdjk?mp=//stream,MP3,192,Working,19,,"tags: blues,pop,rock",radio-browser,Europe/Athens,False,
GR,Skai 100.3,ΣΚΑΪ 100.3,Athens,Attica,100.3,News & Talk,News & Talk,Greek,Center-Right,No,https://netradio.live24.gr/skai1003,,,Working,0,,Skai Group; among the most-listened news radios in Greece,curated,Europe/Athens,False,
GR,Skai Argolidas,,Athens,Attica,102.0,News & Talk,News & Talk,Greek,None,No,http://netradio.live24.gr/skai1003,MP3,192,Working,9680,,"News and talk; rebroadcasting with _Skai 100.3_ (ex. Alpha Argolidas, Isimeria – formerly on 102.3)",wiki+radio-browser,Europe/Athens,False,
GR,SKGLOBE.NET | MIXED EMOTIONS,,Athens,Attica,,Music,Electronic / Dance,English,None,Unknown,https://smartstream.link/mixedemotions,AAC,64,Working,57,,"tags: club,edm,electronic dance music,house",radio-browser,Europe/Athens,False,
GR,SKGLOBE.NET | SENSES,,Athens,Attica,,Music,Mixed music,English,None,Unknown,https://smartstream.link/senses,AAC,64,Working,60,,"tags: bossa nova,bossanova,chillout+lounge,easy listening,eclectic,lounge,lounge music,smooth lounge,trip hop,trip-hop,triphop",radio-browser,Europe/Athens,False,
GR,Smooth Jazz 111,,Athens,Athens,,Other,Other,Greek,None,Unknown,https://cast.magicstreams.gr/sc/111radio/stream,MP3,320,Working,79,https://zeno.fm/_ipx/_/https://images.zeno.fm/xALni57HE2fTcMWA5otqvgn8HT9zq4YO0JSLqZ9RFM0/rs:fill:288:288/g:ce:0:0/aHR0cHM6Ly9wcm94eS56ZW5vLmZtL2NvbnRlbnQvc3RhdGlvbnMvMzgwMDhiNDMtYTE3OS00ODZlLTlhNGItNTY5NDRiNDZmNjA4L2ltYWdlLz91PTE3MDE2OTc4NzYwMDA.webp,tags: ,radio-browser,Europe/Athens,False,
GR,South Hemisphere,,Athens,Internet-only,,Other,Other,Greek,None,Yes,,,,No stream found,0,,Entertainment,wiki-only,Europe/Athens,False,
GR,"Sport FM 96,3",ΣΠΟΡ FM 94.6 (bwin),Athens,the Peloponnese,96.3,Sports,Sports,Greek,None,No,https://netradio.live24.gr/sportfm7712,,,Working,0,http://www.sport-fm.gr/favicon.ico,Leading sports radio (sponsored name bwin ΣΠΟΡ FM),curated,Europe/Athens,False,
GR,Star Radio,,Athens,Internet-only,,Music,Rock / Alternative,Greek,None,Yes,https://sp.streams.ovh/8026/;stream/1,MP3,320,Working,29,,Entertainment,wiki+radio-browser,Europe/Athens,False,
GR,Sto Kokkino,Στο Κόκκινο 105.5,Athens,Attica,105.5,Political,News & political talk,Greek,Left,No,https://stream.radiojar.com/kokkino-ath.mp3,,,Working,0,,Political talk radio of the Avgi newspaper group; official site stokokkino.gr,curated,Europe/Athens,False,
GR,Stone Web Radio,,Athens,Internet-only,,Other,Other,Greek,None,Yes,https://cast4.my-control-panel.com/proxy/anastas2/stream,MP3,160,Working,127,https://www.radio984.gr/favicon.ico,Entertainment,wiki+radio-browser,Europe/Athens,False,
GR,Streamee Bouzoukia,,Athens,Athens,,Music,Traditional / Folk,Greek,None,Unknown,https://politismedia-sec3.live24.gr/pm-bouzoukia,AAC+,128,Working,34,https://streamee.com/wp-content/uploads/2023/02/Mood-10.jpg,tags: greek folk music,radio-browser,Europe/Athens,False,
GR,Streamee Salt,,Athens,Athens,,Music,Jazz / Soul,Greek,None,Unknown,https://politismedia-sec.live24.gr/streameesalt,AAC+,160,Working,6,https://resources.live24.gr/resources/images/stations/8321f3ef-425a-423d-ad9a-4bbf35d91db5.png,"tags: bossa nova,soul,swing",radio-browser,Europe/Athens,False,
GR,Street,,Athens,Athens,,News & Talk,News & Talk,Greek,None,Unknown,http://streamyourdream.org:8104/stream,MP3,128,Working,10,,"tags: pop,rock,talk",radio-browser,Europe/Athens,False,
GR,Strofi,,Athens,Internet-only,,Other,Other,Greek,None,Yes,,,,No stream found,0,,Entertainment,wiki-only,Europe/Athens,False,
GR,Strummer,,Athens,Internet-only,,Other,Other,Greek,None,Yes,http://n02.radiojar.com/fg3tm92rxeruv?rj-ttl=5&rj-tok=AAABgyLgWysAEp7R4lXf-DlT1g,MP3,0,Working,16,https://www.radiojar.com/content/stations/ag1zfnJhZGlvamFyY29tcjILEgpBdXRoQ2xpZW50GICA8NHo0bgLDAsSDlN0YXRpb25Qcm9maWxlGICA8NGBvu4KDKIBA2Rldg/image/?resize=120x120,Entertainment,wiki+radio-browser,Europe/Athens,False,
GR,Studio 033,,Athens,Medium Wave (MW band),1071,Music,Greek music,Greek,None,No,,,,No stream found,0,,Amateur station with Greek laïko music,wiki-only,Europe/Athens,False,
GR,Studio 2000 Mousiko Leoforeio,,Athens,Medium Wave (MW band),1422,Music,Traditional / Folk,Greek,None,No,https://webinternetradio.eu:48723/,MP3,256,Working,8,,Amateur station with Greek laïko music,wiki+radio-browser,Europe/Athens,False,
GR,Studio 254,,Athens,Internet-only,,Music,Greek pop,Greek,None,Yes,https://eu8.fastcast4u.com/proxy/s254?mp=/1,MP3,96,Down,1,https://portalradio.gr/wp-content/uploads/2022/06/studio-254.jpg,Entertainment,wiki+radio-browser,Europe/Athens,False,
GR,Studio 344,,Athens,Medium Wave (MW band),558,Music,Rock / Alternative,Greek,None,No,,,,No stream found,0,,Amateur station with foreign pop and rock music,wiki-only,Europe/Athens,False,
GR,Studio 545,,Athens,Internet-only,,Other,Other,Greek,None,Yes,https://azuracast.streams.ovh/listen/studio_545/radio.mp3,MP3,320,Working,5,https://azuracast.streams.ovh/static/icons/production/120.png,Entertainment,wiki+radio-browser,Europe/Athens,False,
GR,Studio A1000,,Athens,Medium Wave (MW band),684,Music,Greek laïkó,Greek,None,No,,,,No stream found,0,,Amateur station with Greek laïko and rebetiko,wiki-only,Europe/Athens,False,
GR,Studio Annabelle Athens,,Athens,Medium Wave (MW band),1494,Music,Greek music,Greek,None,No,,,,No stream found,0,,Amateur station with Greek laïko music,wiki-only,Europe/Athens,False,
GR,Styl 104.9,,Athens,Athens,,Music,Greek pop,Greek,None,Unknown,http://s3.onweb.gr:8530/;,MP3,128,Working,5,,"tags: greek pop,mainstream",radio-browser,Europe/Athens,False,
GR,Styl FM 104.8,,Athens,Athens,,Music,Traditional / Folk,Greek,None,Unknown,https://sh.onweb.gr:7064/;,MP3,128,Working,17,https://onradio.gr/wp-content/uploads/2020/04/STYL-FM-104.8.jpg,"tags: greek folk,mainstream",radio-browser,Europe/Athens,False,
GR,Thanasis Alfa 55 Radio,,Athens,Medium Wave (MW band),1431,Music,Greek music,Greek,None,No,https://cast4.my-control-panel.com/proxy/anastas2/stream,MP3,160,Working,127,https://www.radio984.gr/favicon.ico,Amateur station with Greek laïko music,wiki+radio-browser,Europe/Athens,False,
GR,Thanasis Daffy Duck,,Athens,Medium Wave (MW band),1044,Music,Rock / Alternative,Greek,None,No,,,,No stream found,0,,Amateur station with Greek pop and rock music,wiki-only,Europe/Athens,False,
GR,Thanx of Athens,,Athens,Internet-only,,Other,Other,Greek,None,Yes,,,,No stream found,0,,Entertainment,wiki-only,Europe/Athens,False,
GR,Third Programme,Τρίτο Πρόγραμμα,Athens,National,90.9,Public,Classical,Greek,State,No,https://radiostreaming.ert.gr/ert-trito,,,Working,0,,National public radio; classical music & culture,curated,Europe/Athens,False,
GR,Ti Amo Greek,,Athens,Athens,,Music,Greek music,Greek,None,Unknown,https://cast.streams.ovh/sc/tiamogreek/stream,MP3,320,Working,6,,tags: greek music,radio-browser,Europe/Athens,False,
GR,Ti Amo International,,Athens,Athens,,Music,Pop,Greek,None,Unknown,https://i5.streams.ovh/sc/tiamo/stream,MP3,320,Working,7,https://tiamo.gr/wp-content/uploads/2022/11/ti-amo-nobg.png,tags: pop music,radio-browser,Europe/Athens,False,
GR,Ti Amo Internet,,Athens,Internet-only,,Other,Other,Greek,None,Yes,https://cast.streams.ovh/sc/tiamogreek/stream,MP3,320,Working,0,https://tiamo.gr/wp-content/uploads/2022/11/ti-amo-new-logo-reverse-768x185.png,Entertainment,wiki+radio-browser,Europe/Athens,False,
GR,Trance Athens,,Athens,Internet-only,,Other,Other,Greek,None,Yes,,,,No stream found,0,,Entertainment,wiki-only,Europe/Athens,False,
GR,UBM GR,,Athens,Athens,,Other,Other,Greek,None,Unknown,https://stream-40.zeno.fm/c4s3zquwe48uv?zs=jr6KkZeyRAeCAjXygVpy1w&acu-uid=727435602967&triton-uid=cookie%3A83ca5b14-582e-4c12-a5ab-255cdb39e2cb,MP3,128,Working,4,,tags: ,radio-browser,Europe/Athens,False,
GR,University of West Attica,,Athens,Medium Wave (MW band),1287,Music,Rock / Alternative,Greek,None,No,,,,No stream found,0,,Amateur station with foreign pop and rock music,wiki-only,Europe/Athens,False,
GR,UNIWA DRM,,Athens,Athens,,Other,Other,Greek,None,Unknown,https://stream-176.zeno.fm/q38yd26rcg8uv?zt=eyJhbGciOiJIUzI1NiJ9.eyJzdHJlYW0iOiJxMzh5ZDI2cmNnOHV2IiwiaG9zdCI6InN0cmVhbS0xNzYuemVuby5mbSIsInJ0dGwiOjUsImp0aSI6Im9HQXRLVmtMUWxDNUNLNGlCSElPemciLCJpYXQiOjE3MjgzMjIwNDUsImV4cCI6MTcyODMyMjEwNX0.0GSZM0QK-L_qxEL0-_zV9lCJT6N52Pn3KZ7dJtuHXeU&aw_0_req_lsid=2bcbca64888703e84d2eb1011cfa577b&dot-uid=0b14220400fae63a8eb57922&amb-uid=8677843517994978339&an-uid=0&triton-uid=cookie%3Aec86263c-b05f-49bb-a6ca-7953e83d18e5,AAC,48,Working,3,https://x2e5r7b9.rocketcdn.me/wp-content/uploads/2020/02/greek-logo-for-landing.png,tags: student radio,radio-browser,Europe/Athens,False,
GR,Vangelis Alfa 18 Athens,,Athens,Medium Wave (MW band),1323,Music,Rock / Alternative,Greek,None,No,http://s5.onweb.gr:8502/stream?type=http&nocache=77822,MP3,128,Working,26,,Amateur station with Greek pop and rock music,wiki+radio-browser,Europe/Athens,False,
GR,Vip Internet,,Athens,Internet-only,,Other,Other,Greek,None,Yes,,,,No stream found,0,,Entertainment,wiki-only,Europe/Athens,False,
GR,Vips Radio,,Athens,Medium Wave (MW band),891,Music,Greek music,Greek,None,No,https://cast4.my-control-panel.com/proxy/anastas2/stream,MP3,160,Working,127,https://www.radio984.gr/favicon.ico,Amateur station with Greek laïko music,wiki+radio-browser,Europe/Athens,False,
GR,Viral FM 102.7,,Athens,Attica,102.7,News & Talk,News & Talk + Music,Greek,None,No,http://5.104.111.225:8040/stream,MP3,128,Working,1,https://resources.live24.gr/resources/images/stations/7e8e4bbb-4993-4e17-85ea-3ed951448d06.png,"LAOS radio with Greek music, talk and news (formerly on 90.6, 90.65 – ex. ART FM, Radioasty, Radio City 102.7)",wiki+radio-browser,Europe/Athens,False,
GR,Voice Athens,,Athens,Internet-only,,Other,Other,Greek,None,Yes,https://stream.radiojar.com/u52ufw1qayduv?1777638187,MP3,0,Working,2,https://www.voice1025.gr/wp-content/uploads/2025/02/cropped-voice_logo.png,Entertainment,wiki+radio-browser,Europe/Athens,False,
GR,Voice of Greece,Η Φωνή της Ελλάδας,Athens,National,Shortwave,Public,News & Culture (diaspora),Multilingual,State,No,https://radiostreaming.ert.gr/ert-voiceofgreece,,,Working,0,,International public service for the Greek diaspora,curated,Europe/Athens,False,
GR,Xenios FM,,Athens,Internet-only,,Other,Other,Greek,None,Yes,,,,No stream found,0,,Entertainment,wiki-only,Europe/Athens,False,
GR,Yan Radio,,Athens,Internet-only,,Other,Other,Greek,None,Yes,https://cast4.my-control-panel.com/proxy/anastas2/stream,MP3,160,Working,127,https://www.radio984.gr/favicon.ico,Entertainment,wiki+radio-browser,Europe/Athens,False,
GR,Zavoliaris Radio,,Athens,Medium Wave (MW band),585,Music,Greek music,Greek,None,No,https://cast4.my-control-panel.com/proxy/anastas2/stream,MP3,160,Working,127,https://www.radio984.gr/favicon.ico,Amateur station with Greek laïko music,wiki+radio-browser,Europe/Athens,False,
GR,Έμπνευση,,Athens,Attiki,,Music,Rock / Alternative,"English,Greek",None,Unknown,https://stream.radiojar.com/2rsrhmepefq?1550062662,MP3,,Working,18,https://www.empneusi.gr/wp-content/uploads/2018/08/cropped-empneusi-512x512-180x180.png,tags: pop rock,radio-browser,Europe/Athens,False,
GR,Ακούς πάλκο,,Athens,Athens,,Music,Greek music,Greek,None,Unknown,https://live.akous.gr/akouspalko,MP3,128,Working,1,https://cdn-radiotime-logos.tunein.com/s186706g.png,tags: greek,radio-browser,Europe/Athens,False,
GR,Αρμονία Web Αθήνα,,Athens,Athens,,Music,Greek music,Greek,None,Unknown,http://sh.onweb.gr:8844/stream?type=http&nocache=1024,MP3,128,Working,5,http://resources.live24.gr/resources/images/stations/f8bf1b12-c7db-4988-b1d2-e5be4d7bee7d.jpg,tags: greek music,radio-browser,Europe/Athens,False,
GR,Βeton7Art,,Athens,Athens,,News & Talk,News & Talk,Greek,None,Unknown,https://uk1.streamingpulse.com/ssl/b7artradio,MP3,128,Working,31,https://www.beton7artradio.gr/favicon.ico,"tags: art,classical,contemporary,experimental,talk",radio-browser,Europe/Athens,False,
GR,Δίεση 101.3,Δίεση 101.3,Athens,Greece,,Music,Éntekhno / Greek pop,Greek,None,No,https://n05a-eu.rcs.revma.com/gkfwrhqxbfhvv,,,Working,0,https://cdn.e-radio.gr/logos/gr/500/diesi.png,Greek music,curated+radio-browser,Europe/Athens,False,
GR,Διαχρονικό Ταξίδι,,Athens,Athens,,Music,Traditional / Folk,Greek,None,Unknown,http://i3.streams.ovh:12110/live,MP3,320,Working,30,,"tags: folk,greek,oldies",radio-browser,Europe/Athens,False,
GR,Δρόμος 105.4,Δρόμος 89.8,Athens,Greece,,Music,Greek & foreign pop,Greek,None,No,https://netradio.live24.gr/dromos2,,,Working,0,http://resources.live24.gr/resources/images/stations/593d0b7f-7ebc-43ad-a973-87cfd1e586b3.png,Contemporary Greek music,curated+radio-browser,Europe/Athens,False,
GR,Εθνικό Θέατρο,,Athens,Athens,,News & Talk,News & Talk,Greek,None,Unknown,https://webradio-server.n-t.gr/listen/webradio.n-t.gr/radio.mp3,MP3,192,Working,3,https://webradio.n-t.gr/public/assets/images/webradio_logo.png,"tags: art,art talk,greek national theatre,jazz,theatre play",radio-browser,Europe/Athens,False,
GR,Εκκλησία της Ελλάδας 89.5,,Athens,Athens,,Religious,Religious,Greek,None,Unknown,https://loki.mental-media.gr:8038/index.html,MP3,128,Working,174,http://resources.live24.gr/resources/images/stations/963bef80-b381-4de6-9612-ea3a283c64e8.jpg,"tags: orthodox christian,religion",radio-browser,Europe/Athens,False,
GR,Ελληνικός 93.2,,Athens,Athens,,Music,Greek music,Greek,None,Unknown,https://orange.live24.gr/orange9320,MP3,128,Working,14,https://live24.gr/resrc/styles/custom-popups/ellinikos/logo.jpg,tags: greek music,radio-browser,Europe/Athens,False,
GR,Ελληνικός 93.2,,Athens,Athens Greece,,Other,Other,Greek,None,Unknown,http://netradio.live24.gr/orange9320,MP3,128,Working,209,http://www.ellinikos932.fm/favicon.ico,tags: ,radio-browser,Europe/Athens,False,
GR,Εν Λευκώ ,,Athens,Athens Greece,,Other,Other,Greek,None,Unknown,https://n12a-eu.rcs.revma.com/trm75ret4c3vv?rj-ttl=5&rj-tok=AAABnHLBW28A7OTR3a298An3Yg,AAC,,Working,2,https://mmo.aiircdn.com/342/5e57ccec0d270.png,tags: ,radio-browser,Europe/Athens,False,
GR,Εν Λευκώ World Music,,Athens,Athens Greece,,Other,Other,Greek,None,Unknown,https://stream.rcs.revma.com/s1m17r30ubuvv,MP3,,Working,3,https://encrypted-tbn0.gstatic.com/images?q=tbn:ANd9GcQVbu_X8sQumCCj_5tTBxJtB25JkllTT_nRJQ&s,tags: ,radio-browser,Europe/Athens,False,
GR,Επικοινωνία 94,,Athens,Athens,,News & Talk,News & Talk + Music,Greek,None,Unknown,https://radio.streamings.gr/proxy/epikoinwnia94fm?mp=/stream,MP3,128,Working,12,http://resources.live24.gr/resources/images/stations/5a81670c-9d29-4873-a005-f512810682bb.jpg,"tags: greek music,news",radio-browser,Europe/Athens,False,
GR,ΕΡΑ 2ο λαϊκά,,Athens,Athens,,Music,Greek music,Greek,None,Unknown,http://radiostreaming.ert.gr/ert-talaika,MP3,256,Working,3,https://press.ert.gr/wp-content/uploads/2022/05/2o_laika.jpg,tags: greek,radio-browser,Europe/Athens,False,
GR,ΕΡΑ Δεύτερο Λαϊκά,,Athens,Athens,,Other,Other,Greek,None,Unknown,http://radiostreaming.ert.gr/ert-talaika,MP3,256,Working,30,,tags: ,radio-browser,Europe/Athens,False,
GR,ΕΡΑ Κόσμος jazz,,Athens,Athens Greece,,Other,Other,Greek,None,Unknown,https://radiostreaming.ert.gr/ert-webjazz,MP3,256,Working,5,https://press.ert.gr/wp-content/uploads/2022/05/thumbnail_KOSMOS-JAZZ_DARK.jpg,tags: ,radio-browser,Europe/Athens,False,
GR,ΕΡΤ 2ο λαϊκά,,Athens,Athens,,Other,Other,Greek,None,Unknown,https://radiostreaming.ert.gr/ert-talaika,MP3,256,Working,2,https://eretikos.gr/wp-content/uploads/2022/05/2%CE%BF-%CE%BB%CE%B1%CF%8A%CE%BA%CE%AC-%CE%95%CE%A1%CE%91.jpg,tags: laika,radio-browser,Europe/Athens,False,
GR,ΕΡΤ Δεύτερο Λαϊκά,,Athens,Athens,,Music,Traditional / Folk,Greek,None,Unknown,http://radiostreaming.ert.gr/ert-talaika,MP3,256,Working,708,,tags: greek folk music,radio-browser,Europe/Athens,False,
GR,ΕΡΤ Δεύτερο Παραδοσιακά,,Athens,Athens,,Music,Traditional / Folk,Greek,None,Unknown,https://radiostreaming.ert.gr/ert-defteroparadosiaka,MP3,256,Working,74,,tags: greek traditional,radio-browser,Europe/Athens,False,
GR,Κρήτη 87.5,,Athens,Athens,,Music,Traditional / Folk,Greek,None,Unknown,https://tls-chrome.live24.gr/1361?http://s3.onweb.gr:8878/;,MP3,320,Working,10,https://resources.live24.gr/resources/images/stations/fbaef4b4-78f4-4cba-b934-2c55e8e3ecd6.jpg,tags: traditional,radio-browser,Europe/Athens,False,
GR,Μάχη 99.8,,Athens,Athens,,News & Talk,News & Talk + Music,Greek,None,Unknown,https://maxhfm.streams.gr/ic/maxhfm/stream,MP3,320,Working,262,https://resources.live24.gr/resources/images/stations/514bb3ec-475d-46bd-9059-879e50b5fecf.jpg,"tags: greek music,news,news talk",radio-browser,Europe/Athens,False,
GR,Μάχη FM,,Athens,Athens Greece,,Other,Other,Greek,None,Unknown,https://maxhfm.streams.gr/ic/maxhfm/stream,MP3,320,Working,14,,tags: ,radio-browser,Europe/Athens,False,
GR,Μελωδία 99.2,,Athens,Attica,,Music,Greek music,Greek,None,Unknown,https://stream.rcs.revma.com/8tdwa6ez1duvv,AAC,,Working,127,https://mm.aiircdn.com/632/5e185a3184ae6.png,"tags: greek,pop",radio-browser,Europe/Athens,False,
GR,Μελωδία Κασέτες,,Athens,Athens,,Other,Other,Greek,None,Unknown,https://stream.rcs.revma.com/h9mge780ubuvv,MP3,,Working,5,https://media.real.gr/filesystem/images/20190719/low/130_252863_161531.JPG,tags: ,radio-browser,Europe/Athens,False,
GR,Μελωδία Τα Μεγάλα Κλασικά,,Athens,Athens,,Other,Other,Greek,None,Unknown,https://stream.rcs.revma.com/xecq4980ubuvv,MP3,,Working,12,https://mmo.aiircdn.com/342/5e7387070f626.jpg,tags: ,radio-browser,Europe/Athens,False,
GR,Μελωδία Τα τραγούδια του 90,,Athens,Athens Greece,,Music,Greek music,Greek,None,Unknown,https://n41a-eu.rcs.revma.com/cdkb8a90ubuvv?rj-ttl=5&rj-tok=AAABnTgXywsAO9h7Cu0OQ1C0ww,MP3,,Working,10,https://mmo.aiircdn.com/342/5e6bb56b0bfba.jpg,tags: greek hellenic music,radio-browser,Europe/Athens,False,
GR,Μουσικοθεραπεία,,Athens,Athens,,Other,Other,Greek,None,Unknown,http://everestcast.streams.ovh:1940/stream,MP3,320,Working,8,http://resources.live24.gr/resources/images/stations/d1558bba-3234-44e2-9c1f-8f651f2fec88.png,tags: ,radio-browser,Europe/Athens,False,
GR,Νότες 96,,Athens,Athens,,Music,Traditional / Folk,Greek,None,Unknown,https://netradio.live24.gr/stylfmathens,AAC,128,Working,23,https://resources.live24.gr/resources/images/stations/f2785980-457a-4db4-b180-e3404b147d75.jpg,tags: greek folk,radio-browser,Europe/Athens,False,
GR,Ο νέος Freedom,,Athens,Athens,,Other,Other,Greek,None,Unknown,https://n05a-eu.rcs.revma.com/z0ymkz80ubuvv?rj-ttl=5&rj-tok=AAABnTOPb9IAgSkT3Tk_osIdmw,MP3,,Working,3,https://mmo.aiircdn.com/342/5e6bb5698d92d.jpg,tags: ,radio-browser,Europe/Athens,False,
GR,Πάμε Ρεμπέτικο και Λαϊκό,,Athens,Athens Greece,,Other,Other,Greek,None,Unknown,https://stream-177.surfernetwork.com/wqcp8gq67vzuv?zt=eyJhbGciOiJIUzI1NiJ9.eyJzdHJlYW0iOiJ3cWNwOGdxNjd2enV2IiwiaG9zdCI6InN0cmVhbS0xNzcuc3VyZmVybmV0d29yay5jb20iLCJydHRsIjo1LCJqdGkiOiI1QXVXUUVWVlEtbXRmdkdlbGpfS2pRIiwiaWF0IjoxNzgzMjM2Mzk4LCJleHAiOjE3ODMyMzY0NTh9._KLlJ1vaBpYmPNbwc2e6XyHsZ1qjagJUjgbwOoIem18,MP3,128,Working,2,https://encrypted-tbn0.gstatic.com/images?q=tbn:ANd9GcSC7ibS8vSiQJo6x-i29lqjtxZaNpi8Eefk6UEoSF0PrA&s=10,tags: ,radio-browser,Europe/Athens,False,
GR,Πειρατικός 99.5,,Athens,Athens,,Music,Traditional / Folk,Greek,None,Unknown,https://shoutcast.k-planet.eu/9800/stream;,MP3,192,Working,14,https://resources.live24.gr/resources/images/stations/dd64c89b-d42a-4c98-b2ee-ac7b9899e6c8.png,"tags: greek folk music,oldies",radio-browser,Europe/Athens,False,
GR,Πειρατικός FM 99.5,,Athens,Athens,,Music,Greek laïkó,Greek,None,Unknown,https://shoutcast.k-planet.eu/9800/stream,MP3,192,Working,46,,tags: παλιά λαϊκά,radio-browser,Europe/Athens,False,
GR,Ράδιο Απτάλικο,,Athens,Athens,,Music,Oldies / 80s-90s,Greek,None,Unknown,https://station.aptaliko.gr/radio/8000/radio.mp3,MP3,128,Working,1,https://www.radioguide.fm/uploads/images/radiostation/logocal.png,tags: oldies,radio-browser,Europe/Athens,False,
GR,Ράδιο Ατίθασος,,Athens,Athens,,Music,Traditional / Folk,Greek,None,Unknown,https://webinternetradio.eu:48752/,MP3,256,Working,7,https://webinternetradio.net/photo/atithasos/atithasos.jpg,tags: greek folk,radio-browser,Europe/Athens,False,
GR,Ράδιο Πάντειον,,Athens,Athens,,Other,Other,Greek,None,Unknown,https://n12.radiojar.com/ybz2g5nh5ehvv?rj-ttl=5&rj-tok=AAABltBgIPoA05fPk_ZUvUr5bA,MP3,,Working,1,https://resources.live24.gr/resources/images/stations/3190c955-c049-4656-bf6e-67bbca0ed3a1.jpg,tags: student radio,radio-browser,Europe/Athens,False,
GR,Ράδιο Πάντειον Sports,,Athens,Athens,,Other,Other,Greek,None,Unknown,https://n08.radiojar.com/ypdwy53ce6hvv?rj-ttl=5&rj-tok=AAABltBjJgEAkIHr5-5FKqNkBQ,MP3,,Working,1,https://resources.live24.gr/resources/images/stations/3190c955-c049-4656-bf6e-67bbca0ed3a1.jpg,tags: student radio,radio-browser,Europe/Athens,False,
GR,Ρεμπέτικο για λίγους,,Athens,Athens,,Other,Other,Greek,None,Unknown,https://stream-177.zeno.fm/wqcp8gq67vzuv?zt=eyJhbGciOiJIUzI1NiJ9.eyJzdHJlYW0iOiJ3cWNwOGdxNjd2enV2IiwiaG9zdCI6InN0cmVhbS0xNzcuemVuby5mbSIsInJ0dGwiOjUsImp0aSI6Imd3bDUyOGR0UzJxWXkzX0xwUkdJVGciLCJpYXQiOjE3NzQ2NzYwNTYsImV4cCI6MTc3NDY3NjExNn0.Zj53dXOszIlXNR6FQQotK2mPos1MLdXqCDRf5rm97zE,MP3,128,Working,2,https://blogger.googleusercontent.com/img/b/R29vZ2xl/AVvXsEiyKDyi698zBn5VdVEAM-ikPZTZukadkwWvpyR9SSqYZB62BmYdN461THNl3ibErvA77UfoWrm9ZbitcvWwQNQu3mou4rWl9ekRk3crUDrNIaTy_AjLkHgj-0oNUGx_fLBEVaLgCntdvvQ/s400/rempetiko-gia-ligous.jpg,tags: rebetico,radio-browser,Europe/Athens,False,
GR,ΡΕΜΠΕΤΙΚΟ,,Athens,"Attica, Athens",,Other,Other,Greek,None,Unknown,https://n06.radiojar.com/r87tq342z8tvv?rj-ttl=5&rj-tok=AAABnzElkmgAbnMC3VroB2rrMg,MP3,,Working,2,https://i-radio.gr/wp-content/uploads/2025/02/radio-rempetiko-avt.jpg,tags: ,radio-browser,Europe/Athens,False,
GR,Ρυθμός Ballads,,Athens,Athens,,Music,Greek pop,Greek,None,Unknown,https://n43a-eu.rcs.revma.com/dm9td34r4a0uv?rj-ttl=5&rj-tok=AAABnSF3GscA_ycXIcHcH5wvWg,MP3,,Working,4,https://api.soundis.gr/resized/streams/2024/01/09/8rythmos-ballads_6ae1237e2a81f57b4e94ccc64bcfd848.jpg?w=120&h=120&c=1,"tags: ballads,greek pop",radio-browser,Europe/Athens,False,
GR,Ρυθμός Dalika,,Athens,Athens,,Music,Traditional / Folk,Greek,None,Unknown,https://n17a-eu.rcs.revma.com/m2r3yy4r4a0uv?rj-ttl=5&rj-tok=AAABnSF80GgAaqH7kKQLK_ofXQ,MP3,,Working,0,https://api.soundis.gr/resized/streams/2024/01/09/10rythmos-dalika_410ffaf44cc7c11fe3be5815cd503d23.jpg?w=120&h=120&c=1,tags: greek folk,radio-browser,Europe/Athens,False,
GR,Ρυθμός στο Κασετόφωνο,,Athens,Athens,,Music,Greek pop,Greek,None,Unknown,https://n07a-eu.rcs.revma.com/ff4abx8q4a0uv?rj-ttl=5&rj-tok=AAABnSGE_d8A8FSjXz4pfremJw,MP3,,Working,4,https://api.soundisgr-prod.cloudworks.ro/resized/streams/2024/01/09/6rythmos-kassetofwno_56e8ca9c4af4ba339ab1475cd756a49f.jpg?w=120&h=120&c=1,tags: greek pop,radio-browser,Europe/Athens,False,
GR,ΣΚΑΪ 100.3,,Athens,Athens,,News & Talk,News & Talk,Greek,None,Unknown,https://skai.live24.gr/skai1003,MP3,192,Working,123,https://resources.live24.gr/resources/images/stations/2d0a60fe-a504-4f8f-9770-253d47e923a8.jpg,"tags: news,news talk",radio-browser,Europe/Athens,False,
GR,"Στο κόκκινο 105,5 Αθήνα",,Athens,Athens,,Other,Other,Greek,None,Unknown,http://n06.radiojar.com/kokkino-ath.mp3?rj-ttl=5&rj-tok=AAABe5JM3SoATYdU3sO03CR5Pw,MP3,,Working,190,,tags: ,radio-browser,Europe/Athens,False,
GR,Στο Κόκκινο 105.5,,Athens,Athens,,Other,Other,Greek,None,Unknown,http://n06.radiojar.com/kokkino-ath.mp3?rj-ttl=5&rj-tok=AAABe5JM3SoATYdU3sO03CR5Pw,MP3,,Working,103,,"tags: left wing,radical",radio-browser,Europe/Athens,False,
GR,Στράτος Emerson 846,,Athens,Athens,,Music,Oldies / 80s-90s,Greek,None,Unknown,https://media.streambrothers.com:8552/stream,MP3,32,Working,3,https://pirates.live-radio.gr/images/radiopeirates/emerson.jpg,"tags: 60's,evergreens,golden oldies",radio-browser,Europe/Athens,False,
GR,Τα τραγούδια του 90,,Athens,Athens,,Other,Other,Greek,None,Unknown,https://n41a-eu.rcs.revma.com/cdkb8a90ubuvv?rj-ttl=5&rj-tok=AAABnTgXywsAO9h7Cu0OQ1C0ww,MP3,,Working,0,https://mmo.aiircdn.com/342/5e6bb56b0bfba.jpg,tags: ,radio-browser,Europe/Athens,False,
GR,Ωμέγα FM,,Athens,Athens,,Music,Traditional / Folk,Greek,None,Unknown,https://ice.streams.ovh/omegafm,MP3,320,Working,7,https://omegafm.gr/wp-content/uploads/2022/10/logo.jpg,tags: greek folk,radio-browser,Europe/Athens,False,
GR,Pemptousia FM,,Athos,Athos ,,Religious,Religious,"Ancient Greek,Greek",None,Unknown,http://stream.radiojar.com/48cz219puzzuv,MP3,,Working,27,https://www.pemptousia.gr/wp-content/themes/pem_gr_new/images/pem_fm.png,"tags: athos,christian,ecclesia,greek,orthodox",radio-browser,Europe/Athens,False,
GR,Schitul Buna Vestire - Muntele Athos,,Athos,Athos ,,Religious,Religious,"Greek,Romanian",None,Unknown,https://bunavestire.mountathos.info/live,AAC+,128,Working,5,,"tags: athos,chtistian,orthodox",radio-browser,Europe/Athens,False,
GR,Liquid fm,,Attika,Attika,,Music,Electronic / Dance,English,None,Unknown,https://netradio.live24.gr/freeradio-1000,MP3,320,Working,143,https://liquidfm.gr/templates/liquidfm_160810_161/images/designer/acaf84c411463bed7140a541c31e7288_liquidlogo.png,"tags: electronic dance music,electronica",radio-browser,Europe/Athens,False,
GR,"Evia Hi 106,3",,Chalcis,Internet-only,,Other,Other,Greek,None,Yes,,,,No stream found,0,,Entertainment,wiki-only,Europe/Athens,False,
GR,102.2 Αλιβέρι 1,,Chalkida,Chalkida,,Other,Other,Greek,None,Unknown,https://tls-chrome.live24.gr/650?http://stream.radiojar.com/gby4re6bhnuvv,MP3,128,Working,1,https://resources.live24.gr/resources/images/stations/b40c9957-1a7a-4380-8f87-70fa8c0d3554.jpg,tags: ,radio-browser,Europe/Athens,False,
GR,b19 FM,,Chalkida,Chalkida,,Music,Traditional / Folk,Greek,None,Unknown,https://sc.cast-control.eu:2000/stream/b19fm,MP3,192,Working,2,https://cdn.onlineradiobox.com/img/l/4/116734.v4.png,tags: greek folk,radio-browser,Europe/Athens,False,
GR,Evripos 90,,Chalkida,Chalkida,,Music,Greek music,Greek,None,Unknown,http://hyades.shoutca.st:8570/;,MP3,320,Working,17,,"tags: greek,mainstream,pop",radio-browser,Europe/Athens,False,
GR,Hit 103.5,,Chalkida,Chalkida,,Music,Electronic / Dance,Greek,None,Unknown,https://cast.radiohost.ovh:2200/proxy/hitfm?mp=/stream,MP3,192,Working,24,http://resources.live24.gr/resources/images/stations/280afa70-d0bd-4e71-be70-e441a5347249.png,"tags: dance,mainstream,pop music",radio-browser,Europe/Athens,False,
GR,Home 89.1,,Chalkida,Chalkida,,Music,Rock / Alternative,Greek,None,Unknown,http://185.14.203.115:8004/stream?type=http&nocache=109,MP3,128,Working,174,http://resources.live24.gr/resources/images/stations/506cebee-9bb7-4f39-9d98-40d9c3cd2612.png,"tags: dance,hiphop,pop,reggae,rock,trance",radio-browser,Europe/Athens,False,
GR,Just 93,,Chalkida,Chalkida,,Music,Pop / Hits,Greek,None,Unknown,http://sp3.streams.ovh:8110/stream,MP3,320,Working,8,http://resources.live24.gr/resources/images/stations/5f675ab6-5328-4fd0-8d83-56a9861691e8.png,"tags: mainstream,pop music",radio-browser,Europe/Athens,False,
GR,Kiss 101.2,,Chalkida,Chalkida,,Music,Pop / Hits,Greek,None,Unknown,https://s6.e-resellers.gr/8064/stream,MP3,128,Working,3,https://resources.live24.gr/resources/images/stations/fe69d463-993c-4cd0-9c48-53f5955d09cd.png,"tags: mainstream,pop",radio-browser,Europe/Athens,False,
GR,Live 89.6,,Chalkida,Chalkida,,Music,Greek music,Greek,None,Unknown,http://netradio.live24.gr/livefm896,MP3,128,Working,588,,"tags: greek,mainstream,pop",radio-browser,Europe/Athens,False,
GR,NRG 95,,Chalkida,Chalkida,,Other,Other,Greek,None,Unknown,http://n0b.radiojar.com/93c3avwu48hvv?rj-ttl=5&rj-tok=AAABicehzSoAu1CdSzRUrZVGLA,AAC,,Working,62,http://resources.live24.gr/resources/images/stations/cfcdc4db-f667-41b1-99b3-410dc1401186.png,tags: ,radio-browser,Europe/Athens,False,
GR,Z Rock,,Chalkida,Chalkida,,Other,Other,Greek,None,Unknown,https://n36a-eu.rcs.revma.com/5n5k2wm6xxcwv?rj-ttl=5&rj-tok=AAABnW5oFsYAXuAUPNbj-TcyNw&dist=karteliasweb&lsid=cookie%3Af4d76d5a-f2df-4379-8afa-fa5f8743b41b&gdpr=1&gdpr_consent=CQiStoAQiStoAAKA9AENCZFgAAAAAEPgAAyIAAATOgIgALAAqACAAGQARQAmABdAD8AIQAZUA7gDvAIsAe0BKoC8wGWATOAA.ILOQHoAFAAWABWADAAMgAgABaADIAIsATABNACkAFsALoAXwAwgB-gEGAQgAyoB3AHeARaAuoC7AHAAPaAfsBGICVQEsgLzAYyAywCZwFnAA.YAAAAAAAAAAA,AAC,,Working,2,https://lalala.gr/wp-content/uploads/2023/01/playbar-zrock.jpg,tags: ,radio-browser,Europe/Athens,False,
GR,Αρμονία 96.9,,Chalkida,Chalkida,,Music,Traditional / Folk,Greek,None,Unknown,https://loki.mental-media.gr/proxy/armonia?mp=/stream,MP3,96,Working,10,,tags: greek folk music,radio-browser,Europe/Athens,False,
GR,Εύβοια 104.1,,Chalkida,Chalkida,,Other,Other,Greek,None,Unknown,https://shoutcast.k-planet.eu/9900/stream;,MP3,128,Working,0,https://resources.live24.gr/resources/images/stations/162ac087-cbde-4e43-8c47-5d0ebea2eb29.png,tags: ,radio-browser,Europe/Athens,False,
GR,ΙΕΡΑ ΜΗΤΡΟΠΟΛΗ ΧΑΛΚΙΔΟΣ,,Chalkida,Chalkida,,Religious,Religious,Greek,None,Unknown,http://212.95.39.229:2740/stream,MP3,128,Working,0,https://blogger.googleusercontent.com/img/a/AVvXsEgAlz8de3VlyNNzUirB3ClZwKeawUjAhkwgWuctKIii-MKC9JXEhQCGvEDyMt-CA59fKQIRm3tcW3MxmTJO3ccG-oN-5qeylP3wGdZ04bh9LjMrShIdQehYzbn_DqMhpx5wCMgauO9Jy9_kEPXCe8HKx3K3iDgptxSKPxMdIE0u11-ipdYeJVebe6VoJIyp=s246,tags: christian orthodox,radio-browser,Europe/Athens,False,
GR,Μπλε 99,,Chalkida,Chalkida,,Music,Greek music,Greek,None,Unknown,https://n17-eu.rcs.revma.com/9r5r1hm6xxcwv?rj-ttl=5&rj-tok=AAABnzP3sjQA-BbDLjwir4lmMQ&dist=karteliasweb&lsid=cookie%3Ad01d26ef-9d3e-40b2-a0c9-bc730d010f7b&gdpr=1&gdpr_consent=CQm4DEAQm4DEAAKA9AENCmFgAAAAAEPgAAyIAAATOgIAALAAqACAAGQARQAmABdAD8AISAdwB3gEWAPaAlUBeYDLAJnAAAAA.ILOQHYAFAAWABWADAAMgAgABaADIAIsATABNACkAFsALoAXwAwgB-gEGAQkA7gDvAItAXUBdgDgAHtAP2AjEBKoCWQF5gMZAZYBM4Czg.YAAAAAAAAAAA,AAC,,Working,2,https://karteliasmediagroup.gr/wp-content/uploads/2023/08/mple.png,tags: greek music,radio-browser,Europe/Athens,False,
GR,Ο σταθμός των εργαζομένων 96.5,,Chalkida,Chalkida,,Other,Other,Greek,None,Unknown,https://s6.e-resellers.gr/9972/;,MP3,128,Working,4,https://resources.live24.gr/resources/images/stations/8d25af43-d052-4dbc-834b-e0f87d25e040.jpg,tags: workers union,radio-browser,Europe/Athens,False,
GR,Πτήση 103.2,,Chalkida,Chalkida,,Music,Traditional / Folk,Greek,None,Unknown,https://s6.e-resellers.gr:8098/stream?type=http&nocache=25,MP3,128,Working,1,https://resources.live24.gr/resources/images/stations/7626146b-676d-4b31-9e72-a8f755792424.png,tags: greek folk,radio-browser,Europe/Athens,False,
GR,Ράδιο 1 Χαλκίδα,,Chalkida,Chalkida,,News & Talk,News & Talk + Music,Greek,None,Unknown,http://proradio.gr:8004/radio981m,MP3,64,Working,16,,"tags: music,news,talk",radio-browser,Europe/Athens,False,
GR,Ράδιο Ειρήνη,,Chalkida,Chalkida,,Music,Greek music,Greek,None,Unknown,https://i3.streams.ovh/sc/demo/stream,MP3,128,Working,3,https://blogger.googleusercontent.com/img/a/AVvXsEjxeXVFMue1_Ht2FN2v1dfPaMOBSf-GlbxiVjXT9Cga06RtcMZhA4cKozTS8-8P1qX9nSqJrlXusEKu3R0rMKGUVgzJ1jPf0NhkaG1mgSjQPM3OYC-4CzO9klG09aHJ4dYYdXgKxgLa-Tb_h3iyo6UCwh8v9a7P0dtqEpevYBuR1kYycZAdGq2UHite=s265,tags: greek music,radio-browser,Europe/Athens,False,
GR,Cosmoradio Chalkidiki,,Chalkidiki,Macedonia,95.1,Music,Greek music,Greek,None,No,https://cast4.my-control-panel.com/proxy/anastas2/stream,MP3,160,Working,127,https://www.radio984.gr/favicon.ico,Greek music; relays of the namesake station from Thessaloniki,wiki+radio-browser,Europe/Athens,False,
GR,Laikos Chalkidiki,,Chalkidiki,Macedonia,97.3,Music,Greek laïkó,Greek,None,No,https://ice.greekstream.net/988,AAC+,128,Down,146,http://resources.live24.gr/resources/images/stations/e3c9bf18-870a-4fbe-9748-8814bf2d7951.jpg,Greek laïko; rebroadcasting with _Laikos 87.6 of Thessaloniki_,wiki+radio-browser,Europe/Athens,False,
GR,Metropolis Chalkidiki,,Chalkidiki,Macedonia,87.8,Sports,Sports,Greek,None,No,https://ice.greekstream.net/988,AAC+,128,Down,146,http://resources.live24.gr/resources/images/stations/e3c9bf18-870a-4fbe-9748-8814bf2d7951.jpg,"Sports and talk; rebroadcasting with _Metropolis 95,5 from Thessaloniki_",wiki+radio-browser,Europe/Athens,False,
GR,Polygyros Radio,,Chalkidiki,Macedonia,90.8,News & Talk,News & Talk,Greek,None,No,https://cast4.my-control-panel.com/proxy/anastas2/stream,MP3,160,Working,127,https://www.radio984.gr/favicon.ico,Polygyros municipal news radio; rebroadcasts _FM 100 of Thessaloniki_,wiki+radio-browser,Europe/Athens,False,
GR,Radio Chalkidiki,,Chalkidiki,Macedonia,98.8,News & Talk,News & Talk,Greek,None,No,https://cast4.my-control-panel.com/proxy/anastas2/stream,MP3,160,Working,127,https://www.radio984.gr/favicon.ico,"News and talk; rebroadcasting with _Focus 103,6 of Thessaloniki_",wiki+radio-browser,Europe/Athens,False,
GR,Radio Kassandra,,Chalkidiki,Macedonia,98.4,Sports,Sports,Greek,None,No,https://cast4.my-control-panel.com/proxy/anastas2/stream,MP3,160,Working,127,https://www.radio984.gr/favicon.ico,"News, sports, talk and Greek music; located from Kassandreia",wiki+radio-browser,Europe/Athens,False,
GR,Radio Martyria,,Chalkidiki,Macedonia,97.1,Religious,Religious,Greek,None,No,https://cast4.my-control-panel.com/proxy/anastas2/stream,MP3,160,Working,127,https://www.radio984.gr/favicon.ico,Religious station; rebroadcasting with _Ecclesia FM Athens_,wiki+radio-browser,Europe/Athens,False,
GR,"Radio Star 95,5 FM",,Chalkidiki,Macedonia,95.5,News & Talk,News & Talk,Greek,None,No,https://cast4.my-control-panel.com/proxy/anastas2/stream,MP3,160,Working,127,https://www.radio984.gr/favicon.ico,News and talk; rebroadcasting with _Radio Thessaloniki 94.5_,wiki+radio-browser,Europe/Athens,False,
GR,Star 95.5,,Chalkidiki,Chalkidiki,,Other,Other,Greek,None,Unknown,https://centova.gr-net.gr/proxy/radiostar955/stream,MP3,192,Working,2,http://www.facebook.com/favicon.ico,tags: ,radio-browser,Europe/Athens,False,
GR,"ZOO 99,5 fm#Super_Radio_99.5",,Chalkidiki,Macedonia,99.5,Music,Mixed music,Greek,None,No,https://cast4.my-control-panel.com/proxy/anastas2/stream,MP3,160,Working,127,https://www.radio984.gr/favicon.ico,Foreign music; rebroadcasting with _ZOO Radio 90.8 Thessaloniki_,wiki+radio-browser,Europe/Athens,False,
GR,Ιερός Ναός Κοιμήσεως Θεοτόκου Νέων Συλλατών,,Chalkidiki,Chalkidiki,,Religious,Religious,Greek,None,Unknown,https://stream-51.zeno.fm/qnfg7n52ekhvv?zs=HDbwf-SeQdqpBAoJPkshWg,MP3,128,Working,29,https://www.google.com/imgres?imgurl=https%3A%2F%2Fekklisianeasilata.com%2Fimages%2FRadioLogo.png&imgrefurl=https%3A%2F%2Fekklisianeasilata.com%2Fradio.html&tbnid=ueARLmpB6pEpHM&vet=12ahUKEwjPypTi3678AhVLsicCHR3WC_UQMygAegQIARAl..i&docid=tuNAwdM0DiEqNM&w=1280&h=720&q=%CE%A1%CE%B1%CE%B4%CE%B9%CE%BF%CF%86%CF%89%CE%BD%CE%B9%CE%BA%CF%8C%CF%82%20%CE%A3%CF%84%CE%B1%CE%B8%CE%BC%CF%8C%CF%82%20%CF%84%CE%B7%CF%82%20%CE%95%CE%BA%CE%BA%CE%BB%CE%B7%CF%83%CE%AF%CE%B1%CF%82%20%CF%84%CF%89%CE%BD%20%CE%9D%CE%AD%CF%89%CE%BD%20%CE%A3%CF%85%CE%BB%CE%BB%CE%B1%CF%84%CF%8E%CE%BD&client=firefox-b-d&ved=2ahUKEwjPypTi3678AhVLsicCHR3WC_UQMygAegQIARAl,"tags: orthodox christian,religion",radio-browser,Europe/Athens,False,
GR,Πολύγυρος Χαλκιδική,,Chalkidiki,Halkidiki,,News & Talk,News & Talk + Music,Greek,None,Unknown,http://eco.onestreaming.com:8526/;?1492734743419.mp3,MP3,96,Working,4,,"tags: music,news,talk",radio-browser,Europe/Athens,False,
GR,AFN Souda Bay,,Chania,Crete,107.3,Other,Other,Greek,None,No,,,,No stream found,0,,Station operated by the United States Armed Forces,wiki-only,Europe/Athens,False,
GR,ANT1 West Crete,,Chania,Crete,97.1,News & Talk,News & Talk,Greek,None,No,,,,No stream found,0,,News and talk; rebroadcasting with _Parapolitika 90.1 Athens_,wiki-only,Europe/Athens,False,
GR,Chania Rock FM 96.8,,Chania,Chania,,Music,Rock / Alternative,Greek,None,Unknown,https://solid33.streamupsolutions.com/proxy/alaqatab?mp=/stream&1730059276298,MP3,128,Working,2,http://chaniarockfm.com/images/banners/chaniarockfm.jpg,tags: rock,radio-browser,Europe/Athens,False,
GR,Chania Sport,,Chania,Crete,102.7,Sports,Sports,Greek,None,No,http://s4.onweb.gr:8434/stream?type=http&nocache=89825,MP3,128,Working,50,,Sports and talk; rebroadcasting with _Sport FM Athens_,wiki+radio-browser,Europe/Athens,False,
GR,Christianity,,Chania,Crete,92.1,Religious,Religious,Greek,None,No,http://eu1.fastcast4u.com:9326/stream,MP3,48,Working,162,,Religious by the Free Apostolic Church of Pentecost,wiki+radio-browser,Europe/Athens,False,
GR,"D-Code 96,2",,Chania,Chania (Greece),,Music,Electronic / Dance,Greek,None,Unknown,http://176.31.118.39:13980/,MP3,192,Working,52,,"tags: 70s,80s,dance,disco",radio-browser,Europe/Athens,False,
GR,D-Code 96.2,,Chania,Chania,,Music,Pop / Hits,"Greek,Pop Music",None,Unknown,https://s15.myradiostream.com/:13980/listen.mp3,MP3,192,Working,25,,"tags: mainstream,pop music",radio-browser,Europe/Athens,False,
GR,Decode 962 Chania,,Chania,Crete,96.2,Music,Rock / Alternative,Greek,None,No,http://s4.onweb.gr:8434/stream?type=http&nocache=89825,MP3,128,Working,50,,Alternative rock and electronic music (ex. Paratiritis 96.2 fm),wiki+radio-browser,Europe/Athens,False,
GR,Diktyo 91.5,,Chania,Crete,91.5,Music,Greek music,Greek,None,No,,,,No stream found,0,,"Greek music; rebroadcasting with _Melodia 99,2 of Athens_",wiki-only,Europe/Athens,False,
GR,Dromos FM Chania,,Chania,Crete,105.4,Music,Greek music,Greek,None,No,http://s4.onweb.gr:8434/stream?type=http&nocache=89825,MP3,128,Working,50,,Greek music; rebroadcasting with _Dromos FM Athens_,wiki+radio-browser,Europe/Athens,False,
GR,"Easy 93,2 Chania",,Chania,Crete,93.2,Music,Pop / Hits,Greek,None,No,http://s4.onweb.gr:8434/stream?type=http&nocache=89825,MP3,128,Working,50,,Foreign music; rebroadcasting with _Easy 97.2 from Athens_,wiki+radio-browser,Europe/Athens,False,
GR,ERT Chania,ΕΡΤ Χανίων,Chania,Crete,100.6,Public,News & Talk,Greek,State,No,https://radiostreaming.ert.gr/ert-chania,,,Working,0,https://www.ertnews.gr/wp-content/uploads/2023/01/cropped-favicon-180x180.png,News and talk; Local station of Greek state radio,curated,Europe/Athens,False,
GR,Fresh 105 Crete,,Chania,Crete,105.0,Music,Pop / Hits,Greek,None,No,https://webradio.neatv.gr:8443/stream?1637751294799,AAC+,96,Working,17,http://resources.live24.gr/resources/images/stations/734ca50e-021a-4679-972c-c902933d682b.jpg,"Foreign music (ex. Eros FM, TOP Channel)",wiki+radio-browser,Europe/Athens,False,
GR,Gavdos FM 88.8,,Chania,Crete,88.8,News & Talk,News & Talk + Music,Greek,None,No,https://sc2.streamwithq.com:2000/stream/GavdosFm,MP3,128,Working,119,http://resources.live24.gr/resources/images/stations/826c8abc-3124-49a4-9dc2-b3f193b2734b.png,News and talk; rebroadcasting with _Skai 100.3 Athens_,wiki+radio-browser,Europe/Athens,False,
GR,Golden Radio,,Chania,Crete,101.9,Other,Other,Greek,None,No,https://cast4.my-control-panel.com/proxy/anastas2/stream,MP3,160,Working,127,https://www.radio984.gr/favicon.ico,Pirate radio station from Chania; opens in the evening,wiki+radio-browser,Europe/Athens,False,
GR,Kritikorama Radio,,Chania,Crete,93.8,Music,Traditional / Folk,Greek,None,No,https://cast4.my-control-panel.com/proxy/anastas2/stream,MP3,160,Working,127,https://www.radio984.gr/favicon.ico,Traditional Music of Crete (ex. Klik Radio 93.8),wiki+radio-browser,Europe/Athens,False,
GR,Laiko 107,,Chania,Chania,,Music,Traditional / Folk,Greek,None,Unknown,https://stream-19.zeno.fm/58uqx820dnzuv?zs=OPfJ6wakTOq-2IVqejRhMg,MP3,128,Working,102,http://resources.live24.gr/resources/images/stations/58eb60fc-3057-4cd0-b168-e4e168d885e0.png,tags: greek folk music,radio-browser,Europe/Athens,False,
GR,Magic Radio,,Chania,Crete,98.2,Music,Rock / Alternative,Greek,None,No,https://cast4.my-control-panel.com/proxy/anastas2/stream,MP3,160,Working,127,https://www.radio984.gr/favicon.ico,"Greek laïko, pop and rock music; located from Kissamos",wiki+radio-browser,Europe/Athens,False,
GR,Max 100.2,,Chania,Crete,100.2,Music,Greek music,Greek,None,No,http://solid9.streamupsolutions.com:8066/stream,MP3,128,Working,63,,Greek and foreign music; located from Chania,wiki+radio-browser,Europe/Athens,False,
GR,Mix FM GR,,Chania,Chania,,Music,Traditional / Folk,Greek,None,Unknown,https://stream-69.zeno.fm/c5rxupaxvchvv?zs=VM0HMkevQYKEy2OfyoMFkg&acu-uid=727435602967&triton-uid=cookie%3A83ca5b14-582e-4c12-a5ab-255cdb39e2cb,MP3,128,Working,17,,tags: greek folk,radio-browser,Europe/Athens,False,
GR,Notes FM 97.4,,Chania,Crete,97.4,Music,Traditional / Folk,Greek,None,No,https://neos.win:48720/stream,MP3,128,Working,29,http://resources.live24.gr/resources/images/stations/85c4f4b1-bc09-4956-a3ef-e79a0392991e.png,Greek music; rebroadcasting with _Notes 96 fm from Athens_,wiki+radio-browser,Europe/Athens,False,
GR,Original FM Chania,,Chania,Crete,94.4,Music,Greek music,Greek,None,No,http://s4.onweb.gr:8434/stream?type=http&nocache=89825,MP3,128,Working,50,,Greek and foreign music; rebroadcasting with _Menta 88_,wiki+radio-browser,Europe/Athens,False,
GR,Radio Amore,,Chania,Crete,87.5,Music,Greek music,Greek,None,No,https://cast4.my-control-panel.com/proxy/anastas2/stream,MP3,160,Working,127,https://www.radio984.gr/favicon.ico,Greek laïko and oldies; located from Theriso,wiki+radio-browser,Europe/Athens,False,
GR,Radio Entasi 93.5,,Chania,Crete,93.5,Other,Other,Greek,None,No,https://cast4.my-control-panel.com/proxy/anastas2/stream,MP3,160,Working,127,https://www.radio984.gr/favicon.ico,Student station from the Technical University of Crete,wiki+radio-browser,Europe/Athens,False,
GR,Radio Faros,,Chania,Crete,91.8,News & Talk,News & Talk + Music,Greek,None,No,https://cast4.my-control-panel.com/proxy/anastas2/stream,MP3,160,Working,127,https://www.radio984.gr/favicon.ico,"Traditional Music of Crete (ex. Sky News, Radio Faros)",wiki+radio-browser,Europe/Athens,False,
GR,"Radio Martyria 9,55",,Chania,Crete,95.5,Religious,Religious,Greek,None,No,https://cast4.my-control-panel.com/proxy/anastas2/stream,MP3,160,Working,127,https://www.radio984.gr/favicon.ico,"Religious radio; rebroadcasting with _Fos FM 99,7 Heraklion_",wiki+radio-browser,Europe/Athens,False,
GR,Radio Palaiochora,,Chania,Crete,89.3,Music,Greek music,Greek,None,No,https://cast4.my-control-panel.com/proxy/anastas2/stream,MP3,160,Working,127,https://www.radio984.gr/favicon.ico,Greek and foreign music; rebroadcasting with _NG Athens_,wiki+radio-browser,Europe/Athens,False,
GR,Radio Rizites,,Chania,Crete,92.4,Music,Traditional / Folk,Greek,None,No,https://cast4.my-control-panel.com/proxy/anastas2/stream,MP3,160,Working,127,https://www.radio984.gr/favicon.ico,Traditional Music of Crete; located from Kissamos,wiki+radio-browser,Europe/Athens,False,
GR,Rock Radio Chania,,Chania,Crete,96.8,Other,Other,Greek,None,No,https://cast4.my-control-panel.com/proxy/anastas2/stream,MP3,160,Working,127,https://www.radio984.gr/favicon.ico,Pirate radio station from Chania; opens in the evening hours,wiki+radio-browser,Europe/Athens,False,
GR,Star 97.7,,Chania,Chania,,Music,Greek pop,Greek,None,Unknown,https://solid55.streamupsolutions.com/proxy/vkpzhens?mp=/stream,MP3,128,Working,16,http://resources.live24.gr/resources/images/stations/d24a7b5e-8018-4103-a22a-054f7b260080.png,"tags: greek pop,mainstream",radio-browser,Europe/Athens,False,
GR,"Star FM 97,7",,Chania,Crete,97.7,Music,Greek pop,Greek,None,No,https://onairmediagroup.live24.gr/star888xanthi,MP3,160,Working,71,,"Greek pop music; rebroadcasting with _Sfera 102,2 Athens_",wiki+radio-browser,Europe/Athens,False,
GR,Thema Kritis,,Chania,Crete,99.6,News & Talk,News & Talk,Greek,None,No,,,,No stream found,0,,"News and talk; rebroadcasting with _Thema FM 103,1_",wiki-only,Europe/Athens,False,
GR,Top 106.5,,Chania,Chania,,Music,Pop,Greek,None,Unknown,http://sc2.streamwithq.com:8086/stream?type=http&nocache=14592,MP3,128,Working,24,https://1.bp.blogspot.com/-MGHpQyMG_eY/XL6x_hCOedI/AAAAAAAAUdk/Vhphuj-0zQwrNeG7PYf53xhA-dc-4OY1wCK4BGAYYCw/s1600/topfm_logo.png,tags: pop,radio-browser,Europe/Athens,False,
GR,TOP FM 106.5,,Chania,Crete,106.5,Sports,Sports,Greek,None,No,https://mcr.streams.gr/listen/topfm1024,MP3,320,Working,0,,Foreign music; rebroadcasting with _Super FM Heraklion_,wiki+radio-browser,Europe/Athens,False,
GR,Uncut GR,,Chania,Chania,,Other,Other,Greek,None,Unknown,http://n07.radiojar.com/s2kb0626cm8uv?rj-ttl=5&rj-tok=AAABiwFpkksAxnQw5rb38sGUsw,MP3,,Working,9,https://resources.live24.gr/resources/images/stations/02c53513-b4e4-4d68-b3ca-f29a7ca2d39b.png,tags: ,radio-browser,Europe/Athens,False,
GR,Venus 91 FM,,Chania,Crete,91.0,Music,Greek music,Greek,None,No,http://s3.onweb.gr:8808/,MP3,160,Down,239,,Greek laïko- éntekhno and pop music; located from Chania,wiki+radio-browser,Europe/Athens,False,
GR,Zarpa Radio 89.6,,Chania,Crete,89.6,News & Talk,News & Talk,Greek,None,No,https://cast4.my-control-panel.com/proxy/anastas2/stream,MP3,160,Working,127,https://www.radio984.gr/favicon.ico,News and talk; rebroadcasting with _Real FM 97.8 of Athens_,wiki+radio-browser,Europe/Athens,False,
GR,Zarpa Χανιά,,Chania,Chania,,News & Talk,News & Talk,Greek,None,Unknown,http://s3.onweb.gr:8454/stream?type=http&nocache=21370,MP3,96,Working,52,https://zarparadio.gr/wp-content/uploads/2020/09/zarpa_RADIO_BIGGER-scaled.jpg,"tags: greek,news,pop,talk",radio-browser,Europe/Athens,False,
GR,Ένταση 93.5,,Chania,Chania,,Other,Other,Greek,None,Unknown,https://entasistream.tuc.gr:8000/main.mp3,MP3,320,Working,10,http://resources.live24.gr/resources/images/stations/598ce4a0-fe25-4b5b-a3ae-b661eb6f25a7.png,tags: ,radio-browser,Europe/Athens,False,
GR,Αντέννα Δυτικής Κρήτης,,Chania,Chania,,News & Talk,News & Talk,Greek,None,Unknown,http://sc2.streamwithq.com:8008/;stream.mp3,MP3,128,Working,10,https://antennafm.gr/templates/gk_news/images/touch-device.png,"tags: news,pop,rock,talk",radio-browser,Europe/Athens,False,
GR,Δίκτυο 91.5,,Chania,Chania,,Music,Traditional / Folk,Greek,None,Unknown,http://eu1.fastcast4u.com:3688/stream?type=http&nocache=688,MP3,128,Working,38,https://diktyofm.gr/wp-content/uploads/2022/01/cropped-favicon-d-180x180.png,"tags: folk,greek,pop",radio-browser,Europe/Athens,False,
GR,Δίκτυο FM 91.5,,Chania,Chania (Greece),,Other,Other,Greek,None,Unknown,https://eu1.fastcast4u.com/proxy/diktyofm?mp=/1&1669757862949&1769842426192,MP3,128,Working,2,https://diktyofm.gr/wp-content/uploads/2022/01/social-share-diktyofm.pnggr,tags: ,radio-browser,Europe/Athens,False,
GR,Κραχ,,Chania,Chania,,Music,Greek music,Greek,None,Unknown,https://c32.radioboss.fm/stream/563,MP3,128,Working,11,,tags: greek music,radio-browser,Europe/Athens,False,
GR,Κρητικόραμα 93.8,,Chania,Chania,,Music,Traditional / Folk,Greek,None,Unknown,http://prech.kritikorama.eu:9382/prech,MP3,128,Working,34,http://resources.live24.gr/resources/images/stations/79db467f-4902-4ce2-8d44-4fba476f1296.jpg,tags: greek traditional,radio-browser,Europe/Athens,False,
GR,Μαρτυρία 95.5,,Chania,Chania,,Religious,Religious,Greek,None,Unknown,https://sc2.streamwithq.com:2000/stream/martiria,MP3,128,Working,13,http://resources.live24.gr/resources/images/stations/a09f1b32-4cd7-428c-89e3-a13da58dd78c.png,"tags: orthodox christian,religion",radio-browser,Europe/Athens,False,
GR,Παλαιόχωρα 89.3,,Chania,Chania,,Music,Pop,Greek,None,Unknown,http://s6.onweb.gr:8068/stream,MP3,128,Working,13,https://rp893.blogspot.com/favicon.ico,tags: pop,radio-browser,Europe/Athens,False,
GR,Ράδιο Μαρτυρία 95.5,,Chania,Chania (Greece),,Religious,Religious,Greek,None,Unknown,http://sc2.streamwithq.com:8006/,MP3,128,Working,253,http://martiria.imka.gr/favicon.ico,"tags: byzantine,ecclesia,greek,orthodox christian,orthodoxy,εκκλησία,ιερά μητρόπολις,ορθοδοξία",radio-browser,Europe/Athens,False,
GR,Ριζίτες 92.4,,Chania,Chania,,Music,Traditional / Folk,Greek,None,Unknown,https://sh.onweb.gr:7014/;,MP3,128,Working,3,https://resources.live24.gr/resources/images/stations/146d5fe3-a0d5-484a-bd03-ab1d89e6c81f.png,tags: greek traditional,radio-browser,Europe/Athens,False,
GR,Ρυθμός 97.4,,Chania,Chania,,Music,Greek music,Greek,None,Unknown,http://sc2.streamwithq.com:8034/;stream.mp3,MP3,128,Working,87,,"tags: greek,mainstream,pop",radio-browser,Europe/Athens,False,
GR,Φάρος 91.8,,Chania,Chania,,Music,Traditional / Folk,Greek,None,Unknown,http://s3.onweb.gr:8012/;,MP3,128,Working,45,https://radiofaros918.gr/favicon.ico,"tags: greek,traditional",radio-browser,Europe/Athens,False,
GR,Alpha-Omega,,Chios,Internet-only,,Other,Other,Greek,None,Yes,https://tls-chrome.live24.gr/2549,MP3,128,Working,3,https://resources.live24.gr/resources/images/stations/5b7231c5-7422-407e-8e51-87bb65799c10.gif,Entertainment,wiki+radio-browser,Europe/Athens,False,
GR,Amani FM,,Chios,the Aegean islands,101.4,Music,Greek music,Greek,None,No,,,,No stream found,0,,Amateur radio with Greek music; located from Amani,wiki-only,Europe/Athens,False,
GR,ANT1 Aegean,,Chios,the Aegean islands,104.9,News & Talk,News & Talk,Greek,None,No,,,,No stream found,0,,News and talk; rebroadcasting with _Easy FM 97.2 of Athens_,wiki-only,Europe/Athens,False,
GR,Be Radio,,Chios,the Aegean islands,89.4,Music,Greek music,Greek,None,No,https://cast4.my-control-panel.com/proxy/anastas2/stream,MP3,160,Working,127,https://www.radio984.gr/favicon.ico,"Greek music; rebroadcasting with _Ellinikos 93,2 Athens_",wiki+radio-browser,Europe/Athens,False,
GR,Chiakos FM,,Chios,the Aegean islands,102.4,News & Talk,News & Talk + Music,Greek,None,No,,,,No stream found,0,,"News and Greek music (ex. Groovy Station, formerly on 102.2)",wiki-only,Europe/Athens,False,
GR,Chroma Radio,,Chios,the Aegean islands,91.9,Music,Greek music,Greek,None,No,https://cast4.my-control-panel.com/proxy/anastas2/stream,MP3,160,Working,127,https://www.radio984.gr/favicon.ico,"Greek and foreign music; rebroadcasting with _Chroma FM 105,8_",wiki+radio-browser,Europe/Athens,False,
GR,Palmos FM Chios,,Chios,the Aegean islands,94.1,Music,Rock / Alternative,Greek,None,No,http://s4.stream-cast.com:11518/;stream/1?1519296929195.mp3,MP3,128,Down,18,http://resources.live24.gr/resources/images/stations/6f40f002-870c-463c-a9d1-0768d1f2b2f5.jpg,Greek and foreign pop and rock music; located from Chios,wiki+radio-browser,Europe/Athens,False,
GR,Pirate FM 96.3,,Chios,the Aegean islands,96.3,Music,Rock / Alternative,Greek,None,No,,,,No stream found,0,,Alternative rock and electronic music; located from Chios,wiki-only,Europe/Athens,False,
GR,"Radio 1 90,7",,Chios,the Aegean islands,90.7,News & Talk,News & Talk,Greek,None,No,http://s3.onweb.gr:8814/;,MP3,256,Working,101,http://resources.live24.gr/resources/images/stations/aeb10c36-ed7d-4645-a308-bd213a7ed860.jpg,News and talk; rebroadcasting with _102.5 Radio from Athens_,wiki+radio-browser,Europe/Athens,False,
GR,Radio Alithia Chios,,Chios,the Aegean islands,95.5,News & Talk,News & Talk,Greek,None,No,https://cast4.my-control-panel.com/proxy/anastas2/stream,MP3,160,Working,127,https://www.radio984.gr/favicon.ico,News and talk; rebroadcasting with _Skai 100.3 from Athens_,wiki+radio-browser,Europe/Athens,False,
GR,Radio Mastixa,,Chios,the Aegean islands,107.5,Music,Children,Greek,None,No,https://cast4.my-control-panel.com/proxy/anastas2/stream,MP3,160,Working,127,https://www.radio984.gr/favicon.ico,Greek music; rebroadcasting with _Kidsradio.com 88.6_,wiki+radio-browser,Europe/Athens,False,
GR,Radio Patrida,,Chios,the Aegean islands,99.3,News & Talk,News & Talk,Greek,None,No,https://cast4.my-control-panel.com/proxy/anastas2/stream,MP3,160,Working,127,https://www.radio984.gr/favicon.ico,News and talk; rebroadcasting with _Real FM 97.8_,wiki+radio-browser,Europe/Athens,False,
GR,Simantro FM,,Chios,the Aegean islands,93.1,Religious,Religious,Greek,None,No,,,,No stream found,0,,"Religious radio; rebroadcasting with _Ecclesia FM 89,5 Athens_",wiki-only,Europe/Athens,False,
GR,Αλήθεια 95.7,,Chios,Chios,,News & Talk,News & Talk + Music,Greek,None,Unknown,https://radio.webhosting4u.gr/stream/alithia,AAC+,48,Working,2,https://resources.live24.gr/resources/images/stations/ee097a2f-8ad1-4f7f-83b2-26273b8eb13b.jpg,"tags: greek music,news talk",radio-browser,Europe/Athens,False,
GR,Παλμός 94.1,,Chios,Chios,,Other,Other,Greek,None,Unknown,http://radio.streamings.gr:8115/stream,MP3,256,Working,10,,tags: ,radio-browser,Europe/Athens,False,
GR,Σήμαντρο 93.1,,Chios,Chios,,Religious,Religious,Greek,None,Unknown,http://65.108.133.10:8050/;,MP3,128,Working,10,,tags: orthodox christian,radio-browser,Europe/Athens,False,
GR,Χρώμα 91.9,,Chios,Chios,,Music,Greek music,Greek,None,Unknown,http://netradio.live24.gr/hroma918,MP3,128,Working,33,,"tags: ballads,greek,pop,sophisticated",radio-browser,Europe/Athens,False,
GR,2000staFM,,Corfu,Corfu,,Music,Rock / Alternative,"English,Greek",None,Unknown,https://s3.unlimitedradiohosting.com/stream/two-thousand-on-fm,MP3,192,Working,153,https://www.2000stafm.gr/favicon2.png,"tags: 80s,90s,disco,italo,rock,slow",radio-browser,Europe/Athens,False,
GR,Agios Spyridon,,Corfu,the Ionian islands,91.1,Religious,Religious,Greek,None,No,,,,No stream found,0,,Religious radio; rebroadcasting with _Ecclesia Athens_,wiki-only,Europe/Athens,False,
GR,Aktina 104.7 Της Καρδιάς σου Λαϊκά,,Corfu,Corfu,,Music,Traditional / Folk,Greek,None,Unknown,https://sc2.streamwithq.com:2000/stream/Tiskardiassoulaika/stream,MP3,256,Working,17,https://resources.live24.gr/resources/images/stations/ce6e3bae-e985-45d3-922f-881002a3b0b9.jpg,"tags: greek folk,mainstream",radio-browser,Europe/Athens,False,
GR,"Aktina FM 104,7",,Corfu,the Ionian islands,104.7,Music,Greek music,Greek,None,No,http://sc2.streamwithq.com:8016/stream?type=http&nocache=65312,MP3,320,Working,20,,"Greek and foreign music; relays of _MAD Radio 106,2_",wiki+radio-browser,Europe/Athens,False,
GR,Corfu Dee Jay 97.5,,Corfu,Corfu,,Music,Electronic / Dance,Greek,None,Unknown,https://sh.onweb.gr:7083/stream?type=http&nocache=35812,MP3,192,Working,662,http://resources.live24.gr/resources/images/stations/bec6ab25-e799-4958-aae6-6c1fc0dfa0cb.png,"tags: dance,electronic,hiphop,pop,trance",radio-browser,Europe/Athens,False,
GR,"Corfu DeeJay 97,5",,Corfu,the Ionian islands,97.5,Music,Rock / Alternative,Greek,None,No,http://s4.onweb.gr:8470/;,MP3,192,Working,174,,Foreign music; rebroadcasting with _95.2 Athens DeeJay_,wiki+radio-browser,Europe/Athens,False,
GR,Corfu NEW Radio,,Corfu,the Ionian islands,97.9,News & Talk,News & Talk + Music,Greek,None,No,https://cast4.my-control-panel.com/proxy/anastas2/stream,MP3,160,Working,127,https://www.radio984.gr/favicon.ico,Greek pop music; rebroadcasting with _Mega News 104.6_,wiki+radio-browser,Europe/Athens,False,
GR,ERT Corfu,ΕΡΤ Κέρκυρας,Corfu,the Ionian islands,99.3,Public,News & Talk,Greek,State,No,https://radiostreaming.ert.gr/ert-kerkyra,,,Working,0,,"News, talk and culture; Local station of Greek state radio",curated,Europe/Athens,False,
GR,KIIS 95.8,,Corfu,Corfu,,Music,Pop,Greek,None,Unknown,http://streams.enjoyfm.gr:48500/kiis958.mp3,MP3,128,Working,15,https://kiis958.gr/wp-content/uploads/2016/01/cropped-web-1-180x180.png,tags: pop,radio-browser,Europe/Athens,False,
GR,Kiis Extra FM Corfu,,Corfu,the Ionian islands,95.8,Music,Pop,Greek,None,No,http://streams.enjoyfm.gr:48500/kiis958.mp3,MP3,128,Working,15,https://kiis958.gr/wp-content/uploads/2016/01/cropped-web-1-180x180.png,"Foreign music; rebroadcasting with _Kiis Extra 9,22 Patras_",wiki+radio-browser,Europe/Athens,False,
GR,Kyma FM Stereo,,Corfu,the Ionian islands,90.3,Music,Greek music,Greek,None,No,,,,No stream found,0,,"Greek éntekhno (ex. Radio Kerkyra – formerly on 90,1)",wiki-only,Europe/Athens,False,
GR,Life News 102.9,,Corfu,Corfu,,News & Talk,News & Talk + Music,Greek,None,Unknown,https://sh.onweb.gr/8836/stream/,MP3,128,Working,12,http://resources.live24.gr/resources/images/stations/c6fb7777-a7a7-4aa5-814f-43bf113bb5de.jpg,"tags: greek music,news,news talk",radio-browser,Europe/Athens,False,
GR,Life Radio 102.9,,Corfu,the Ionian islands,102.9,News & Talk,News & Talk,Greek,None,No,https://cast4.my-control-panel.com/proxy/anastas2/stream,MP3,160,Working,127,https://www.radio984.gr/favicon.ico,News and talk; rebroadcasting with _Parapolitika FM 90.1_,wiki+radio-browser,Europe/Athens,False,
GR,Melodia Kerkyra,,Corfu,Internet-only,,News & Talk,News & Talk + Music,Greek,None,Yes,http://live.cast-control.eu:9118/stream;?1552397300972,MP3,128,Working,24,https://www.startmediacorfu.gr/favicon.ico,Entertainment,wiki+radio-browser,Europe/Athens,False,
GR,Pop 102.1,,Corfu,Corfu,,Music,Greek music,Greek,None,Unknown,http://s1.onweb.gr:8422/stream?type=http&nocache=75401,MP3,128,Working,49,http://resources.live24.gr/resources/images/stations/305b5a9e-971d-4982-b853-e8faf805ce10.png,"tags: greek,mainstream,pop",radio-browser,Europe/Athens,False,
GR,POP FM 102.2,,Corfu,the Ionian islands,102.2,Music,Greek pop,Greek,None,No,,,,No stream found,0,,Greek pop music (formerly broadcast on 102.1 and 104.1),wiki-only,Europe/Athens,False,
GR,Radio Eptanisa,,Corfu,the Ionian islands,98.8,News & Talk,News & Talk,Greek,None,No,https://cast4.my-control-panel.com/proxy/anastas2/stream,MP3,160,Working,127,https://www.radio984.gr/favicon.ico,"News and talk; rebroadcasting with _Real FM 97,8 Athens_",wiki+radio-browser,Europe/Athens,False,
GR,Radio Kerkyra,,Corfu,the Ionian islands,100.1,News & Talk,News & Talk,Greek,None,No,https://cast4.my-control-panel.com/proxy/anastas2/stream,MP3,160,Working,127,https://www.radio984.gr/favicon.ico,News and talk; rebroadcasting with _Skai 100.3 from Athens_,wiki+radio-browser,Europe/Athens,False,
GR,Radio Lefkimmi,,Corfu,the Ionian islands,105.5,Music,Rock / Alternative,Greek,None,No,https://cast4.my-control-panel.com/proxy/anastas2/stream,MP3,160,Working,127,https://www.radio984.gr/favicon.ico,Greek pop and rock music (ex. Rainbow FM Corfu),wiki+radio-browser,Europe/Athens,False,
GR,Star Corfu 88.8,,Corfu,Corfu,,Music,Pop / Hits,Greek,None,Unknown,https://sh.onweb.gr/8800/stream/,MP3,128,Working,127,http://resources.live24.gr/resources/images/stations/46955610-c578-42ce-982d-f3c1ada4b3ad.jpg,"tags: mainstream,pop music",radio-browser,Europe/Athens,False,
GR,"Star FM 88,8",,Corfu,the Ionian islands,88.8,Music,Rock / Alternative,Greek,None,No,https://onairmediagroup.live24.gr/star888xanthi,MP3,160,Working,71,,"Foreign top 40, pop and rock music; located from Corfu",wiki+radio-browser,Europe/Athens,False,
GR,Studio 1,,Corfu,the Ionian islands,87.6,News & Talk,News & Talk + Music,Greek,None,No,http://s3.onweb.gr:8872/;,MP3,128,Working,105,http://resources.live24.gr/resources/images/stations/ddeaa37c-c245-4c97-bd18-a7aefede445e.png,News & talk with Greek music; located from Achilleio,wiki+radio-browser,Europe/Athens,False,
GR,Zoom Radio 98.4,,Corfu,the Ionian islands,98.4,Music,Greek music,Greek,None,No,https://cast4.my-control-panel.com/proxy/anastas2/stream,MP3,160,Working,127,https://www.radio984.gr/favicon.ico,Greek and foreign pop (ex. Gaga/Max – formerly 101.1),wiki+radio-browser,Europe/Athens,False,
GR,Άγιος Σπυρίδων 91.1,,Corfu,Corfu,,Religious,Religious,Greek,None,Unknown,http://s3.onweb.gr:8462/,MP3,128,Working,139,https://imcorfu.gr/wp-content/uploads/2022/04/logo-im-corfu-white.png,"tags: ecclesia,greek,orthodox christian,orthodoxy,εκκλησία,ιερά μητρόπολις,ορθοδοξία",radio-browser,Europe/Athens,False,
GR,Κέρκυρα,,Corfu,Corfu,,News & Talk,News & Talk,Greek,None,Unknown,http://live.cast-control.eu:9118/stream;?1552397300972,MP3,128,Working,9,https://www.startmediacorfu.gr/favicon.ico,"tags: news,pop,talk",radio-browser,Europe/Athens,False,
GR,Κύμα 90.3,,Corfu,Corfu,,Music,Traditional / Folk,Greek,None,Unknown,http://s1.onweb.gr:8028/;stream/1,MP3,128,Working,17,http://resources.live24.gr/resources/images/stations/7470af18-b4e5-40ad-8ca8-b6989b422a2e.png,"tags: folk,greek,pop",radio-browser,Europe/Athens,False,
GR,Λευκίμμη 105.5,,Corfu,Corfu,,Other,Other,Greek,None,Unknown,http://i3.streams.ovh:12006/live,MP3,320,Working,7,http://www.e-radio.gr/_img/ico/favico.ico,tags: ,radio-browser,Europe/Athens,False,
GR,Νέο Ραδιόφωνο 97.9,,Corfu,Corfu,,Music,Greek music,Greek,None,Unknown,http://s1.onweb.gr:8820/stream?type=http&nocache=24195,MP3,128,Working,13,,"tags: greek,mainstream,pop",radio-browser,Europe/Athens,False,
GR,Ρυθμός Κέρκυρας 99.7,,Corfu,Corfu,,Music,Pop / Hits,Greek,None,Unknown,https://sh.onweb.gr//8832/stream/,MP3,128,Working,12,,"tags: mainstream,pop music",radio-browser,Europe/Athens,False,
GR,AFN 360 Souda Bay,,Crete,Kreta,,Other,Other,English,None,Unknown,http://25643.live.streamtheworld.com/AFNE_SDB_SC,MP3,96,Working,32,,tags: american forces network,radio-browser,Europe/Athens,False,
GR,Creta Fans,,Crete,Crete,,Other,Other,Greek,None,Unknown,https://sc2.streamwithq.com:2000/stream/offifans,MP3,256,Working,6,https://www.google.com/imgres?imgurl=https%3A%2F%2Flookaside.fbsbx.com%2Flookaside%2Fcrawler%2Fmedia%2F%3Fmedia_id%3D895002778869040&tbnid=7dg5ex5fNqX9WM&vet=12ahUKEwiUyKWN6eOBAxXeJBAIHT4JDQwQMygAegQIARBS..i&imgrefurl=https%3A%2F%2Fwww.facebook.com%2Fprofile.php%3Fid%3D100050779791383&docid=1pOVH1sT40D63M&w=512&h=512&q=creta%20fans%20radio&client=firefox-b-d&ved=2ahUKEwiUyKWN6eOBAxXeJBAIHT4JDQwQMygAegQIARBS,tags: ,radio-browser,Europe/Athens,False,
GR,Creta TV,,Crete,Crete,,Other,Other,Greek,None,Unknown,https://live.streams.ovh/tvcreta/tvcreta/playlist.m3u8,"AAC,H.264",1406,Working,277,,tags: ,radio-browser,Europe/Athens,False,
GR,CretaOne FM 102.3,,Crete,Crete,,Other,Other,Greek,None,Unknown,https://netradio.live24.gr/radio1023crete?1600.mp3,MP3,192,Working,2,,tags: ,radio-browser,Europe/Athens,False,
GR,Nea TV,,Crete,Crete,,Other,Other,Greek,None,Unknown,https://live.neatv.gr:8888/hls/neatv_src/index.m3u8,UNKNOWN,,Working,252,https://www.neatv.gr/wp-content/uploads/2018/12/cropped-favicon-180x180.png,tags: ,radio-browser,Europe/Athens,False,
GR,Ράδιο Σφακιά,,Crete,Crete,,Music,Greek music,Greek,None,Unknown,https://ams-pioneer02.dedicateware.com:1215/stream,MP3,128,Working,1,https://resources.live24.gr/resources/images/stations/fb2fff88-95a1-48f3-b5f8-e76b31836464.jpg,tags: greek music,radio-browser,Europe/Athens,False,
GR,101 FM1,,Cyclades,Cyclades,,Other,Other,Greek,None,Unknown,https://neos.win:59261/stream,MP3,128,Working,30,http://resources.live24.gr/resources/images/stations/d3c8bcf5-ac4f-483c-8236-57f4086fe402.png,tags: ,radio-browser,Europe/Athens,False,
GR,Aegean Live,,Cyclades,the Aegean islands,95.8,News & Talk,News & Talk,Greek,None,No,http://netradio.live24.gr/livefm896,MP3,128,Working,588,,News and talk; rebroadcasting with _NG Athens_,wiki+radio-browser,Europe/Athens,False,
GR,Aegean Voice,,Cyclades,the Aegean islands,107.5,News & Talk,News & Talk,Greek,None,No,https://sh.onweb.gr:7000/;stream,AAC+,36,Working,17,https://aegeanvoice1075.com/wp-content/uploads/2023/06/favicon.png,"News and talk; rebroadcasting with _Real FM 97,8 of Athens_",wiki+radio-browser,Europe/Athens,False,
GR,Aposperitis FM,,Cyclades,the Aegean islands,94.5,Sports,Sports,Greek,None,No,,,,No stream found,0,,"Greek laïko; rebroadcasting with _Sport FM 94,6_",wiki-only,Europe/Athens,False,
GR,Asteras Radio,,Cyclades,the Aegean islands,92.0,Music,Rock / Alternative,Greek,None,No,https://cast4.my-control-panel.com/proxy/anastas2/stream,MP3,160,Working,127,https://www.radio984.gr/favicon.ico,Greek pop and rock music (ex. Media Syros),wiki+radio-browser,Europe/Athens,False,
GR,"Atlantis 104,5",,Cyclades,the Aegean islands,104.5,Religious,Religious,Greek,None,No,https://radio.streamings.gr/proxy/atlantisfm?mp=/stream,MP3,256,Working,11,https://scontent.fath7-1.fna.fbcdn.net/v/t39.30808-1/295462106_8482254551788373_4521284502791351531_n.jpg?stp=dst-jpg_s200x200&_nc_cat=109&ccb=1-7&_nc_sid=f4b9fd&_nc_eui2=AeHZG6BTaA4F7GwsJPF_GEH1pNkd97nJcs6k2R33uclyzuYtaMpWp1kBCpBVBTgshKdyDnTkxql_ovqdkTEX1XAu&_nc_ohc=NtdrC0gbLIIQ7kNvgFQLKNY&_nc_ht=scontent.fath7-1.fna&oh=00_AYBmQepLcCn1ORlUn0XHYQrnSUcM0CAa-SdvJeBNgxJdUw&oe=66DC0A62,Religious station; rebroadcasting with _Peiraiki Ecclesia 91.2_,wiki+radio-browser,Europe/Athens,False,
GR,Cyclades FM1,,Cyclades,the Aegean islands,101.0,News & Talk,News & Talk,Greek,None,No,,,,No stream found,0,,"News; rebroadcasting with _105,5 Sto Kokkino_",wiki-only,Europe/Athens,False,
GR,Ecclesia FM,,Cyclades,the Aegean islands,89.9,Religious,Religious,Greek,None,No,,,,No stream found,0,,Radio station by the _Church of Greece_,wiki-only,Europe/Athens,False,
GR,Echo – Paros,,Cyclades,the Aegean islands,102.1,News & Talk,News & Talk + Music,Greek,None,No,,,,No stream found,0,,News and talk with Greek music; located from Parikia,wiki-only,Europe/Athens,False,
GR,Elpida FM 93.9,,Cyclades,the Aegean islands,93.9,Religious,Religious,Greek,None,No,,,,No stream found,0,,Religious; rebroadcasting with _Christianity 104.3_,wiki-only,Europe/Athens,False,
GR,Empneusi 107 FM,,Cyclades,the Aegean islands,107.0,Music,Greek music,Greek,None,No,https://stream.radiojar.com/2rsrhmepefq.mp3?1783946757550,MP3,0,Working,0,https://www.empneusi.gr/wp-content/uploads/2018/08/empneusi-512x512-170x170.png,Greek music; rebroadcasting with _Melodia 99.2 Athens_,wiki+radio-browser,Europe/Athens,False,
GR,Faros Radio,,Cyclades,the Aegean islands,104.0,Music,Greek music,Greek,None,No,https://cast4.my-control-panel.com/proxy/anastas2/stream,MP3,160,Working,127,https://www.radio984.gr/favicon.ico,"Greek éntekhno, laïko and pop music; located from Ermoupoli",wiki+radio-browser,Europe/Athens,False,
GR,Free FM 101.3,,Cyclades,the Aegean islands,101.3,News & Talk,News & Talk,Greek,None,No,,,,No stream found,0,,News and talk; rebroadcasting with _NG Athens_,wiki-only,Europe/Athens,False,
GR,Galaxias Radio,,Cyclades,the Aegean islands,93.0,Music,Greek music,Greek,None,No,https://cast4.my-control-panel.com/proxy/anastas2/stream,MP3,160,Working,127,https://www.radio984.gr/favicon.ico,Greek éntekhno and laïko; located from Mykonos,wiki+radio-browser,Europe/Athens,False,
GR,Kyklades Radio,,Cyclades,the Aegean islands,97.6,News & Talk,News & Talk + Music,Greek,None,No,https://cast4.my-control-panel.com/proxy/anastas2/stream,MP3,160,Working,127,https://www.radio984.gr/favicon.ico,News/ talk and Greek music; located from Naxos,wiki+radio-browser,Europe/Athens,False,
GR,Mesogeios 105.4,,Cyclades,the Aegean islands,105.4,News & Talk,News & Talk,Greek,None,No,,,,No stream found,0,,News and talk; rebroadcasting with _Parapolitika FM Athens_,wiki-only,Europe/Athens,False,
GR,Milos 108,,Cyclades,the Aegean islands,108.0,Music,Greek music,Greek,None,No,,,,No stream found,0,,Greek music; Amateur radio station from Milos,wiki-only,Europe/Athens,False,
GR,Mykonos FM,,Cyclades,the Aegean islands,98.1,News & Talk,News & Talk + Music,Greek,None,No,http://radio.streamings.gr:8007/stream,AAC,224,Working,47,,News/ talk and Greek music; located from Mykonos,wiki+radio-browser,Europe/Athens,False,
GR,Nissos FM 99.8,,Cyclades,the Aegean islands,99.8,Music,Greek music,Greek,None,No,,,,No stream found,0,,Amateur station with Greek music; located from Sifnos,wiki-only,Europe/Athens,False,
GR,Paronaxia 92.3,,Cyclades,the Aegean islands,92.3,Religious,Religious,Greek,None,No,,,,No stream found,0,,Religious; rebroadcasting with _Peiraiki Ecclesia_,wiki-only,Europe/Athens,False,
GR,Paros FM Stereo,,Cyclades,the Aegean islands,98.5,Music,Traditional / Folk,Greek,None,No,,,,No stream found,0,,Greek traditional and laïko music; located from Parikia,wiki-only,Europe/Athens,False,
GR,"Prime FM 100,3",,Cyclades,the Aegean islands,100.3,Music,Rock / Alternative,Greek,None,No,http://s20.myradiostream.com:6738/;listen.pls,MP3,192,Working,255,http://resources.live24.gr/resources/images/stations/04bb1a6e-6823-4ab1-8bd6-686ed934a7c7.gif,Foreign pop and rock music (ex. Syros FM Stereo),wiki+radio-browser,Europe/Athens,False,
GR,Radio Active,,Cyclades,the Aegean islands,90.3,Music,Electronic / Dance,Greek,None,No,https://cast4.my-control-panel.com/proxy/anastas2/stream,MP3,160,Working,127,https://www.radio984.gr/favicon.ico,Foreign electronica; located from Sifnos,wiki+radio-browser,Europe/Athens,False,
GR,"Radio Faros 105,9",,Cyclades,the Aegean islands,105.9,News & Talk,News & Talk,Greek,None,No,https://cast4.my-control-panel.com/proxy/anastas2/stream,MP3,160,Working,127,https://www.radio984.gr/favicon.ico,News and talk; rebroadcasting with _Skai 100.3 Athens_,wiki+radio-browser,Europe/Athens,False,
GR,Radio Prisma,,Cyclades,the Aegean islands,91.8,Music,Greek music,Greek,None,No,https://cast4.my-control-panel.com/proxy/anastas2/stream,MP3,160,Working,127,https://www.radio984.gr/favicon.ico,Greek laïko and pop music (ex. Kanali 13),wiki+radio-browser,Europe/Athens,False,
GR,Santorini FM 106.4,,Cyclades,the Aegean islands,106.4,News & Talk,News & Talk + Music,Greek,None,No,https://eco.onestreaming.com/proxy/santorini1/stream,MP3,128,Working,18,,News and talk with Greek pop music; located from Santorini,wiki+radio-browser,Europe/Athens,False,
GR,Top Melody FM,,Cyclades,the Aegean islands,104.9,News & Talk,News & Talk + Music,Greek,None,No,http://stream.melody888.gr:48500/melody.mp3,MP3,128,Working,534,https://melody888.gr/images/fav1.png,News and talk with foreign music; located from Santorini,wiki+radio-browser,Europe/Athens,False,
GR,"Venus Radio 99,3",,Cyclades,the Aegean islands,99.3,Music,Electronic / Dance,Greek,None,No,https://sh.onweb.gr/8410/;,MP3,128,Working,25,,Foreign electronica and pop music; located from Mykonos,wiki+radio-browser,Europe/Athens,False,
GR,Νησιώτικα 24/7,,Cyclades,Cyclades,,Music,Traditional / Folk,Greek,None,Unknown,https://n0f.radiojar.com/f4uubny2uexb?1709758100=&rj-tok=AAABjhWQEEQAcVrb65vN3wqd0A&rj-ttl=5,AAC,,Working,66,https://www.nisiotika.gr/nitsiotikagr.png,tags: greek traditional,radio-browser,Europe/Athens,False,
GR,Ένωση,,Distomo,Distomo,,News & Talk,News & Talk,Greek,None,Unknown,http://live.sugarweb.gr/973.mp3,MP3,128,Working,9,http://resources.live24.gr/resources/images/stations/202dbc91-0f07-40fd-8504-095415bbecdd.png,"tags: news,pop,rock,talk,trade union",radio-browser,Europe/Athens,False,
GR,Δίστομο 106.1,,Distomo,Distomo,,Music,Traditional / Folk,Greek,None,Unknown,http://radio.icehosting.com:8091/live.mp3,MP3,128,Working,676,,"tags: folk,greek,traditional",radio-browser,Europe/Athens,False,
GR,88fm Radio1,,Dodecanese,the Aegean islands,87.6,Music,World music,Greek,None,No,,,,No stream found,0,,World music and top 40; rebroadcasting with _102.5fm Radio_,wiki-only,Europe/Athens,False,
GR,Alithia Kalymnos,,Dodecanese,the Aegean islands,96.3,Religious,Religious,Greek,None,No,,,,No stream found,0,,Religious radio; rebroadcasting with _Peiraiki Ecclesia 91.2fm_,wiki-only,Europe/Athens,False,
GR,Archangelos FM,,Dodecanese,the Aegean islands,92.2,Music,Greek pop,Greek,None,No,http://s5.onweb.gr:8502/stream?type=http&nocache=77822,MP3,128,Working,26,,Greek pop music; rebroadcasting with _Sfera FM Athens_,wiki+radio-browser,Europe/Athens,False,
GR,Best FM Rodos,,Dodecanese,the Aegean islands,90.1,Music,Rock / Alternative,Greek,None,No,http://best.live24.gr/best1222,MP3,256,Working,3555,,Greek pop and rock music; located from Kremasti,wiki+radio-browser,Europe/Athens,False,
GR,"Box Radio 104,9",,Dodecanese,the Aegean islands,104.9,Music,Electronic / Dance,Greek,None,No,https://feelgood.radioca.st/stream,MP3,256,Working,33,https://cdn.e-radio.gr/logos/gr/big/boxradio1049.jpg,"Foreign music; rebroadcasting with _Hit FM 88,9 of Athens_",wiki+radio-browser,Europe/Athens,False,
GR,Ekfrasi,,Dodecanese,the Aegean islands,97.0,News & Talk,News & Talk,Greek,None,No,https://neos.win:59340/stream,MP3,128,Working,20,https://radioekfrasi.gr/favicon.ico,News and talk; rebroadcasting with _Parapolitika FM 90.1_,wiki+radio-browser,Europe/Athens,False,
GR,Galaxy 99,,Dodecanese,the Aegean islands,98.6,Music,Rock / Alternative,Greek,None,No,http://galaxy.live24.gr/galaxy9292,MP3,128,Working,193,http://resources.live24.gr/resources/images/stations/e0031951-d236-4811-8bf5-d09f0235e9b0.jpg,Foreign music (ex. Hot Radio and Alpha Gold 106.8),wiki+radio-browser,Europe/Athens,False,
GR,Kalymnos 949fm,,Dodecanese,the Aegean islands,94.9,News & Talk,News & Talk + Music,Greek,None,No,,,,No stream found,0,,"News, talk and music; rebroadcasting with _Athens 98.4 FM_",wiki-only,Europe/Athens,False,
GR,Karpathos Radio,,Dodecanese,the Aegean islands,101.3,News & Talk,News & Talk + Music,Greek,None,No,https://cast4.my-control-panel.com/proxy/anastas2/stream,MP3,160,Working,127,https://www.radio984.gr/favicon.ico,Karpathos municipal talk radio with Greek and foreign music,wiki+radio-browser,Europe/Athens,False,
GR,Kastellorizo FM,,Dodecanese,the Aegean islands,104.3,News & Talk,News & Talk,Greek,None,No,,,,No stream found,0,,News and talk; rebroadcasting with _NG Web Radio Athens_,wiki-only,Europe/Athens,False,
GR,Klik FM 93,,Dodecanese,the Aegean islands,93.0,News & Talk,News & Talk,Greek,None,No,https://freakout.stream.laut.fm/freakout,MP3,128,Working,0,https://resources.live24.gr/resources/images/stations/7344f620-f463-4e71-bda2-90f33050007d.jpg,News and talk (ex. Radio City and Kanali 3 Kos),wiki+radio-browser,Europe/Athens,False,
GR,Kosmos FM 93.8,,Dodecanese,the Aegean islands,93.8,News & Talk,News & Talk,Greek,None,No,,,,No stream found,0,,News and talk; rebroadcasting with _Parapolitika FM 90.1_,wiki-only,Europe/Athens,False,
GR,Lemon Radio,,Dodecanese,the Aegean islands,102.7,Music,Greek music,Greek,None,No,https://s2.e-resellers.gr/proxy/radio888/stream,MP3,128,Working,4,,"Greek and foreign music (ex. Klik FM, Ti Amo & Extra)",wiki+radio-browser,Europe/Athens,False,
GR,Melodia FM Rodos,,Dodecanese,the Aegean islands,95.9,Music,Greek music,Greek,None,No,,,,No stream found,0,,"Greek music; rebroadcasting with _Melodia 99,2 from Athens_",wiki-only,Europe/Athens,False,
GR,Melodia Kos,,Dodecanese,the Aegean islands,106.9,Music,Greek music,Greek,None,No,,,,No stream found,0,,"Greek music; rebroadcasting with _Love Radio 97,5 of Athens_",wiki-only,Europe/Athens,False,
GR,"Metropolis 100,5",,Dodecanese,the Aegean islands,100.5,Sports,Sports,Greek,None,No,http://metropolis.live24.gr/metropolis955thess,MP3,128,Working,2414,,Sports; rebroadcasting with _Metropolis 95.5 Thessaloniki_,wiki+radio-browser,Europe/Athens,False,
GR,"Notos News 97,8fm",,Dodecanese,the Aegean islands,96.2,News & Talk,News & Talk,Greek,None,No,https://i.streams.ovh:9331/stream,MP3,96,Working,12,http://resources.live24.gr/resources/images/stations/45562d7d-c034-4dc5-b1e0-d9ef9a804fac.jpg,News and talk; rebroadcasting with _Focus from Thessaloniki_,wiki+radio-browser,Europe/Athens,False,
GR,Olympus Radio,,Dodecanese,the Aegean islands,100.2,News & Talk,News & Talk + Music,Greek,None,No,https://cast4.my-control-panel.com/proxy/anastas2/stream,MP3,160,Working,127,https://www.radio984.gr/favicon.ico,"News and Greek music; located from Olympos, Karpathos",wiki+radio-browser,Europe/Athens,False,
GR,Palmos FM,,Dodecanese,the Aegean islands,101.1,Music,Rock / Alternative,Greek,None,No,http://ice.streamcloud.mediacdn.com/palmos983,MP3,128,Working,41,http://resources.live24.gr/resources/images/stations/44c7a23d-53b3-41ce-a2fa-f839c6c63387.png,Greek pop and rock (ex. Best Radio Kos & Muzik FM 100.3),wiki+radio-browser,Europe/Athens,False,
GR,Prime Radio,,Dodecanese,the Aegean islands,96.8,Sports,Sports,Greek,None,No,https://cast4.my-control-panel.com/proxy/anastas2/stream,MP3,160,Working,127,https://www.radio984.gr/favicon.ico,News and talk; rebroadcasting with _Interwetten Sports 94.3_,wiki+radio-browser,Europe/Athens,False,
GR,Radio Kos 98 FM,,Dodecanese,the Aegean islands,98.0,News & Talk,News & Talk + Music,Greek,None,No,https://play.streams.gr:22082/stream,MP3,128,Working,0,https://resources.live24.gr/resources/images/stations/b2185ca5-6769-4057-ac84-4a214451738a.png,"News, talk with Greek music; Kos municipal radio station",wiki+radio-browser,Europe/Athens,False,
GR,Radio Leros,,Dodecanese,the Aegean islands,102.5,News & Talk,News & Talk,Greek,None,No,https://cast4.my-control-panel.com/proxy/anastas2/stream,MP3,160,Working,127,https://www.radio984.gr/favicon.ico,Leros municipal news and culture radio station,wiki+radio-browser,Europe/Athens,False,
GR,Radio Lihnari 91.7,,Dodecanese,the Aegean islands,91.4,Music,Greek music,Greek,None,No,https://cast4.my-control-panel.com/proxy/anastas2/stream,MP3,160,Working,127,https://www.radio984.gr/favicon.ico,Greek éntekhno and laïko music; located from Rhodes,wiki+radio-browser,Europe/Athens,False,
GR,Radio Proto 915fm,,Dodecanese,the Aegean islands,91.5,News & Talk,News & Talk,Greek,None,No,https://cast4.my-control-panel.com/proxy/anastas2/stream,MP3,160,Working,127,https://www.radio984.gr/favicon.ico,News and talk; rebroadcasting with _Sfera FM Athens_,wiki+radio-browser,Europe/Athens,False,
GR,Real Voice,,Dodecanese,the Aegean islands,99.5,News & Talk,News & Talk + Music,Greek,None,No,http://netradio.live24.gr/realvoice995,MP3,192,Working,68,,"News and talk; rebroadcasting with _Real 97,8 of Athens_",wiki+radio-browser,Europe/Athens,False,
GR,Rodos FM 90.7,,Dodecanese,the Aegean islands,89.8,Music,Greek music,Greek,None,No,https://i.streams.ovh:9327/stream,MP3,128,Working,19,,Greek music (formerly on 97.7 – ex. Eroticos and Style FM),wiki+radio-browser,Europe/Athens,False,
GR,Sky FM Rodos,,Dodecanese,the Aegean islands,100.8,News & Talk,News & Talk,Greek,None,No,http://cressida.shoutca.st:9158/stream?type=http&nocache=61,MP3,192,Working,27,http://resources.live24.gr/resources/images/stations/3056f59a-742c-46d2-8b67-c243ae76e4a5.jpg,News and talk; rebroadcasting with _Skai 100.3 from Athens_,wiki+radio-browser,Europe/Athens,False,
GR,Tharri FM,,Dodecanese,the Aegean islands,104.0,Religious,Religious,Greek,None,No,,,,No stream found,0,,Religious station; rebroadcasting with _Peiraiki Ecclesia 91.2_,wiki-only,Europe/Athens,False,
GR,TOP FM,,Dodecanese,the Aegean islands,97.4,Sports,Sports,Greek,None,No,https://mcr.streams.gr/listen/topfm1024,MP3,320,Working,0,,"Sports and talk; rebroadcasting with _Bwin Sport 94,6_",wiki+radio-browser,Europe/Athens,False,
GR,Alpha News 95.5,,Drama,Macedonia,95.5,News & Talk,News & Talk,Greek,None,No,https://antares.dribbcast.com/proxy/alpha1062?mp=/stream,MP3,192,Working,161,,News and talk; rebroadcasting with _Skai 100.3_,wiki+radio-browser,Europe/Athens,False,
GR,Ble 93,,Drama,Drama,,Other,Other,Greek,None,Unknown,https://ice.greekstream.net/diavlos93,MP3,128,Working,2,https://www.ble.fm/images/logo-ble-web.png,tags: ,radio-browser,Europe/Athens,False,
GR,Blue 93 Drama,,Drama,Macedonia,93.0,Music,Greek music,Greek,None,No,,,,No stream found,0,,"Greek music; rebroadcasting with _Blue 9,25 of Thessaloniki_",wiki-only,Europe/Athens,False,
GR,Cosmos Drama,,Drama,Macedonia,97.1,Music,Traditional / Folk,Greek,None,No,http://solid2.streamupsolutions.com:24896/stream,MP3,128,Working,68,,Greek music; rebroadcasting with _Cosmos Kavala_,wiki+radio-browser,Europe/Athens,False,
GR,Diavlos Drama,,Drama,Internet-only,,Other,Other,Greek,None,Yes,,,,No stream found,0,,Entertainment,wiki-only,Europe/Athens,False,
GR,Dramini Ecclesia,,Drama,Macedonia,98.3,Religious,Religious,Greek,None,No,,,,No stream found,0,,Religious radio; rebroadcasting with _Peiraiki Ecclesia_,wiki-only,Europe/Athens,False,
GR,Melody FM,,Drama,Macedonia,100.5,Music,Electronic / Dance,Greek,None,No,http://stream.melody888.gr:48500/melody.mp3,MP3,128,Working,534,https://melody888.gr/images/fav1.png,Greek laïko and pop music; located from Drama,wiki+radio-browser,Europe/Athens,False,
GR,Pelekys FM 93.8,,Drama,Macedonia,93.8,News & Talk,News & Talk,Greek,None,No,,,,No stream found,0,,News and talk; rebroadcasting with _Athlitikos Libero_,wiki-only,Europe/Athens,False,
GR,Psithiri Radio,,Drama,Macedonia,90.3,News & Talk,News & Talk,Greek,None,No,https://cast4.my-control-panel.com/proxy/anastas2/stream,MP3,160,Working,127,https://www.radio984.gr/favicon.ico,News and talk; rebroadcasting with _Real FM 97.8_,wiki+radio-browser,Europe/Athens,False,
GR,"Radio Drama 99,1",,Drama,Macedonia,99.1,Music,Mixed music,Greek,None,No,http://pstnet6.shoutcastnet.com:60160/stream,MP3,192,Working,139,,Foreign music; rebroadcasting with _Kiss FM 92.9 Athens_,wiki+radio-browser,Europe/Athens,False,
GR,Rythmos Drama,,Drama,Macedonia,96.8,Music,Greek music,Greek,None,No,http://stream.radiojar.com/aw1w2xfx1vduv,MP3,0,Working,2374,,Greek music; rebroadcasting with _Rythmos 94.9_,wiki+radio-browser,Europe/Athens,False,
GR,Star 93.5,,Drama,Drama,,News & Talk,News & Talk + Music,Greek,None,Unknown,https://casty.youmix.gr/listen/starfm935/radio,MP3,128,Working,2,https://resources.live24.gr/resources/images/stations/2457be08-6639-4ffb-b235-daf536c45f49.png,"tags: greek pop,news talk",radio-browser,Europe/Athens,False,
GR,Star 93.5 Stereo,,Drama,Macedonia,93.5,News & Talk,News & Talk + Music,Greek,None,No,http://onairmediagroup.live24.gr/star888xanthi,MP3,160,Working,405,,News and talk with Greek pop music; located from Drama,wiki+radio-browser,Europe/Athens,False,
GR,Super FM Drama,,Drama,Macedonia,89.8,Music,Pop / Hits,Greek,None,No,http://dione.shoutca.st:8530/;?1644228381005,MP3,192,Working,88,http://resources.live24.gr/resources/images/stations/7211bd9b-8e7a-421f-8404-e29d6070621d.png,Foreign music; rebroadcasting with _Athletic Metropolis_,wiki+radio-browser,Europe/Athens,False,
GR,Δίαυλος 93,,Drama,Drama,,Music,Greek pop,Greek,None,Unknown,https://tls-chrome.live24.gr/895?http://server.insms.gr:45124/;listen.pls,MP3,320,Working,2,http://resources.live24.gr/resources/images/stations/149e8b87-9afd-4572-8e7f-330d9935e8ec.png,"tags: greek pop,mainstream",radio-browser,Europe/Athens,False,
GR,Ράδιο Δράμα 99.1,,Drama,Drama,,Other,Other,Greek,None,Unknown,http://pstnet6.shoutcastnet.com:60160/stream,MP3,192,Working,4,http://www.facebook.com/favicon.ico,tags: ,radio-browser,Europe/Athens,False,
GR,Ρυθμός 96.8,,Drama,Drama,,Music,Greek pop,Greek,None,Unknown,https://centova.streams.gr/ic/rythmos968/stream,MP3,320,Working,4,https://resources.live24.gr/resources/images/stations/983474cd-42fe-4d3e-bf73-f17e833c8731.png,tags: greek pop,radio-browser,Europe/Athens,False,
GR,Τεριρέμ,,Drama,Drama,,Religious,Religious,Greek,None,Unknown,https://c34.radioboss.fm:18213/stream,MP3,128,Working,10,https://resources.live24.gr/resources/images/stations/fe12a132-3d28-4026-82df-0b00a4b7ed8f.png,tags: orthodox christian,radio-browser,Europe/Athens,False,
GR,Αίγιο 99.2,,Egio,Egio,,Music,Traditional / Folk,Greek,None,Unknown,http://eu7.fastcast4u.com:6130/stream/,MP3,96,Working,5,https://resources.live24.gr/resources/images/stations/3ef782b8-3034-4df6-abc0-5727fd3b1f15.gif,tags: greek folk,radio-browser,Europe/Athens,False,
GR,Ελασσόνα 88.4,,Elassona,Elassona,,Music,Traditional / Folk,Greek,None,Unknown,http://solid33.streamupsolutions.com:30012/live,MP3,128,Working,162,https://www.facebook.com/favicon.ico,"tags: folk,greek,pop",radio-browser,Europe/Athens,False,
GR,Agios Timotheos,,Evia,Central Greece,97.7,Religious,Religious,Greek,None,No,,,,No stream found,0,,Religious; rebroadcasting with _Ecclesia FM Athens_,wiki-only,Europe/Athens,False,
GR,Aliveri Radio,,Evia,Central Greece,102.2,News & Talk,News & Talk + Music,Greek,None,No,https://cast4.my-control-panel.com/proxy/anastas2/stream,MP3,160,Working,127,https://www.radio984.gr/favicon.ico,News and talk with Greek music; located from Aliveri,wiki+radio-browser,Europe/Athens,False,
GR,"Amarynthos 105,3",,Evia,Central Greece,105.3,Music,Rock / Alternative,Greek,None,No,,,,No stream found,0,,"Greek laïko, pop and rock music; located from Amarynthos",wiki-only,Europe/Athens,False,
GR,Armonia Radio,,Evia,Central Greece,96.9,News & Talk,News & Talk,Greek,None,No,https://cast4.my-control-panel.com/proxy/anastas2/stream,MP3,160,Working,127,https://www.radio984.gr/favicon.ico,News and talk with Greek laïko; located from Chalcis,wiki+radio-browser,Europe/Athens,False,
GR,B19 Radio 102.4,,Evia,Central Greece,102.4,Music,Greek laïkó,Greek,None,No,https://cast4.my-control-panel.com/proxy/anastas2/stream,MP3,160,Working,127,https://www.radio984.gr/favicon.ico,Pirate radio station with Greek laïko & rebetiko music,wiki+radio-browser,Europe/Athens,False,
GR,Dalkas FM Halkida,,Evia,Central Greece,88.2,Music,Traditional / Folk,Greek,None,No,https://stream.radiojar.com/pr9r38w802hvv,AAC,0,Working,361,,"Greek laïko music (ex. Evia Top FM 88.2, Echo Radio 88.2)",wiki+radio-browser,Europe/Athens,False,
GR,Halkida Blue 99 FM,,Evia,Central Greece,99.0,Music,Greek music,Greek,None,No,,,,No stream found,0,,"Greek music; rebroadcasting with _Sfera 102,2_",wiki-only,Europe/Athens,False,
GR,Halkida Just Radio 93,,Evia,Central Greece,93.0,Music,Rock / Alternative,Greek,None,No,https://cast4.my-control-panel.com/proxy/anastas2/stream,MP3,160,Working,127,https://www.radio984.gr/favicon.ico,"Foreign pop and rock music (ex. Evia Kiss FM, Radiorama)",wiki+radio-browser,Europe/Athens,False,
GR,Halkida Polis Radio,,Evia,Central Greece,91.1,News & Talk,News & Talk + Music,Greek,None,No,https://cast4.my-control-panel.com/proxy/anastas2/stream,MP3,160,Working,127,https://www.radio984.gr/favicon.ico,Greek music; rebroadcasting with _Mega News FM Athens_,wiki+radio-browser,Europe/Athens,False,
GR,Halkida Radio Ena,,Evia,Central Greece,98.1,News & Talk,News & Talk,Greek,None,No,https://rdst.win:48000/stream?type=.mp3,MP3,128,Working,21,https://enaradio.gr/wp-content/uploads/2017/07/cropped-big_png-2-192x192.png,"News and talk; rebroadcasting with _Real FM 97,8_",wiki+radio-browser,Europe/Athens,False,
GR,Heart FM Halkida,,Evia,Central Greece,94.2,Music,Traditional / Folk,Greek,None,No,https://i2.streams.ovh:2200/ssl/artfm?mp=/stream,MP3,192,Working,18,http://resources.live24.gr/resources/images/stations/393fb9a6-5d2a-4a45-ad5c-8a43f290aec8.jpg,Greek music (ex. Avanti 94.2 and Evian Channel),wiki+radio-browser,Europe/Athens,False,
GR,HIT FM 103.5 Halkida,,Evia,Central Greece,103.5,Music,Pop / Hits,Greek,None,No,https://n10a-eu.rcs.revma.com/e4661aft4c3vv?rj-ttl=5&rj-tok=AAABnRbVaDAA1aczyKJ3F05MOw,AAC,0,Working,62,https://resources.live24.gr/resources/images/stations/0ee12f2d-3bbc-4d01-befc-b8edc3c229b6.jpg,Foreign pop music (ex. Kanali 103 fm Stereo Evia),wiki+radio-browser,Europe/Athens,False,
GR,"Home Radio 89,1",,Evia,Central Greece,89.1,Music,Rock / Alternative,Greek,None,No,https://cast4.my-control-panel.com/proxy/anastas2/stream,MP3,160,Working,127,https://www.radio984.gr/favicon.ico,Foreign pop and rock music (ex. Evia POP FM Stereo),wiki+radio-browser,Europe/Athens,False,
GR,Istiaia FM,,Evia,Central Greece,100.4,Music,Greek pop,Greek,None,No,https://stream.myip.gr/proxy/radioist2?mp=/stream,MP3,256,Working,7,http://resources.live24.gr/resources/images/stations/59fbfd86-c308-4c97-be5e-acdbaa3049e2.png,Greek and foreign pop music; located from Istiaia,wiki+radio-browser,Europe/Athens,False,
GR,Kanali Evripos,,Evia,Central Greece,90.0,Music,Rock / Alternative,Greek,None,No,http://hyades.shoutca.st:8570/;,MP3,320,Working,9,,Greek pop and rock music; located from Chalcis,wiki+radio-browser,Europe/Athens,False,
GR,Kiss 1012,,Evia,Central Greece,101.2,Music,Mixed music,Greek,None,No,https://neos.win:59261/stream,MP3,128,Working,30,http://resources.live24.gr/resources/images/stations/d3c8bcf5-ac4f-483c-8236-57f4086fe402.png,Foreign music; rebroadcasting with _Kiss FM Athens_,wiki+radio-browser,Europe/Athens,False,
GR,Kosmos fm 100,,Evia,Central Greece,100.0,News & Talk,News & Talk + Music,Greek,None,No,,,,No stream found,0,,News/ talk with Greek music; located from Chalcis,wiki-only,Europe/Athens,False,
GR,LIVE FM 89.6,,Evia,Central Greece,89.6,Music,Rock / Alternative,Greek,None,No,,,,No stream found,0,,Greek pop and rock music; located from Chalcis,wiki-only,Europe/Athens,False,
GR,"Nea Styra 95,4",,Evia,Central Greece,95.4,Music,Rock / Alternative,Greek,None,No,,,,No stream found,0,,Greek pop and rock music; located from Styra,wiki-only,Europe/Athens,False,
GR,NRG Radio 95,,Evia,Central Greece,95.0,Music,Pop,Greek,None,No,https://cast4.my-control-panel.com/proxy/anastas2/stream,MP3,160,Working,127,https://www.radio984.gr/favicon.ico,"Foreign pop music (ex. Gerrone FM 104,8)",wiki+radio-browser,Europe/Athens,False,
GR,Orama FM,,Evia,Central Greece,102.1,News & Talk,News & Talk + Music,Greek,None,No,https://netradio.live24.gr/orama1017,MP3,96,Working,1,https://resources.live24.gr/resources/images/stations/7f6faefa-6756-4b35-859b-d068242dff3f.png,News and talk with Greek music; located from Istiaia,wiki+radio-browser,Europe/Athens,False,
GR,Peiratikos Athens,,Evia,Central Greece,99.5,Music,Greek music,Greek,None,No,,,,No stream found,0,,"Greek laïko music (ex. Vima FM, City & Planet)",wiki-only,Europe/Athens,False,
GR,Ptisi (Fly FM) 103.2,,Evia,Central Greece,103.2,News & Talk,News & Talk + Music,Greek,None,No,http://sc2.streamwithq.com:8040/stream/;,MP3,128,Working,23,http://resources.live24.gr/resources/images/stations/cb5b1f04-12b1-41aa-9c22-75ddafa8be97.png,News and talk with Greek music; located from Aliveri,wiki+radio-browser,Europe/Athens,False,
GR,Radio Evia 104.1,,Evia,Central Greece,104.1,Music,Rock / Alternative,Greek,None,No,https://cast4.my-control-panel.com/proxy/anastas2/stream,MP3,160,Working,127,https://www.radio984.gr/favicon.ico,"Greek laïko, pop and rock music; located from Chalcis",wiki+radio-browser,Europe/Athens,False,
GR,"Radio Harama 99,1",,Evia,Central Greece,99.1,Music,Greek laïkó,Greek,None,No,https://cast4.my-control-panel.com/proxy/anastas2/stream,MP3,160,Working,127,https://www.radio984.gr/favicon.ico,Greek laïko and rebetiko; located from Istiaia,wiki+radio-browser,Europe/Athens,False,
GR,Shock FM 104.8,,Evia,Central Greece,104.8,Music,Rock / Alternative,Greek,None,No,,,,No stream found,0,,"Greek laïko, pop and rock music (ex. Radio Artaki 95 FM)",wiki-only,Europe/Athens,False,
GR,"Tamynaiki FM 103,9",,Evia,Central Greece,103.9,Music,Greek music,Greek,None,No,,,,No stream found,0,,Greek and foreign pop music; located from Aliveri,wiki-only,Europe/Athens,False,
GR,Workers' Radio,,Evia,Central Greece,96.5,Other,Other,Greek,None,No,https://cast4.my-control-panel.com/proxy/anastas2/stream,MP3,160,Working,127,https://www.radio984.gr/favicon.ico,"_Athens 98.4 FM_, _ERT Open_ and _NG Radio_ relays",wiki+radio-browser,Europe/Athens,False,
GR,Alexios Komninos,,Evros,Thrace,105.8,Music,Traditional / Folk,Greek,None,No,,,,No stream found,0,,Pontic Greeks music; located from Alexandroupolis,wiki-only,Europe/Athens,False,
GR,Alfa FM Evros,,Evros,Thrace,104.3,News & Talk,News & Talk,Greek,None,No,,,,No stream found,0,,News and talk; rebroadcasting with _Alpha 9.89_,wiki-only,Europe/Athens,False,
GR,Apostolos Andreas,,Evros,Thrace,90.8,Religious,Religious,Greek,None,No,,,,No stream found,0,,Religious radio; rebroadcasting with _Ecclesia 89.5 of Athens_,wiki-only,Europe/Athens,False,
GR,Apps FM Evros,,Evros,Thrace,96.6,News & Talk,News & Talk,Greek,None,No,https://stream.myip.gr/proxy/app966?mp=/stream,MP3,192,Working,44,,"News and talk; rebroadcasting with _Easy 97,2 from Athens_",wiki+radio-browser,Europe/Athens,False,
GR,DeeJay FM Evros,,Evros,Thrace,94.8,Music,Rock / Alternative,Greek,None,No,http://s4.onweb.gr:8470/;,MP3,192,Working,174,,"Foreign pop music; rebroadcasting with _95,2 Athens DeeJay_",wiki+radio-browser,Europe/Athens,False,
GR,Delta FM Stereo,,Evros,Thrace,102.3,News & Talk,News & Talk,Greek,None,No,,,,No stream found,0,,News and talk; rebroadcasting with _Skai 100.3 Athens_,wiki-only,Europe/Athens,False,
GR,Eurosky FM,,Evros,Thrace,100.4,Music,Rock / Alternative,Greek,None,No,http://cressida.shoutca.st:9158/stream?type=http&nocache=61,MP3,192,Working,27,http://resources.live24.gr/resources/images/stations/3056f59a-742c-46d2-8b67-c243ae76e4a5.jpg,"Greek laïko, pop and rock music; located from Fylakio",wiki+radio-browser,Europe/Athens,False,
GR,Focus FM Evros,,Evros,Thrace,88.9,News & Talk,News & Talk + Music,Greek,None,No,https://ice.greekstream.net/focusfm,MP3,128,Working,693,https://focusfm.gr/images/apple-touch-icon.png,"News and talk with Greek music (ex. Ellinikos 88,9 Evros)",wiki+radio-browser,Europe/Athens,False,
GR,Heat Radio 88.3,,Evros,Thrace,88.3,Music,Rock / Alternative,Greek,None,No,https://cast4.my-control-panel.com/proxy/anastas2/stream,MP3,160,Working,127,https://www.radio984.gr/favicon.ico,Foreign pop and rock music; located from Alexandroupolis,wiki+radio-browser,Europe/Athens,False,
GR,Kanali (Channel) 5,,Evros,Thrace,97.3,Music,Greek music,Greek,None,No,,,,No stream found,0,,Greek and foreign pop/ballads; located from Alexandroupolis,wiki-only,Europe/Athens,False,
GR,MAD FM 107,,Evros,Thrace,107.0,Music,Mixed music,Greek,None,No,,,,No stream found,0,,Foreign music; rebroadcasting with _Mad Radio of Athens_,wiki-only,Europe/Athens,False,
GR,Maximum Radio,,Evros,Thrace,92.4,News & Talk,News & Talk,Greek,None,No,https://cast4.my-control-panel.com/proxy/anastas2/stream,MP3,160,Working,127,https://www.radio984.gr/favicon.ico,"News and talk; rebroadcasting with _Real FM 97,8 Athens_",wiki+radio-browser,Europe/Athens,False,
GR,"Metro Radio 97,8",,Evros,Thrace,97.8,Music,Pop,Greek,None,No,https://stream.crete.ovh:8443/metro,AAC+,64,Working,270,https://www.metroradio.gr/wp-content/uploads/2020/05/metro-logo-for-web.png,"Foreign pop music (ex. Noise Radio, Sfaira FM & NRG 92.6)",wiki+radio-browser,Europe/Athens,False,
GR,NRG Radio,,Evros,Thrace,98.5,Music,Greek music,Greek,None,No,http://s1.onweb.gr:8412/stream,MP3,128,Working,76,,"Greek music (ex. Thea 98.6, Ixorama 102.6, Klik FM 105.8)",wiki+radio-browser,Europe/Athens,False,
GR,Orestiada 1015,,Evros,Thrace,101.5,News & Talk,News & Talk,Greek,None,No,https://neos.win:59261/stream,MP3,128,Working,30,http://resources.live24.gr/resources/images/stations/d3c8bcf5-ac4f-483c-8236-57f4086fe402.png,Orestiada municipal news/ talk radio; _Athens 98.4 FM_ relays,wiki+radio-browser,Europe/Athens,False,
GR,Polis FM 102.6,,Evros,Thrace,102.6,News & Talk,News & Talk + Music,Greek,None,No,http://eco.onestreaming.com:8334/;,MP3,128,Working,71,,Greek music; rebroadcasting with _Rythmos 949 Athens_,wiki+radio-browser,Europe/Athens,False,
GR,Radio Elpida,,Evros,Thrace,96.1,Religious,Religious,Greek,None,No,https://cast4.my-control-panel.com/proxy/anastas2/stream,MP3,160,Working,127,https://www.radio984.gr/favicon.ico,Religious radio; rebroadcasting with _Ecclesia Radio 89.5_,wiki+radio-browser,Europe/Athens,False,
GR,"Radio Evros 97,1",,Evros,Thrace,95.3,Sports,Sports,Greek,None,No,https://live.radioevros.gr/,MP3,128,Working,15,,"News and talk; rebroadcasting with _Sport FM 94,6 of Athens_",wiki+radio-browser,Europe/Athens,False,
GR,Sferikos FM,,Evros,Thrace,92.9,News & Talk,News & Talk,Greek,None,No,,,,No stream found,0,,News and talk; rebroadcasting with _Parapolitika Radio_,wiki-only,Europe/Athens,False,
GR,Sky FM Orestiada,,Evros,Thrace,101.8,Music,Rock / Alternative,Greek,None,No,http://cressida.shoutca.st:9158/stream?type=http&nocache=61,MP3,192,Working,27,http://resources.live24.gr/resources/images/stations/3056f59a-742c-46d2-8b67-c243ae76e4a5.jpg,"Greek laïko, pop and rock music; located from Fylakio",wiki+radio-browser,Europe/Athens,False,
GR,"Status Radio 94,2",,Evros,Thrace,94.2,News & Talk,News & Talk,Greek,None,No,https://cast4.my-control-panel.com/proxy/anastas2/stream,MP3,160,Working,127,https://www.radio984.gr/favicon.ico,"News and talk; rebroadcasting with _Radio Thessaloniki 94,5_",wiki+radio-browser,Europe/Athens,False,
GR,Thraki Radio 99.8,,Evros,Thrace,87.5,News & Talk,News & Talk,Greek,None,No,https://cast4.my-control-panel.com/proxy/anastas2/stream,MP3,160,Working,127,https://www.radio984.gr/favicon.ico,News and talk; rebroadcasting with _Athens 98.4 FM_,wiki+radio-browser,Europe/Athens,False,
GR,You FM Evros,,Evros,Thrace,95.7,Music,Electronic / Dance,Greek,None,No,http://eco.onestreaming.com:8880/stream,MP3,0,Working,12,http://resources.live24.gr/resources/images/stations/ad74155b-549a-47e1-b5f9-5a71a419ca89.png,"Foreign pop music (ex. Ola Laika FM and Ellada FM 98,7)",wiki+radio-browser,Europe/Athens,False,
GR,Yparxo FM,,Evros,Thrace,101.4,Music,Greek laïkó,Greek,None,No,,,,No stream found,0,,"Greek laïko and rebetiko (ex. Star FM 101,4 Alexandroupolis)",wiki-only,Europe/Athens,False,
GR,Θαλασσόλυκος 102.1,,Evros,Evros,,Music,Traditional / Folk,Greek,None,Unknown,http://sc2.streamwithq.com:8130/;,MP3,192,Working,47,https://www.facebook.com/favicon.ico,"tags: folk,greek",radio-browser,Europe/Athens,False,
GR,Karpenisi FM,,Evrytania,Central Greece,97.5,News & Talk,News & Talk,Greek,None,No,,,,No stream found,0,,News and talk; rebroadcasting with _Parapolitika 90.1_,wiki-only,Europe/Athens,False,
GR,Radio Voulpi,,Evrytania,Central Greece,105.4,Music,Traditional / Folk,Greek,None,No,https://cast4.my-control-panel.com/proxy/anastas2/stream,MP3,160,Working,127,https://www.radio984.gr/favicon.ico,Amateur radio station with Greek traditional music,wiki+radio-browser,Europe/Athens,False,
GR,Stoxos Karpenisi,,Evrytania,Central Greece,104.9,Music,Greek music,Greek,None,No,,,,No stream found,0,,"Greek and foreign music (ex. Super FM, Eurytus Radio)",wiki-only,Europe/Athens,False,
GR,Radio Fanos,,"Fanos, Kilkis",Internet-only,,Other,Other,Greek,None,Yes,https://cast4.my-control-panel.com/proxy/anastas2/stream,MP3,160,Working,127,https://www.radio984.gr/favicon.ico,Entertainment,wiki+radio-browser,Europe/Athens,False,
GR,Πρώτος Τύπος Φαρσάλων,,Farsala,Farsala,,Other,Other,Greek,None,Unknown,https://ams-pioneer02.dedicateware.com:1955/stream,MP3,192,Working,1,,tags: ,radio-browser,Europe/Athens,False,
GR,ERT Florina,ΕΡΤ Φλώρινας,Florina,Macedonia,96.6,Public,News & Talk,Greek,State,No,https://radiostreaming.ert.gr/ert-florina,,,Working,0,,News and talk; Local station of Greek state radio,curated,Europe/Athens,False,
GR,"Pnoi 98,3 Florina",,Florina,Macedonia,98.3,Religious,Religious,Greek,None,No,,,,No stream found,0,,"Religious radio; rebroadcasting with _Ecclesia 89,5_",wiki-only,Europe/Athens,False,
GR,Radio Lechovo,,Florina,Macedonia,97.1,News & Talk,News & Talk,Greek,None,No,https://cast4.my-control-panel.com/proxy/anastas2/stream,MP3,160,Working,127,https://www.radio984.gr/favicon.ico,News and talk; located from Lechovo,wiki+radio-browser,Europe/Athens,False,
GR,Rythmos 104,,Florina,Macedonia,104.0,Music,Rock / Alternative,Greek,None,No,http://stream.radiojar.com/aw1w2xfx1vduv,MP3,0,Working,2374,,Greek pop and rock music (ex. Third Channel from Lechovo),wiki+radio-browser,Europe/Athens,False,
GR,"True Story 102,8fm",,Florina,Macedonia,102.8,News & Talk,News & Talk,Greek,None,No,https://sp1.19cloudsnetwork.gr/8040/stream,MP3,320,Working,31,https://resources.live24.gr/resources/images/stations/f16907df-9d0a-4752-a640-5e696175aa15.jpeg,News and talk (ex. Vivagr 102.8 and Radio Fasma 103),wiki+radio-browser,Europe/Athens,False,
GR,"Alpha FM 9,44",,Fokida,Central Greece,94.2,News & Talk,News & Talk,Greek,None,No,http://stream.radiojar.com/xcdg6yggzfeuv,MP3,0,Working,609,,News and talk; rebroadcasting with _Alpha 98.9 of Athens_,wiki+radio-browser,Europe/Athens,False,
GR,Antenna 105.3,,Fokida,Central Greece,105.3,News & Talk,News & Talk,Greek,None,No,,,,No stream found,0,,News and talk; rebroadcasting with _Real FM of Athens_,wiki-only,Europe/Athens,False,
GR,"Chroma FM 102,1",,Fokida,Central Greece,102.1,Music,Rock / Alternative,Greek,None,No,,,,No stream found,0,,Greek pop and rock music (ex. Radio Cosmos 102.1 FM),wiki-only,Europe/Athens,False,
GR,Derti 105.7 Patras,,Fokida,Central Greece,105.7,Music,Greek music,Greek,None,No,http://derti.live24.gr/derty1000,AAC+,160,Working,5418,,"Greek laïko (ex. Sentra, Beautiful, Love, Diavlos 513)",wiki+radio-browser,Europe/Athens,False,
GR,Firma FM,,Fokida,Central Greece,104.8,Music,Greek music,Greek,None,No,,,,No stream found,0,,Greek music; rebroadcasting with _Blackman FM Athens_,wiki-only,Europe/Athens,False,
GR,Free 1011 Patras,,Fokida,Central Greece,101.1,Music,Rock / Alternative,Greek,None,No,https://neos.win:59261/stream,MP3,128,Working,30,http://resources.live24.gr/resources/images/stations/d3c8bcf5-ac4f-483c-8236-57f4086fe402.png,Foreign pop and rock music (ex. Studio 20 FM Patras),wiki+radio-browser,Europe/Athens,False,
GR,Galaxias FM,,Fokida,Central Greece,92.1,News & Talk,News & Talk,Greek,None,No,https://sonic.serverps.gr/8018/stream,MP3,128,Working,17,http://www.galaxiasfm.gr/wp-content/uploads/2020/12/galaxias.bmp,News and talk; rebroadcasting with _Skai 100.3_,wiki+radio-browser,Europe/Athens,False,
GR,Kiis Extra 922,,Fokida,Central Greece,92.2,Music,Rock / Alternative,Greek,None,No,http://streams.enjoyfm.gr:48500/kiis958.mp3,MP3,128,Working,15,https://kiis958.gr/wp-content/uploads/2016/01/cropped-web-1-180x180.png,Foreign pop and rock music (ex. Kiss FM Patras 922),wiki+radio-browser,Europe/Athens,False,
GR,Lychnos Radio,,Fokida,Central Greece,92.9,Religious,Religious,Greek,None,No,https://cast4.my-control-panel.com/proxy/anastas2/stream,MP3,160,Working,127,https://www.radio984.gr/favicon.ico,"Religious radio; rebroadcasting with _Christianity FM 104,3_",wiki+radio-browser,Europe/Athens,False,
GR,Max 93.4 Stereo,,Fokida,Central Greece,93.4,News & Talk,News & Talk,Greek,None,No,http://solid9.streamupsolutions.com:8066/stream,MP3,128,Working,63,,News and talk; rebroadcasting with _Parapolitika FM Athens_,wiki+radio-browser,Europe/Athens,False,
GR,Peloponnisos FM,,Fokida,Central Greece,103.9,News & Talk,News & Talk + Music,Greek,None,No,https://i.streams.ovh/sc/peloponnisosfm/stream,MP3,128,Working,14,https://pelop.gr/wp-content/themes/pelop/images/favicon/apple-touch-icon.png,News and talk; rebroadcasting with _Athens 98.4 FM_,wiki+radio-browser,Europe/Athens,False,
GR,"Radio 9,15",,Fokida,Central Greece,91.5,Music,Rock / Alternative,Greek,None,No,https://cast4.my-control-panel.com/proxy/anastas2/stream,MP3,160,Working,127,https://www.radio984.gr/favicon.ico,"Greek pop and rock music (ex. Radio TV Press 9,77)",wiki+radio-browser,Europe/Athens,False,
GR,"Radio Aigio 99,2",,Fokida,Central Greece,99.2,News & Talk,News & Talk + Music,Greek,None,No,https://cast4.my-control-panel.com/proxy/anastas2/stream,MP3,160,Working,127,https://www.radio984.gr/favicon.ico,News and talk with Greek music; located from Aigio,wiki+radio-browser,Europe/Athens,False,
GR,Radio Amfissa,,Fokida,Central Greece,104.4,News & Talk,News & Talk,Greek,None,No,https://cast4.my-control-panel.com/proxy/anastas2/stream,MP3,160,Working,127,https://www.radio984.gr/favicon.ico,News and talk; rebroadcasting with _Real FM of Athens_,wiki+radio-browser,Europe/Athens,False,
GR,"Radio Faros 88,2",,Fokida,Central Greece,88.2,Religious,Religious,Greek,None,No,https://cast4.my-control-panel.com/proxy/anastas2/stream,MP3,160,Working,127,https://www.radio984.gr/favicon.ico,Religious radio; rebroadcasting with _Christianity 104.3 Athens_,wiki+radio-browser,Europe/Athens,False,
GR,Rythmos Patras,,Fokida,Central Greece,94.9,Music,Greek pop,Greek,None,No,http://stream.radiojar.com/aw1w2xfx1vduv,MP3,0,Working,2374,,Greek pop music; relays of the namesake radio from Athens,wiki+radio-browser,Europe/Athens,False,
GR,Skylos FM,,Fokida,Central Greece,90.0,Music,Greek music,Greek,None,No,https://n04.radiojar.com/819r8wupdrruv?1776102680,MP3,0,Working,17,https://skylos90fm.gr/wp-content/uploads/2019/12/cropped-mad-designer-768x623.png,Greek music; rebroadcasting with _Mousikos FM Athens_,wiki+radio-browser,Europe/Athens,False,
GR,"Sport FM 96,3 Patras",,Fokida,Central Greece,96.3,Sports,Sports,Greek,None,No,http://n0b.radiojar.com/yb7bcbkfewzuv?rj-ttl=5&rj-tok=AAABhE8OfscAWLZ-gC5hhZqxPA,MP3,0,Working,25,http://resources.live24.gr/resources/images/stations/214ecfdd-4c68-481d-aaa4-3e2b7a9799f7.png,"Sports and talk; rebroadcasting with _Sport 94,6 from Athens_",wiki+radio-browser,Europe/Athens,False,
GR,TOP FM Stereo,,Fokida,Central Greece,93.0,Music,Electronic / Dance,Greek,None,No,http://s6.onweb.gr:8012/stream?type=http&nocache=231154,MP3,128,Working,75,http://resources.live24.gr/resources/images/stations/582741e3-e96b-4f3a-8bde-8eb92b1d9473.jpg,"Foreign electronic, disco and pop music; located from Patras",wiki+radio-browser,Europe/Athens,False,
GR,101 Rock FM,,Fthiotida,Central Greece,101.0,Music,Rock / Alternative,Greek,None,No,https://neos.win:59261/stream,MP3,128,Working,30,http://resources.live24.gr/resources/images/stations/d3c8bcf5-ac4f-483c-8236-57f4086fe402.png,Foreign rock music; rebroadcasts _1055 Rock Thessaloniki_,wiki+radio-browser,Europe/Athens,False,
GR,Avanti FM,,Fthiotida,Central Greece,97.7,Music,Pop,Greek,None,No,http://avantifm.live24.gr/avantifm,MP3,128,Working,73,,Foreign music; rebroadcasting with _Avanti 107.6 Larissa_,wiki+radio-browser,Europe/Athens,False,
GR,Blackman,,Fthiotida,Central Greece,103.1,Music,Traditional / Folk,Greek,None,No,https://control.tastreams.eu:2200/radio/black9326?mp=/stream,MP3,192,Down,23,http://resources.live24.gr/resources/images/stations/6998638f-3c87-47a9-80b8-daefa3c43d84.png,"Greek music (formerly on 103.2, 103.3 & 104.9)",wiki+radio-browser,Europe/Athens,False,
GR,Cult Radio,,Fthiotida,Central Greece,99.8,Music,Greek music,Greek,None,No,http://sh.onweb.gr:8876/stream,MP3,96,Working,2,https://cultradio.gr/wp-content/uploads/2024/05/Cult_Radio_Logo_For_Out_NO_BACK-300x180.png,"Greek and foreign music (ex. Magic 100, Kosmos FM)",wiki+radio-browser,Europe/Athens,False,
GR,Ecclesia's Voice,,Fthiotida,Central Greece,89.4,Religious,Religious,Greek,None,No,https://stream.radiojar.com/u52ufw1qayduv?1777638187,MP3,0,Working,2,https://www.voice1025.gr/wp-content/uploads/2025/02/cropped-voice_logo.png,Religious; relays of the namesake radio station from Athens,wiki+radio-browser,Europe/Athens,False,
GR,Fystiki Radio,,Fthiotida,Central Greece,95.8,Music,Greek music,Greek,None,No,https://cast4.my-control-panel.com/proxy/anastas2/stream,MP3,160,Working,127,https://www.radio984.gr/favicon.ico,Greek and foreign music (ex. Loud Radio & TOP 9.55),wiki+radio-browser,Europe/Athens,False,
GR,Glenti FM,,Fthiotida,Central Greece,95.0,Music,Traditional / Folk,Greek,None,No,http://onairmediagroup.live24.gr/glenti1011xanthi,MP3,160,Working,109,,Greek traditional music; rebroadcasts _Glenti Larissa_,wiki+radio-browser,Europe/Athens,False,
GR,Lamia DeeJay,,Fthiotida,Central Greece,91.2,Music,Pop / Hits,Greek,None,No,http://mediacp.32bit.gr:8014/stream,MP3,128,Working,40,http://resources.live24.gr/resources/images/stations/ac0e1446-898c-43cb-962d-18d0c597d596.png,Foreign music; rebroadcasting with _95.2 Athens DeeJay_,wiki+radio-browser,Europe/Athens,False,
GR,Lamia FM1,,Fthiotida,Central Greece,96.2,News & Talk,News & Talk,Greek,None,No,,,,No stream found,0,,News and talk; rebroadcasting with _Skai 100.3 of Athens_,wiki-only,Europe/Athens,False,
GR,Lamia Polis,,Fthiotida,Central Greece,87.7,News & Talk,News & Talk + Music,Greek,None,No,https://s6.e-resellers.gr/8038/stream,MP3,128,Working,20,http://resources.live24.gr/resources/images/stations/f7460132-af05-4f5c-a4d9-a4009fb160fb.jpg,"News, talk, Greek and foreign music (ex. Phase Radio)",wiki+radio-browser,Europe/Athens,False,
GR,Melodia Radio,,Fthiotida,Central Greece,88.0,News & Talk,News & Talk,Greek,None,No,https://cast4.my-control-panel.com/proxy/anastas2/stream,MP3,160,Working,127,https://www.radio984.gr/favicon.ico,"News and talk; rebroadcasts _Melodia 99,2_ and _NG Radio_",wiki+radio-browser,Europe/Athens,False,
GR,Metro FM Lamia,,Fthiotida,Central Greece,90.3,Music,Rock / Alternative,Greek,None,No,http://onairmediagroup.live24.gr/metrofm978xanthi,MP3,160,Working,20,,Greek pop music; rebroadcasting with _Metro 94.2 of Larissa_,wiki+radio-browser,Europe/Athens,False,
GR,Nova FM 92.1,,Fthiotida,Central Greece,92.1,Music,Greek music,Greek,None,No,,,,No stream found,0,,"Greek and foreign music; rebroadcasts _Real FM 97,8_",wiki-only,Europe/Athens,False,
GR,NRG FM 92.4,,Fthiotida,Central Greece,92.4,Music,Mixed music,Greek,None,No,,,,No stream found,0,,Foreign music; rebroadcasting with _NRG 91 Larissa_,wiki-only,Europe/Athens,False,
GR,"Orpheus 103,6fm",,Fthiotida,Central Greece,103.6,Religious,Religious,Greek,None,No,,,,No stream found,0,,Religious radio; rebroadcasting with _Peiraiki Ecclesia_,wiki-only,Europe/Athens,False,
GR,Oscar FM 90.9,,Fthiotida,Central Greece,90.9,Music,Rock / Alternative,Greek,None,No,http://mediacp.32bit.gr:8008/stream,MP3,128,Working,10,http://www.facebook.com/favicon.ico,"Greek éntekhno- laïko, pop and rock; located from Komma ""Lamia (city)"")",wiki+radio-browser,Europe/Athens,False,
GR,"Radio NET 101,9",,Fthiotida,Central Greece,101.9,Sports,Sports,Greek,None,No,https://cast4.my-control-panel.com/proxy/anastas2/stream,MP3,160,Working,127,https://www.radio984.gr/favicon.ico,News and talk; rebroadcasting with _Sport FM of Athens_,wiki+radio-browser,Europe/Athens,False,
GR,Radio Roumeli,,Fthiotida,Central Greece,98.0,News & Talk,News & Talk,Greek,None,No,https://cast4.my-control-panel.com/proxy/anastas2/stream,MP3,160,Working,127,https://www.radio984.gr/favicon.ico,News and talk; rebroadcasting with _Athens 98.4 FM_,wiki+radio-browser,Europe/Athens,False,
GR,Star FM 97.1,,Fthiotida,Central Greece,97.1,News & Talk,News & Talk + Music,Greek,None,No,https://onairmediagroup.live24.gr/star888xanthi,MP3,160,Working,71,,"News, talk, Greek and foreign music; located from Lamia ""Lamia (city)"")",wiki+radio-browser,Europe/Athens,False,
GR,Stylida Radio,,Fthiotida,Central Greece,93.8,News & Talk,News & Talk,Greek,None,No,https://cast4.my-control-panel.com/proxy/anastas2/stream,MP3,160,Working,127,https://www.radio984.gr/favicon.ico,News and talk; rebroadcasting with _Parapolitika FM_,wiki+radio-browser,Europe/Athens,False,
GR,1ο Ερασιτεχνικό Πρόγραμμα Γαργαλιάνων 88.8,,Gargaliani,Gargaliani,,Other,Other,Greek,None,Unknown,https://i2.streams.ovh:2200/ssl/trelostwnfm?mp=/stream&1671747517218,MP3,320,Working,113,http://resources.live24.gr/resources/images/stations/932cd546-f73f-4550-aa61-aa71f174244e.jpg,tags: ,radio-browser,Europe/Athens,False,
GR,Αλήτης 97.1,,Giannitsa,Giannitsa,,Music,Traditional / Folk,Greek,None,Unknown,https://premium.streams.gr/ic/orfeas101/stream,MP3,,Working,12,https://resources.live24.gr/resources/images/stations/2669d1ac-797b-46db-87af-743f37342e04.png,tags: greek folk,radio-browser,Europe/Athens,False,
GR,ANT1 Grevena,,Grevena,Macedonia,94.0,Music,Greek music,Greek,None,No,https://rdst.win:48000/stream?type=.mp3,MP3,128,Working,21,https://enaradio.gr/wp-content/uploads/2017/07/cropped-big_png-2-192x192.png,"Greek and foreign music; rebroadcasting with _Easy 97,2_",wiki+radio-browser,Europe/Athens,False,
GR,Grevena FM,,Grevena,Macedonia,101.5,News & Talk,News & Talk,Greek,None,No,https://rdst.win:48000/stream?type=.mp3,MP3,128,Working,21,https://enaradio.gr/wp-content/uploads/2017/07/cropped-big_png-2-192x192.png,News and talk; rebroadcasting with _Status FM Thessaloniki_,wiki+radio-browser,Europe/Athens,False,
GR,Radio Deskati,,Grevena,Macedonia,104.7,Music,Traditional / Folk,Greek,None,No,https://cast4.my-control-panel.com/proxy/anastas2/stream,MP3,160,Working,127,https://www.radio984.gr/favicon.ico,Greek traditional and skiladiko; located from Deskati,wiki+radio-browser,Europe/Athens,False,
GR,Star 93.3,,Grevena,Grevena,,News & Talk,News & Talk + Music,Greek,None,Unknown,http://proradio.gr:8004/star933,AAC+,128,Working,23,http://resources.live24.gr/resources/images/stations/c71931a2-0ecc-4670-82a9-0196013e6f73.gif,"tags: greek music,news,pop",radio-browser,Europe/Athens,False,
GR,Star FM,,Grevena,Macedonia,93.3,News & Talk,News & Talk,Greek,None,No,https://onairmediagroup.live24.gr/star888xanthi,MP3,160,Working,71,,News and talk; rebroadcasting with _Skai 100.3 from Athens_,wiki+radio-browser,Europe/Athens,False,
GR,Star Γρεβενά,,Grevena,Grevena,,News & Talk,News & Talk,Greek,None,Unknown,http://proradio.gr:8004/star933,AAC+,128,Working,8,http://resources.live24.gr/resources/images/stations/c71931a2-0ecc-4670-82a9-0196013e6f73.gif,"tags: news,pop,talk",radio-browser,Europe/Athens,False,
GR,Ράδιο Γρεβενά 101.5,,Grevena,Grevena,,News & Talk,News & Talk,Greek,None,Unknown,https://a8.asurahosting.com:6770/radio.mp3,MP3,192,Working,2,https://resources.live24.gr/resources/images/stations/067cab72-4767-4d1e-9fd3-6b56947684ef.jpg,"tags: greek folk,news talk",radio-browser,Europe/Athens,False,
GR,984 Kriti,,Heraklion,Heraclion,,Other,Other,"Ancient Greek,Greek",None,Unknown,http://cast4.my-control-panel.com:9003/stream,MP3,160,Working,11,https://www.radio984.gr/wp-content/uploads/2018/04/logo-984-white.png,tags: ,radio-browser,Europe/Athens,False,
GR,Alpha News 106.2,,Heraklion,Crete,106.2,News & Talk,News & Talk + Music,Greek,None,No,https://antares.dribbcast.com/proxy/alpha1062?mp=/stream,MP3,192,Working,161,,"News, talk, culture and Greek music (ex. Heraklion Radio)",wiki+radio-browser,Europe/Athens,False,
GR,Anamnisi 91 FM,,Heraklion,Crete,91.0,Music,Greek music,Greek,None,No,,,,No stream found,0,,Greek éntekhno and laïko music (ex. Radio Kastro 91),wiki-only,Europe/Athens,False,
GR,Athletic Radio Crete,,Heraklion,Crete,104.2,Sports,Sports,Greek,None,No,https://cast4.my-control-panel.com/proxy/anastas2/stream,MP3,160,Working,127,https://www.radio984.gr/favicon.ico,Sports and talk; rebroadcasting with _Sport FM 94.6_,wiki+radio-browser,Europe/Athens,False,
GR,Athletic Σπορ 104.2,,Heraklion,Heraclion,,Other,Other,Greek,None,Unknown,https://i5.streams.ovh:2200/ssl/web300?mp=/stream&1691786114861,MP3,128,Working,15,,tags: ,radio-browser,Europe/Athens,False,
GR,Best Radio 94.7,,Heraklion,Crete,94.7,Music,Rock / Alternative,Greek,None,No,http://netradio.live24.gr/best1222,MP3,256,Working,1915,,Foreign alternative rock music; located from Heraklion,wiki+radio-browser,Europe/Athens,False,
GR,Candia FM 93.6,,Heraklion,Crete,93.6,News & Talk,News & Talk + Music,Greek,None,No,https://www.fmlive.gr/8004/stream,MP3,64,Working,5,https://resources.live24.gr/resources/images/stations/805e4bb2-f5a6-445e-91be-46579a65da70.jpg,News and talk with Greek music (ex. Entexnos & Radio 936),wiki+radio-browser,Europe/Athens,False,
GR,City 100,,Heraklion,Heraclion,,Other,Other,Greek,None,Unknown,https://eco.onestreaming.com/proxy/cityfm/stream,MP3,128,Working,4,http://resources.live24.gr/resources/images/stations/0a0aa307-e027-470d-ad16-9d8ab0dab56e.png,tags: ,radio-browser,Europe/Athens,False,
GR,City FM Heraklion,,Heraklion,Crete,100.0,Music,Greek music,Greek,None,No,https://radio.lancom.gr:9012/stream5?1700927157379,MP3,128,Working,57,https://www.city1061.gr/images/full-window/CITY1061_LOGO_ORANGE_TRANSPARENT_NEGATIVE.png,Greek and foreign pop music (ex. Flash Crete),wiki+radio-browser,Europe/Athens,False,
GR,Creta One,,Heraklion,Crete,102.3,News & Talk,News & Talk + Music,Greek,None,No,,,,No stream found,0,,"News and talk with Greek music (ex. New Radio 102,3)",wiki-only,Europe/Athens,False,
GR,Creta Sport FM,,Heraklion,Crete,87.6,Sports,Sports,Greek,None,No,http://n0b.radiojar.com/yb7bcbkfewzuv?rj-ttl=5&rj-tok=AAABhE8OfscAWLZ-gC5hhZqxPA,MP3,0,Working,25,http://resources.live24.gr/resources/images/stations/214ecfdd-4c68-481d-aaa4-3e2b7a9799f7.png,"Sports, talk with Greek music; located from Heraklion",wiki+radio-browser,Europe/Athens,False,
GR,Dream 90.7 FM,,Heraklion,Crete,90.7,News & Talk,News & Talk + Music,Greek,None,No,https://neos.win:48420/stream,MP3,128,Working,12,,News and talk with Greek music; located from Tympaki,wiki+radio-browser,Europe/Athens,False,
GR,Dream Ηράκλειο,,Heraklion,Heraclion,,News & Talk,News & Talk,Greek,None,Unknown,https://neos.win:48420/stream,MP3,128,Working,15,https://dreamfm.gr/wp-content/uploads/2020/03/cropped-favicon-180x180.png,"tags: greek,news,pop,talk",radio-browser,Europe/Athens,False,
GR,DRS 95.3,,Heraklion,Heraclion,,Music,Pop,Greek,None,Unknown,http://drs953.live24.gr/drs953,MP3,128,Working,53,,"tags: disco,italo disco,pop",radio-browser,Europe/Athens,False,
GR,DRS FM 95.3,,Heraklion,Crete,95.3,Music,Electronic / Dance,Greek,None,No,https://drs953.live24.gr/drs953,MP3,128,Working,9,https://www.drs953.gr/uploads/2023/12/DRS-953-Logo.png,Foreign electronic and disco music; located from Heraklion,wiki+radio-browser,Europe/Athens,False,
GR,Entexnos Radio,,Heraklion,Crete,92.5,Music,Greek music,Greek,None,No,https://cast4.my-control-panel.com/proxy/anastas2/stream,MP3,160,Working,127,https://www.radio984.gr/favicon.ico,"Greek éntekhno music (ex. Pena, Max 925 & Radio Yparxo)",wiki+radio-browser,Europe/Athens,False,
GR,Erotokritos FM,,Heraklion,Crete,87.9,Music,Traditional / Folk,Greek,None,No,http://stream2.proradio.gr:8004/erotokritos,MP3,128,Working,125,,"Cretan traditional music (ex. Hellas FM, formerly on 94)",wiki+radio-browser,Europe/Athens,False,
GR,ERT Heraklion,ΕΡΤ Ηρακλείου,Heraklion,Crete,97.5,Public,"News, Talk & Greek music",Greek,State,No,https://radiostreaming.ert.gr/ert-heraklio,,,Working,0,,"News, talk and Greek music; Local station of Greek state radio",curated,Europe/Athens,False,
GR,Family FM 89.5,,Heraklion,Heraklion Crete,,Music,Children,Greek,None,Unknown,http://193.227.111.111:8002/;,MP3,128,Working,2,https://www.radiofamily.gr/uploads/2025/10/cropped-favicon-192x192.png,tags: children's music,radio-browser,Europe/Athens,False,
GR,"Flash 9,58 Crete",,Heraklion,Crete,95.8,News & Talk,News & Talk,Greek,None,No,https://netradio.live24.gr/flash994thes,MP3,128,Working,1,https://resources.live24.gr/resources/images/stations/369f5b3c-7b1f-46e4-ba43-4d83ffc779ac.png,News and talk; rebroadcasting with _Focus from Thessaloniki_,wiki+radio-browser,Europe/Athens,False,
GR,FLY FM 88.1,,Heraklion,Crete,88.1,Music,Mixed music,Greek,None,No,http://eco.onestreaming.com:8602/;,MP3,128,Working,312,,Foreign music; rebroadcasting with _95.2 Athens DeeJay_,wiki+radio-browser,Europe/Athens,False,
GR,Heraklion 9.84 FM,,Heraklion,Crete,98.4,News & Talk,News & Talk + Music,Greek,None,No,,,,No stream found,0,,"News, talk and Greek music; located from Nea Alikarnassos",wiki-only,Europe/Athens,False,
GR,Hersonissos 97.2,,Heraklion,Crete,97.2,News & Talk,News & Talk + Music,Greek,None,No,https://www.fmlive.gr/8008/stream,AAC+,128,Working,2,https://www.radio972.gr/img/logo.png,News and talk with Greek music; located from Hersonissos,wiki+radio-browser,Europe/Athens,False,
GR,Kardia 95 FM,,Heraklion,Crete,95.0,Music,Greek music,Greek,None,No,https://stream.crete.ovh:8443/kardia,AAC+,64,Working,122,https://www.kardia95.gr/wp-content/uploads/2021/10/cropped-Kardia-95-fm-Logo-white-no-background.png,"Greek and foreign music (ex. Kentro Kardias, Techni FM)",wiki+radio-browser,Europe/Athens,False,
GR,Kiss 96.1,,Heraklion,Heraclion,,Other,Other,Greek,None,Unknown,https://antares.dribbcast.com/proxy/kiss961?mp=/stream,MP3,192,Working,24,http://resources.live24.gr/resources/images/stations/9fd08a1b-26dc-4dc5-a13c-deb4d6fe0e53.jpg,tags: ,radio-browser,Europe/Athens,False,
GR,"Kiss FM 9,61 Crete",,Heraklion,Crete,96.1,Music,Pop,Greek,None,No,http://netradio.live24.gr/kissfmathens,MP3,192,Working,10047,https://www.kiss929.gr/sites/default/files/kiss.ico,Foreign pop music; rebroadcasting with _Kiss FM 92.9 Athens_,wiki+radio-browser,Europe/Athens,False,
GR,Knossos FM,,Heraklion,Crete,100.6,Music,Greek music,Greek,None,No,,,,No stream found,0,,Greek and foreign pop music; located from Nea Alikarnassos,wiki-only,Europe/Athens,False,
GR,Kriti FM Stereo,,Heraklion,Crete,101.0,Music,Traditional / Folk,Greek,None,No,http://s3.onweb.gr:8878/stream,MP3,320,Working,663,,Cretan traditional music (formerly on 100.3 – ex. Capital Radio),wiki+radio-browser,Europe/Athens,False,
GR,Kritikos FM,,Heraklion,Crete,88.7,Music,Traditional / Folk,Greek,None,No,http://144.76.19.82:8443/stream,MP3,128,Working,9,https://blogger.googleusercontent.com/img/b/R29vZ2xl/AVvXsEjx0LBc5KzzsGgJTQQxl6tDMRGbGsjZbHiNxzQrYCqmZJsPdKw0lhrUkXJPAgQID9rAPzpStf-yyJ1t9alPN6FuB3cRxtEHyW5-P9P_SHQWpog9Sy-I3WGQv5hrsmHKYN3E_UU60wp9NitH/s1600/logo_kritikos_2017.jpg,Cretan traditional music; located from Heraklion,wiki+radio-browser,Europe/Athens,False,
GR,Kritorama Radio,,Heraklion,Crete,97.9,Music,Traditional / Folk,Greek,None,No,https://cast4.my-control-panel.com/proxy/anastas2/stream,MP3,160,Working,127,https://www.radio984.gr/favicon.ico,Cretan traditional music; located from Heraklion,wiki+radio-browser,Europe/Athens,False,
GR,Love Radio,,Heraklion,Crete,102.8,Music,Greek music,Greek,None,No,http://netradio.live24.gr/loveradio-1000,MP3,192,Working,4482,,Greek and foreign music; relays of _Love 97.5 Athens_,wiki+radio-browser,Europe/Athens,False,
GR,Metro Radio,,Heraklion,Crete,89.2,Music,Rock / Alternative,Greek,None,No,https://stream.crete.ovh:8443/metro,AAC+,64,Working,270,https://www.metroradio.gr/wp-content/uploads/2020/05/metro-logo-for-web.png,Foreign pop and rock music; located from Heraklion,wiki+radio-browser,Europe/Athens,False,
GR,Mousiko Kanali,,Heraklion,Crete,105.1,Music,Mixed music,Greek,None,No,http://stream1.mousikokanali.gr:8100/mc?.mp3,MP3,192,Working,53,https://mousikokanali.gr/wp-content/uploads/2020/02/cropped-logo-mousiko-kanali-ok-180x180.png,Foreign music; rebroadcasting with _102.5 Radio from Athens_,wiki+radio-browser,Europe/Athens,False,
GR,Music Club,,Heraklion,Crete,105.8,Music,Rock / Alternative,Greek,None,No,https://antares.dribbcast.com/proxy/music1058?mp=/stream,MP3,160,Working,14,,"Greek laïko, pop and rock music (ex. Eros Radio Heraklion)",wiki+radio-browser,Europe/Athens,False,
GR,Music Polis,,Heraklion,Internet-only,,Music,Pop,Greek,None,Yes,https://netradio.live24.gr/music892,MP3,128,Working,409,https://www.music892.gr/assets/icons/MUSIC_LOGO.png,Entertainment,wiki+radio-browser,Europe/Athens,False,
GR,O Evdios Limin,,Heraklion,Crete,101.9,Religious,Religious,Greek,None,No,,,,No stream found,0,,Religious radio station; rebroadcasting with _Peiraiki Ecclesia_,wiki-only,Europe/Athens,False,
GR,Politica Radio,,Heraklion,Crete,89.8,News & Talk,News & Talk,Greek,None,No,https://cast4.my-control-panel.com/proxy/anastas2/stream,MP3,160,Working,127,https://www.radio984.gr/favicon.ico,News and talk; rebroadcasting with _Real FM 97.8 Athens_,wiki+radio-browser,Europe/Athens,False,
GR,Politica Ηράκλειο,,Heraklion,Heraclion,,News & Talk,News & Talk,Greek,None,Unknown,http://netradio.live24.gr/politica898,MP3,128,Working,19,https://i0.wp.com/www.politica.gr/wp-content/uploads/2025/01/favicon.png?fit=92%2c92&#038;ssl=1,"tags: news,pop,talk",radio-browser,Europe/Athens,False,
GR,"Ra.sta.pan.k. 96,7",,Heraklion,Crete,96.7,Other,Other,Greek,None,No,,,,No stream found,0,,University of Crete's autonomous experimental station,wiki-only,Europe/Athens,False,
GR,Radio Family,,Heraklion,Crete,89.5,Music,Children,Greek,None,No,https://cast4.my-control-panel.com/proxy/anastas2/stream,MP3,160,Working,127,https://www.radio984.gr/favicon.ico,Children's music; rebroadcasting with _Athens 98.4 FM_,wiki+radio-browser,Europe/Athens,False,
GR,Radio Kriti 101.5,Ράδιο Κρήτη,Heraklion,Crete,101.5,News & Talk,"News, Talk & Cretan music",Greek,None,No,https://cast4.my-control-panel.com/proxy/anastas2/stream,MP3,160,Working,127,https://www.radio984.gr/favicon.ico,News and talk with Greek music; located from Nea Alikarnassos,curated+radio-browser,Europe/Athens,False,
GR,Radio Me,,Heraklion,Crete,88.4,News & Talk,News & Talk,Greek,None,No,https://cast4.my-control-panel.com/proxy/anastas2/stream,MP3,160,Working,127,https://www.radio984.gr/favicon.ico,News and talk (ex. Sto Kokkino Kritis & Star FM 88.4),wiki+radio-browser,Europe/Athens,False,
GR,Radio Moires,,Heraklion,Crete,97.1,News & Talk,News & Talk + Music,Greek,None,No,https://cast4.my-control-panel.com/proxy/anastas2/stream,MP3,160,Working,127,https://www.radio984.gr/favicon.ico,News and talk with Greek music; located from Moires,wiki+radio-browser,Europe/Athens,False,
GR,Sfera FM Heraklion,,Heraklion,Crete,98.7,Music,Greek music,Greek,None,No,http://sfera.live24.gr/sfera4132,AAC,128,Working,7974,,Greek music; rebroadcasting with _Radio Sfera 102.2 Athens_,wiki+radio-browser,Europe/Athens,False,
GR,Skai Kritis,,Heraklion,Heraclion,,News & Talk,News & Talk,Greek,None,Unknown,http://sc2.streamwithq.com:8056/stream?type=http&nocache=1093,MP3,160,Working,75,,"tags: folk,news,pop,talk",radio-browser,Europe/Athens,False,
GR,SKAI Radio Kritis,,Heraklion,Crete,92.1,News & Talk,News & Talk,Greek,None,No,https://cast4.my-control-panel.com/proxy/anastas2/stream,MP3,160,Working,127,https://www.radio984.gr/favicon.ico,News and talk; rebroadcasting with _Skai 100.3 from Athens_,wiki+radio-browser,Europe/Athens,False,
GR,Smart Radio 104.5,,Heraklion,Crete,104.5,Music,Electronic / Dance,Greek,None,No,https://cast4.my-control-panel.com/proxy/anastas2/stream,MP3,160,Working,127,https://www.radio984.gr/favicon.ico,Foreign pop and dance music (ex. Rythmos FM Kriti),wiki+radio-browser,Europe/Athens,False,
GR,Studio FM1,,Heraklion,Crete,105.4,Music,Rock / Alternative,Greek,None,No,,,,No stream found,0,,Foreign rock music; Student culture radio station from the HMU,wiki-only,Europe/Athens,False,
GR,Thema FM Kritis,,Heraklion,Crete,103.1,News & Talk,News & Talk,Greek,None,No,,,,No stream found,0,,News and talk; rebroadcasting with _Alpha of Athens_,wiki-only,Europe/Athens,False,
GR,To Fos tis Ecclesias,,Heraklion,Crete,99.7,Religious,Religious,Greek,None,No,,,,No stream found,0,,"Religious radio; rebroadcasting with _Ecclesia FM 89,5_",wiki-only,Europe/Athens,False,
GR,UP Radio 92.9,,Heraklion,Crete,92.9,Music,Greek music,Greek,None,No,https://athensupradio.evostream.gr/listen/up_radio_-_athens/radio.mp3,AAC,192,Working,3,,Greek and foreign pop music (ex. Lampsi FM 92.9 Heraklion),wiki+radio-browser,Europe/Athens,False,
GR,Ydrogeios 106.9,,Heraklion,Crete,106.9,News & Talk,News & Talk + Music,Greek,None,No,,,,No stream found,0,,News and talk with Greek music (ex. Stathmos Radio),wiki-only,Europe/Athens,False,
GR,Έντεχνος 92.5,,Heraklion,Heraclion,,Music,Traditional / Folk,Greek,None,Unknown,https://stream-mp3aac.live24.gr/max925-her,MP3,192,Working,52,http://resources.live24.gr/resources/images/stations/2d04ad28-93e2-4dac-b6fd-65c80cb9b5f6.png,tags: greek folk music,radio-browser,Europe/Athens,False,
GR,Ανάμνηση 91,,Heraklion,Heraclion,,Music,Traditional / Folk,Greek,None,Unknown,http://radioanamnisi.live24.gr/radioanamnisi910,MP3,192,Working,30,,"tags: folk,greek,pop",radio-browser,Europe/Athens,False,
GR,Ελληνικός 107.2,,Heraklion,Heraclion,,Music,Traditional / Folk,Greek,None,Unknown,http://everest.streams.ovh:2390/;,MP3,192,Working,245,http://resources.live24.gr/resources/images/stations/c60e0913-9af1-4065-97f8-cc3bf3905115.jpg,tags: greek folk music,radio-browser,Europe/Athens,False,
GR,Θέμα Κρήτης 103.1,,Heraklion,Heraklion Crete,,Other,Other,Greek,None,Unknown,http://dione.shoutca.st:8548/;?1672008455757,MP3,192,Working,15,https://themakritis.gr/wp-content/uploads/2025/01/cropped-thema_logo2-180x180.webp,tags: ,radio-browser,Europe/Athens,False,
GR,Ιερά Αρχιεπισκοπή Κρήτης ,,Heraklion,Heraclion,,Religious,Religious,Greek,None,Unknown,https://i7.streams.ovh/ic/iakradi1/stream,MP3,96,Working,63,,"tags: christian,orthodox",radio-browser,Europe/Athens,False,
GR,Ιερός Ναός Αγ. Γεωργίου Αμιρά Βιάννου,,Heraklion,Heraclion,,Religious,Religious,Greek,None,Unknown,https://stream-47.zeno.fm/39ctbne6kfhvv?zs=9q9C7p4RRn264troeLXFEw&acu-uid=728422785299&triton-uid=cookie%3A479b3bea-0ca4-4186-99f8-a37926c7742f,MP3,128,Working,28,https://d1di2lzuh97fh2.cloudfront.net/files/1j/1j3/1j3767.ico?ph=560787fedf,"tags: orthodox christian,religion",radio-browser,Europe/Athens,False,
GR,Κρήτη 100.3,,Heraklion,Heraclion,,News & Talk,News & Talk,Greek,None,Unknown,https://i9.streams.ovh:2200/sc/kritifm1003/stream,MP3,96,Working,23,https://i2.wp.com/kritifm.gr/wp-content/uploads/2016/02/cropped-favicon.png?fit=192%2c192&#038;ssl=1,"tags: greek traditional,talk radio",radio-browser,Europe/Athens,False,
GR,Κρητικός 88.7,,Heraklion,Heraclion,,Music,Traditional / Folk,Greek,None,Unknown,http://dione.shoutca.st:8443/;,MP3,128,Working,40,,"tags: greek,traditional",radio-browser,Europe/Athens,False,
GR,Κρητόραμα 97.9,,Heraklion,Heraclion,,Music,Traditional / Folk,Greek,None,Unknown,http://sc2.streamwithq.com:8052/stream?type=http&nocache=556,MP3,160,Working,35,https://www.facebook.com/favicon.ico,"tags: greek,traditional",radio-browser,Europe/Athens,False,
GR,Μελωδία 106.6,,Heraklion,Heraclion,,Music,Greek music,Greek,None,Unknown,https://rdst.win:59316/stream,MP3,192,Working,179,,"tags: greek,mainstream,pop",radio-browser,Europe/Athens,False,
GR,Μοίρες 97.1,,Heraklion,Heraclion,,News & Talk,News & Talk + Music,Greek,None,Unknown,http://s6.onweb.gr:8034/stream?type=http&nocache=566163,MP3,128,Working,11,http://resources.live24.gr/resources/images/stations/d99961d8-9cdd-4e08-879d-661ab9c552c5.png,"tags: music,news,talk",radio-browser,Europe/Athens,False,
GR,Ορθοδοξία - Αγία Γραφή,,Heraklion,Heraklion Crete,,Other,Other,Greek,None,Unknown,https://rasp35.ddnsfree.com:3535/radio_el,MP3,96,Working,5,https://rasp35.ddnsfree.com/icons/grafi.jpg,"tags: ομιλίες,ορθοδοξία,χριστιανισμός",radio-browser,Europe/Athens,False,
GR,Ορθοδοξία Μυτηλιναίος,,Heraklion,Heraklion Crete,,Other,Other,Greek,None,Unknown,https://rasp35.ddnsfree.com:3535/mtlns,MP3,32,Working,5,https://rasp35.ddnsfree.com/icons/mtlns.webp,"tags: ομιλίες,ορθοδοξία,χριστιανισμός",radio-browser,Europe/Athens,False,
GR,Ορθοδοξία Παναγώπουλος,,Heraklion,Heraclion,,Other,Other,Greek,None,Unknown,https://rasp35.ddnsfree.com:3535/pngpls,MP3,32,Working,4,https://rasp35.ddnsfree.com/icons/pngpls.jpg,"tags: ομιλίες,ορθοδοξία,χριστιανισμός",radio-browser,Europe/Athens,False,
GR,Ορθοδοξία Σωτηρόπουλος,,Heraklion,Heraclion,,Other,Other,Greek,None,Unknown,https://rasp35.ddnsfree.com:3535/strpls,MP3,32,Working,6,https://rasp35.ddnsfree.com/icons/strpls.jpg,"tags: ομιλίες,ορθοδοξία,χριστιανισμός",radio-browser,Europe/Athens,False,
GR,Ορθοδοξία Ύμνοι,,Heraklion,Heraklion Crete,,Other,Other,Greek,None,Unknown,https://rasp35.ddnsfree.com:3535/ymnoi,MP3,128,Working,5,https://rasp35.ddnsfree.com/icons/ortdx.jpg,tags: ύμνοι,radio-browser,Europe/Athens,False,
GR,Πένα 92.5,,Heraklion,Heraclion,,Music,Traditional / Folk,Greek,None,Unknown,http://stream-mp3aac.live24.gr/max925-her,MP3,192,Working,36,,"tags: folk,greek",radio-browser,Europe/Athens,False,
GR,Ράδιο Ανάμνηση 91,,Heraklion,Heraclion,,Music,Traditional / Folk,Greek,None,Unknown,https://netradio.live24.gr/radioanamnisi910?1666873984284,MP3,192,Working,3,https://resources.live24.gr/resources/images/stations/557798e0-7bad-48cd-b744-bbdc127d7d14.png,tags: greek folk,radio-browser,Europe/Athens,False,
GR,Συκολόγος,,Heraklion,Heraklion Crete,,Other,Other,Greek,None,Unknown,https://sc2.streamwithq.com:2000/stream/sykologos/stream,MP3,128,Working,5,http://resources.live24.gr/resources/images/stations/b38c7d4c-2fb3-4c97-bce0-79475b73a5ed.jpg,tags: ,radio-browser,Europe/Athens,False,
GR,Τάκης,,Heraklion,Heraclion,,Music,Traditional / Folk,Greek,None,Unknown,https://i9.streams.ovh/sc/radiotak/stream,MP3,320,Working,29,,"tags: folk,greek,pop",radio-browser,Europe/Athens,False,
GR,Υδρόγειος News Ηράκλειο,,Heraklion,Heraclion,,News & Talk,News & Talk,Greek,None,Unknown,http://netradio.live24.gr/ydrogeios1069her,MP3,128,Working,14,https://www.1069.gr/wp-content/uploads/2017/06/original-logo-2016-news-1.png,"tags: greek,news,pop,talk",radio-browser,Europe/Athens,False,
GR,Χερσόνησος ,,Heraklion,Heraclion,,News & Talk,News & Talk,Greek,None,Unknown,http://193.227.111.111:8008/;,AAC+,128,Working,12,,"tags: folk,greek,news,talk",radio-browser,Europe/Athens,False,
GR,Ηχώ Ιεράπετρα,,Ierapetra,Ierapetra,,News & Talk,News & Talk,Greek,None,Unknown,http://eco.onestreaming.com:8520/;,MP3,64,Working,13,http://resources.live24.gr/resources/images/stations/01c2cdeb-e289-4b5d-a288-2f5c3578015a.png,"tags: news,pop,talk",radio-browser,Europe/Athens,False,
GR,Λασίθι 92.3,,Ierapetra,Ierapetra,,Music,Greek pop,Greek,None,Unknown,https://sh.onweb.gr:7116/;,MP3,128,Working,2,https://resources.live24.gr/resources/images/stations/d0008b0c-6ff6-4a2d-af45-81131b928779.png,"tags: greek pop,mainstream",radio-browser,Europe/Athens,False,
GR,Amaliada 102,,Ilia,the Peloponnese,102.0,Music,Greek music,Greek,None,No,,,,No stream found,0,,Greek and foreign pop music (ex. Kardamas FM 102),wiki-only,Europe/Athens,False,
GR,Aquarius FM,,Ilia,the Peloponnese,105.5,Music,Greek pop,Greek,None,No,https://sh.onweb.gr:7011/stream,MP3,160,Down,4,https://aquariusfm.gr/wp-content/uploads/2022/02/aquarius_logo_footer.png,Greek pop music; located from Amaliada,wiki+radio-browser,Europe/Athens,False,
GR,Ellada FM,,Ilia,the Peloponnese,98.6,Sports,Sports,Greek,None,No,http://stream.ellada943.gr:10308/live.ogg,MP3,320,Working,82,https://elladafm.gr/wp-content/uploads/2025/12/NEW-1.jpg,News and talk; rebroadcasting with _Interwetten Sports 94.3_,wiki+radio-browser,Europe/Athens,False,
GR,"Enallax 99,9",,Ilia,the Peloponnese,99.9,Music,Rock / Alternative,Greek,None,No,,,,No stream found,0,,Foreign pop and rock music; located from Amaliada,wiki-only,Europe/Athens,False,
GR,Greca FM,,Ilia,the Peloponnese,99.4,Music,Rock / Alternative,Greek,None,No,https://greca994.radiohost.ovh/9043/stream,MP3,320,Working,6,https://greca994.gr/wp-content/uploads/2020/06/Greca-Καλή-Ποιότητα.jpg,Greek pop and rock music; located from Krestena,wiki+radio-browser,Europe/Athens,False,
GR,"Ilida Radio 9,11",,Ilia,the Peloponnese,91.1,Other,Other,Greek,None,No,https://cast4.my-control-panel.com/proxy/anastas2/stream,MP3,160,Working,127,https://www.radio984.gr/favicon.ico,"Ilida ""Ilida (municipality)"") municipal radio; rebroadcasting with _Melodia 99.2 Athens_",wiki+radio-browser,Europe/Athens,False,
GR,Ionion FM,,Ilia,the Peloponnese,95.5,News & Talk,News & Talk + Music,Greek,None,No,http://167.114.131.90:5192/;listen.pls,AAC+,128,Working,2,http://resources.live24.gr/resources/images/stations/2808d5dc-cea4-414c-aa73-6157cd3b4861.jpg,"News, talk and music; rebroadcasting with _Real 97.8 Athens_",wiki+radio-browser,Europe/Athens,False,
GR,Kefi FM 101.3,,Ilia,the Peloponnese,101.3,Music,Greek music,Greek,None,No,,,,No stream found,0,,Greek laïko music (ex. Kiss FM and Radio Krestena),wiki-only,Europe/Athens,False,
GR,"ORT FM 92,3#ORT_FM_92,3",,Ilia,the Peloponnese,92.3,News & Talk,News & Talk + Music,Greek,None,No,https://sh.onweb.gr/8546/stream,MP3,96,Working,1,https://onradio.gr/wp-content/uploads/2020/04/ORT-FM-1.png,"News, talk and music; rebroadcasting with _Skai 100.3 Athens_",wiki+radio-browser,Europe/Athens,False,
GR,TO FOS FM Stereo,,Ilia,the Peloponnese,107.6,Religious,Religious,Greek,None,No,,,,No stream found,0,,Religious; rebroadcasting with _Ecclesia FM 89.5 Athens_,wiki-only,Europe/Athens,False,
GR,Venus FM,,Ilia,the Peloponnese,105.1,Music,Pop,Greek,None,No,http://s3.onweb.gr:8808/,MP3,160,Down,239,,Foreign pop music; located from Amaliada,wiki+radio-browser,Europe/Athens,False,
GR,VOX 103.3,,Ilia,the Peloponnese,103.3,Other,Other,Greek,None,No,,,,No stream found,0,,"Rebroadcasting with _Imagine 89,7_ and _NG Radio_",wiki-only,Europe/Athens,False,
GR,Aixmi Radio,,Imathia,Macedonia,102.8,News & Talk,News & Talk,Greek,None,No,https://cast4.my-control-panel.com/proxy/anastas2/stream,MP3,160,Working,127,https://www.radio984.gr/favicon.ico,News and talk; rebroadcasting with _Skai 100.3 Attica_,wiki+radio-browser,Europe/Athens,False,
GR,Akou 99.6 Veria,,Imathia,Macedonia,99.6,News & Talk,News & Talk,Greek,None,No,,,,No stream found,0,,News and talk; rebroadcasting with _Athens 98.4 FM_,wiki-only,Europe/Athens,False,
GR,Akroama FM 93.1,,Imathia,Macedonia,93.1,Music,Rock / Alternative,Greek,None,No,,,,No stream found,0,,"Greek laïko, pop and rock music; located from Platy",wiki-only,Europe/Athens,False,
GR,Asteras FM 90.6,,Imathia,Macedonia,90.6,Music,Traditional / Folk,Greek,None,No,,,,No stream found,0,,Greek traditional and laïko music; located from Meliki,wiki-only,Europe/Athens,False,
GR,"Avena Radio 97,7",,Imathia,Macedonia,97.7,Sports,Sports,Greek,None,No,https://rdst.win:48000/stream?type=.mp3,MP3,128,Working,21,https://enaradio.gr/wp-content/uploads/2017/07/cropped-big_png-2-192x192.png,"News and talk; rebroadcasting with _Sport FM 94,6_",wiki+radio-browser,Europe/Athens,False,
GR,NRG / Energy,,Imathia,Macedonia,88.3,Music,Greek music,Greek,None,No,http://s1.onweb.gr:8412/stream,MP3,128,Working,70,,"Greek and foreign music (ex. Radio Enodia 88,3)",wiki+radio-browser,Europe/Athens,False,
GR,Pavleios Logos,,Imathia,Macedonia,90.2,Religious,Religious,Greek,None,No,,,,No stream found,0,,Religious station; rebroadcasting with _Ecclesia 89.5_,wiki-only,Europe/Athens,False,
GR,Radio Imathia 97.3,,Imathia,Macedonia,97.3,News & Talk,News & Talk + Music,Greek,None,No,https://cast4.my-control-panel.com/proxy/anastas2/stream,MP3,160,Working,127,https://www.radio984.gr/favicon.ico,"News, talk and Greek music; located from Veria",wiki+radio-browser,Europe/Athens,False,
GR,1431AM,,In Macedonia,Medium Wave (MW band),1431,News & Talk,News & Talk,Greek,None,No,https://www.1431am.org:8001/1431high,MP3,192,Working,2,https://www.1431am.org/wp-content/uploads/2021/12/logo-full-gr-white-site.png,Student radio station from the AUTH,wiki+radio-browser,Europe/Athens,False,
GR,Asteras Kilkis,,In Macedonia,Medium Wave (MW band),1566,Music,Greek music,Greek,None,No,,,,No stream found,0,,Amateur station with Greek laïko music,wiki-only,Europe/Athens,False,
GR,Asygkritos,,In Macedonia,Medium Wave (MW band),1449,Music,Greek music,Greek,None,No,,,,No stream found,0,,Amateur station with Greek laïko music,wiki-only,Europe/Athens,False,
GR,Canadian,,In Macedonia,Medium Wave (MW band),1440,Music,Greek music,Greek,None,No,,,,No stream found,0,,Amateur station with Greek laïko music,wiki-only,Europe/Athens,False,
GR,Energy Pella,,In Macedonia,Medium Wave (MW band),1260,Music,Greek music,Greek,None,No,http://s1.onweb.gr:8412/stream,MP3,128,Working,70,,Amateur station with Greek laïko music,wiki+radio-browser,Europe/Athens,False,
GR,Fantasy Radio,,In Macedonia,Medium Wave (MW band),1296,Music,Greek music,Greek,None,No,https://cast4.my-control-panel.com/proxy/anastas2/stream,MP3,160,Working,127,https://www.radio984.gr/favicon.ico,Amateur station with Greek laïko music,wiki+radio-browser,Europe/Athens,False,
GR,Giannis Epouranios,,In Macedonia,Medium Wave (MW band),1521,Music,Greek music,Greek,None,No,,,,No stream found,0,,Amateur station with Greek laïko music,wiki-only,Europe/Athens,False,
GR,Imathia 8–13,,In Macedonia,Medium Wave (MW band),972,Music,Greek music,Greek,None,No,,,,No stream found,0,,Amateur station with Greek laïko music,wiki-only,Europe/Athens,False,
GR,Kilkis Radio Anatolia,,In Macedonia,Medium Wave (MW band),1629,Music,Greek music,Greek,None,No,https://cast4.my-control-panel.com/proxy/anastas2/stream,MP3,160,Working,127,https://www.radio984.gr/favicon.ico,Amateur station with Greek laïko music,wiki+radio-browser,Europe/Athens,False,
GR,Koursaros,,In Macedonia,Medium Wave (MW band),1575,Music,Greek music,Greek,None,No,,,,No stream found,0,,Amateur station with Greek laïko music,wiki-only,Europe/Athens,False,
GR,Makedonia,,In Macedonia,Medium Wave (MW band),1386,Music,Traditional / Folk,Greek,None,No,https://webinternetradio.eu:48238/,MP3,256,Working,31,,Amateur station with Greek laïko music,wiki+radio-browser,Europe/Athens,False,
GR,North Sound Radio,,In Macedonia,Medium Wave (MW band),1539,Music,Greek music,Greek,None,No,https://cast4.my-control-panel.com/proxy/anastas2/stream,MP3,160,Working,127,https://www.radio984.gr/favicon.ico,Amateur station with Greek laïko music,wiki+radio-browser,Europe/Athens,False,
GR,Radio 9,,In Macedonia,Medium Wave (MW band),1215,Music,Traditional / Folk,Greek,None,No,https://solid55.streamupsolutions.com/proxy/gygasbfj?mp=/live,MP3,128,Working,2,https://www.radio9.radiostation.gr/images/radio9.jpg,Amateur station with Greek laïko music,wiki+radio-browser,Europe/Athens,False,
GR,Radio Devil Salonica,,In Macedonia,Medium Wave (MW band),1620,Music,Greek music,Greek,None,No,https://cast4.my-control-panel.com/proxy/anastas2/stream,MP3,160,Working,127,https://www.radio984.gr/favicon.ico,Amateur station with Greek laïko music,wiki+radio-browser,Europe/Athens,False,
GR,Radio Ekfrasi,,In Macedonia,Medium Wave (MW band),1377,Music,Greek music,Greek,None,No,https://cast4.my-control-panel.com/proxy/anastas2/stream,MP3,160,Working,127,https://www.radio984.gr/favicon.ico,Amateur station with Greek laïko music,wiki+radio-browser,Europe/Athens,False,
GR,Radiofono Salonikios,,In Macedonia,Medium Wave (MW band),1170,Music,Greek music,Greek,None,No,https://cast4.my-control-panel.com/proxy/anastas2/stream,MP3,160,Working,127,https://www.radio984.gr/favicon.ico,Amateur station with Greek laïko music,wiki+radio-browser,Europe/Athens,False,
GR,Spyros o Gigantas,,In Macedonia,Medium Wave (MW band),1611,Music,Greek music,Greek,None,No,https://s46.myradiostream.com/:7322/listen.mp3?nocache=1667217152,MP3,64,Down,0,https://resources.live24.gr/resources/images/stations/49c15b9b-c5c2-4732-b409-8e2da977f30c.jpg,Amateur station with Greek laïko music,wiki+radio-browser,Europe/Athens,False,
GR,Studio 2 Thess,,In Macedonia,Medium Wave (MW band),1017,News & Talk,News & Talk + Music,Greek,None,No,https://eu7.fastcast4u.com/proxy/nmarog02?mp=/1,MP3,128,Working,60,http://resources.live24.gr/resources/images/stations/4f967b66-7ba0-4dd2-af9f-4d59390add4a.png,Amateur station with Greek laïko music,wiki+radio-browser,Europe/Athens,False,
GR,Studio K–69,,In Macedonia,Medium Wave (MW band),1476,Music,Greek music,Greek,None,No,,,,No stream found,0,,Amateur station with Greek laïko music,wiki-only,Europe/Athens,False,
GR,Thess Radio 13,,In Macedonia,Medium Wave (MW band),1368,Music,Greek music,Greek,None,No,http://s3.onweb.gr:8814/;,MP3,256,Working,101,http://resources.live24.gr/resources/images/stations/aeb10c36-ed7d-4645-a308-bd213a7ed860.jpg,Amateur station with Greek laïko music,wiki+radio-browser,Europe/Athens,False,
GR,4U Radio 90.7,,Ioannina,Epirus,90.7,Music,Greek music,Greek,None,No,https://cast4.my-control-panel.com/proxy/anastas2/stream,MP3,160,Working,127,https://www.radio984.gr/favicon.ico,Greek music; rebroadcasting with _4U Radio 93.1_,wiki+radio-browser,Europe/Athens,False,
GR,Alfa & Omega 92.3,,Ioannina,Epirus,92.3,Music,Greek music,Greek,None,No,,,,No stream found,0,,Greek music; based in Ioannina with studio in Pamvotida,wiki-only,Europe/Athens,False,
GR,Dryinoupolis 89,,Ioannina,Epirus,89.0,News & Talk,News & Talk + Music,Greek,None,No,http://eco.onestreaming.com:8334/;,MP3,128,Working,71,,Religious radio; rebroadcasting with _Lydia FM Thessaloniki_,wiki+radio-browser,Europe/Athens,False,
GR,Energy FM 101.5,,Ioannina,Epirus,101.5,Music,Rock / Alternative,Greek,None,No,http://s1.onweb.gr:8412/stream,MP3,128,Working,70,,Foreign pop and rock music (ex. Radio Adonis of Ioannina),wiki+radio-browser,Europe/Athens,False,
GR,ERT Ioannina,ΕΡΤ Ιωαννίνων,Ioannina,Central Greece,88.2,Public,News & Talk,Greek,State,No,https://radiostreaming.ert.gr/ert-ioannina,,,Working,0,https://www.ertnews.gr/wp-content/uploads/2023/01/cropped-favicon-180x180.png,News and talk; Local station of Greek state radio,curated,Europe/Athens,False,
GR,Giga FM Ioannina,,Ioannina,Epirus,105.4,News & Talk,News & Talk,Greek,None,No,https://s46.myradiostream.com/:7322/listen.mp3?nocache=1667217152,MP3,64,Down,0,https://resources.live24.gr/resources/images/stations/49c15b9b-c5c2-4732-b409-8e2da977f30c.jpg,"News and talk; rebroadcasting with _Real FM 97,8_",wiki+radio-browser,Europe/Athens,False,
GR,Hit 93.5,,Ioannina,Ioannina,,Music,Pop / Hits,Greek,None,Unknown,https://radio.escape-media.gr:8008/stream,MP3,320,Working,0,https://resources.live24.gr/resources/images/stations/1824d5d7-1ecc-4891-8b23-b093e08f3934.jpg,"tags: mainstream,pop",radio-browser,Europe/Athens,False,
GR,"Hit Channel 93,5",,Ioannina,Epirus,93.5,Music,Children,Greek,None,No,https://n10a-eu.rcs.revma.com/e4661aft4c3vv?rj-ttl=5&rj-tok=AAABnRbVaDAA1aczyKJ3F05MOw,AAC,0,Working,62,https://resources.live24.gr/resources/images/stations/0ee12f2d-3bbc-4d01-befc-b8edc3c229b6.jpg,"Greek pop and rock music (ex. Epirus Children Radio 9,35 FM)",wiki+radio-browser,Europe/Athens,False,
GR,"Ioannina 9,84 FM",,Ioannina,Epirus,98.4,News & Talk,News & Talk,Greek,None,No,,,,No stream found,0,,"News and talk; rebroadcasting with _Focus FM 103,6_",wiki-only,Europe/Athens,False,
GR,Kiss 91.1,,Ioannina,Ioannina,,Music,Pop,Greek,None,Unknown,https://rdst.win:59110/stream,MP3,128,Working,63,https://thekiss.gr/wp-content/uploads/2017/10/cropped-fav1-180x180.png,tags: pop,radio-browser,Europe/Athens,False,
GR,Lampsi FM 96.7,,Ioannina,Epirus,96.7,Music,Greek pop,Greek,None,No,https://az11.yesstreaming.net:8140/radio.mp3,MP3,0,Working,8,https://www.atticaradios.gr/content/favicons/apple-touch-icon.png,"Greek pop music; rebroadcasting with _Lampsi FM 92,3 Athens_",wiki+radio-browser,Europe/Athens,False,
GR,"Love Radio 97,2",,Ioannina,Epirus,97.2,Music,Greek music,Greek,None,No,http://netradio.live24.gr/loveradio-1000,MP3,192,Working,4482,,Greek and foreign music; rebroadcasting with _Love of Athens_,wiki+radio-browser,Europe/Athens,False,
GR,Melody FM 94.9,,Ioannina,Epirus,94.9,Music,Children,Greek,None,No,http://stream.melody888.gr:48500/melody.mp3,MP3,128,Working,534,https://melody888.gr/images/fav1.png,Greek music; rebroadcasting with _Kidsradio.com 88.6 from Athens_,wiki+radio-browser,Europe/Athens,False,
GR,Nitro FM 106.7,,Ioannina,Epirus,106.7,Music,Electronic / Dance,Greek,None,No,https://politismedia-sec.live24.gr/streameepride,AAC+,128,Working,17,https://nitro986.gr/wp-content/uploads/2025/11/cropped-896-logo-1.png,Foreign music; rebroadcasting with _102.5 Radio of Athens_,wiki+radio-browser,Europe/Athens,False,
GR,Pamvotida Epirus,,Ioannina,Epirus,105.7,Music,Traditional / Folk,Greek,None,No,,,,No stream found,0,,Greek traditional and skiladiko; located from Ioannina,wiki-only,Europe/Athens,False,
GR,"Pindos FM 107,7",,Ioannina,Epirus,107.7,Music,Greek music,Greek,None,No,,,,No stream found,0,,Greek and foreign music; located from Metsovo,wiki-only,Europe/Athens,False,
GR,Proto Kanali 95.4,,Ioannina,Epirus,95.4,Music,Rock / Alternative,Greek,None,No,,,,No stream found,0,,"Foreign disco, electronic, pop and rock music; located from Ioannina",wiki-only,Europe/Athens,False,
GR,Radio Epirus,,Ioannina,Epirus,94.5,Music,Greek music,Greek,None,No,https://neos.win:59454/stream,MP3,320,Working,2,https://www.radioepirus.gr/img/logo.png,Greek music; based in Ioannina with studio in Petrovouni,wiki+radio-browser,Europe/Athens,False,
GR,Romeos FM,,Ioannina,Epirus,94.0,Music,Rock / Alternative,Greek,None,No,,,,No stream found,0,,"Greek laïko, éntekhno, pop/rock music; located from Ioannina",wiki-only,Europe/Athens,False,
GR,Rythmos Ioannina,,Ioannina,Epirus,107.5,Music,Greek music,Greek,None,No,http://stream.radiojar.com/aw1w2xfx1vduv,MP3,0,Working,2374,,Greek music; rebroadcasting with _Rythmos FM 94.9_,wiki+radio-browser,Europe/Athens,False,
GR,Sky 99.2,,Ioannina,Ioannina,,Music,Greek music,Greek,None,Unknown,http://live.skyradio.gr:9920/stream?type=http&nocache=358,MP3,192,Working,25,https://www.skyradio.gr/wp-content/uploads/2024/04/cropped-favicon-180x180.png,"tags: greek,mainstream,pop",radio-browser,Europe/Athens,False,
GR,"Sky Radio 99,2 FM",,Ioannina,Epirus,99.2,Music,Greek music,Greek,None,No,https://cast4.my-control-panel.com/proxy/anastas2/stream,MP3,160,Working,127,https://www.radio984.gr/favicon.ico,"Greek music; rebroadcasting with _Sfera FM 102,2 Athens_",wiki+radio-browser,Europe/Athens,False,
GR,Spinos Radio 96,,Ioannina,Epirus,96.0,Religious,Religious,Greek,None,No,https://cast4.my-control-panel.com/proxy/anastas2/stream,MP3,160,Working,127,https://www.radio984.gr/favicon.ico,Religious radio station; rebroadcasting with _Peiraiki Ecclesia 91.2_,wiki+radio-browser,Europe/Athens,False,
GR,Spirto FM 1047,,Ioannina,Epirus,104.7,Music,Greek music,Greek,None,No,https://tls-chrome.live24.gr/2497?http://130.185.234.108:8095/;.mp3,MP3,128,Working,8,https://resources.live24.gr/resources/images/stations/7bc5c46d-ef7f-470b-af01-36b34bc93754.png,"Greek and foreign music; rebroadcasting with _Diesi 101,3_",wiki+radio-browser,Europe/Athens,False,
GR,Star FM Ioannina,,Ioannina,Epirus,95.7,News & Talk,News & Talk + Music,Greek,None,No,http://onairmediagroup.live24.gr/star888xanthi,MP3,160,Working,405,,Greek pop music; rebroadcasting with _Mega News 104.6 of Athens_,wiki+radio-browser,Europe/Athens,False,
GR,Studio E 1035,,Ioannina,Epirus,103.0,Music,Rock / Alternative,Greek,None,No,http://cast.radiohost.ovh:9035/stream,MP3,128,Working,2,,Foreign rock music; rebroadcasting with _Metropolis 95.5_,wiki+radio-browser,Europe/Athens,False,
GR,Super Epirus,,Ioannina,Epirus,104.3,Sports,Sports,Greek,None,No,http://dione.shoutca.st:8530/;?1644228381005,MP3,192,Working,88,http://resources.live24.gr/resources/images/stations/7211bd9b-8e7a-421f-8404-e29d6070621d.png,Sports and talk; rebroadcasting with _Sport FM Athens_,wiki+radio-browser,Europe/Athens,False,
GR,Vima Epirus,,Ioannina,Epirus,90.1,News & Talk,News & Talk,Greek,None,No,,,,No stream found,0,,News and talk; rebroadcasting with _Skai 100.3 from Athens_,wiki-only,Europe/Athens,False,
GR,Ήπειρος 94.5,,Ioannina,Ioannina,,Music,Traditional / Folk,Greek,None,Unknown,https://rdst.win:59450/stream,MP3,320,Working,708,http://resources.live24.gr/resources/images/stations/c689f912-ad9e-4513-9d2a-db9418d70018.png,"tags: greek,traditional",radio-browser,Europe/Athens,False,
GR,Δημοτικό Ραδιόφωνο Ιωαννίνων 98.7,,Ioannina,Ioannina,,News & Talk,News & Talk + Music,Greek,None,Unknown,https://tls-chrome.live24.gr/365?http://37.157.242.105:31127/stream,MP3,128,Working,0,https://resources.live24.gr/resources/images/stations/677e35af-49d1-49c3-a1d6-7f11940100ae.png,"tags: municipal,music,news,news talk",radio-browser,Europe/Athens,False,
GR,Λάμψη 96.7,,Ioannina,Ioannina,,Music,Greek pop,Greek,None,Unknown,https://sp.evostream.gr/8012/stream,MP3,192,Working,0,https://resources.live24.gr/resources/images/stations/40f78344-fcda-41b9-860d-0036af0ea7e0.png,"tags: greek pop,mainstream",radio-browser,Europe/Athens,False,
GR,Πίνδος 107.7,,Ioannina,Ioannina,,Music,Traditional / Folk,Greek,None,Unknown,https://netradio.live24.gr/radiopindos1077,MP3,128,Working,3,https://resources.live24.gr/resources/images/stations/4a4736e9-f50b-4c17-80bc-f3c0d271281c.jpg,tags: greek traditional,radio-browser,Europe/Athens,False,
GR,Παμβώτις 105.7,,Ioannina,Ioannina,,Music,Traditional / Folk,Greek,None,Unknown,http://iphone.live24.gr/pamvotis1057ioannina,MP3,128,Working,26,https://el-gr.facebook.com/favicon.ico,"tags: greek,traditional",radio-browser,Europe/Athens,False,
GR,Ράδιο Παμβώτις 105.7,,Ioannina,Ioannina,,Music,Traditional / Folk,Greek,None,Unknown,https://netradio.live24.gr/pamvotis1057ioannina,MP3,128,Working,2,https://resources.live24.gr/resources/images/stations/2e468f00-749f-413f-bbd9-608b2a816d26.jpeg,tags: greek traditional,radio-browser,Europe/Athens,False,
GR,Ρωμαίος 94,,Ioannina,Ioannina,,Music,Greek music,Greek,None,Unknown,https://rdst.win:59400/stream,MP3,128,Working,5,http://www.radioromeos.gr/assets/images/apple-touch-icon.png,"tags: greek,mainstream,pop",radio-browser,Europe/Athens,False,
GR,Fokida FM,,Itea,Itea,,Music,Greek pop,Greek,None,Unknown,https://sp.streams.ovh/8026/;stream/1,MP3,320,Working,4,,"tags: greek pop,mainstream",radio-browser,Europe/Athens,False,
GR,Apopsi Kalamatas,,Kalamata,Internet-only,,Music,Greek music,Greek,None,Yes,http://s1.onweb.gr:8422/stream?type=http&nocache=75401,MP3,128,Working,49,http://resources.live24.gr/resources/images/stations/305b5a9e-971d-4982-b853-e8faf805ce10.png,Entertainment,wiki+radio-browser,Europe/Athens,False,
GR,City 103.8,,Kalamata,Kalamata,,Music,Traditional / Folk,Greek,None,Unknown,https://server.el1.info:37027/stream,MP3,128,Working,21,http://resources.live24.gr/resources/images/stations/a9ad96e3-f282-486a-8d58-74c8e3ca69bb.jpg,"tags: folk,greek,pop",radio-browser,Europe/Athens,False,
GR,ERT Kalamata,ΕΡΤ Καλαμάτας,Kalamata,the Peloponnese,104.4,Public,News & Talk,Greek,State,No,https://radiostreaming.ert.gr/ert-kalamata,,,Working,0,https://www.ertnews.gr/wp-content/uploads/2023/01/cropped-favicon-180x180.png,News and talk; Local station of Greek state radio,curated,Europe/Athens,False,
GR,Free GR,,Kalamata,Kalamata,,Other,Other,Greek,None,Unknown,http://63.141.244.222:59540/;?type=http&nocache=1640597117?0.15577311888249712,MP3,192,Working,10,https://freegr.blogspot.com/favicon.ico,tags: student radio,radio-browser,Europe/Athens,False,
GR,Kiss 89,,Kalamata,Kalamata,,News & Talk,News & Talk,Greek,None,Unknown,https://kiss-89-kalamata.live24.gr/kiss89kalamata,MP3,128,Working,25,https://www.kissfm89.gr/favicon.ico,"tags: pop,talk",radio-browser,Europe/Athens,False,
GR,Time 90.9,,Kalamata,Kalamata,,Music,Rock / Alternative,Greek,None,Unknown,https://solid67.streamupsolutions.com/proxy/rmjbkagy/stream,MP3,112,Working,12,http://resources.live24.gr/resources/images/stations/65b50aef-3b21-4fb2-8fab-74bc77df680a.png,"tags: folk,greek pop,rock",radio-browser,Europe/Athens,False,
GR,Έμφασις,,Kalamata,Kalamata,,Music,Greek music,Greek,None,Unknown,https://streams.enjoyfm.gr:48502/emfasis.mp3,MP3,128,Working,7,https://www.facebook.com/favicon.ico,"tags: greek,mainstream,pop",radio-browser,Europe/Athens,False,
GR,Δίαυλος 99.2,,Kalamata,Kalamata,,Music,Traditional / Folk,Greek,None,Unknown,http://rdst.win:7060/stream,MP3,128,Working,107,https://i0.wp.com/messiniaradio.gr/wp-content/uploads/2018/10/cropped-apple-icon.png?fit=180%2c180&#038;ssl=1,"tags: folk,greek",radio-browser,Europe/Athens,False,
GR,Κανάλι 1 Καλαμάτα,,Kalamata,Kalamata,,Music,Traditional / Folk,Greek,None,Unknown,http://live.kanali1.gr:8000/kanali1,MP3,,Working,15,http://resources.live24.gr/resources/images/stations/f2970558-b968-45f6-aea4-36febfcee8eb.png,"tags: folk,greek",radio-browser,Europe/Athens,False,
GR,Παλμός 90.5,,Kalamata,Kalamata,,Music,Traditional / Folk,Greek,None,Unknown,https://i3.streams.ovh/ic/palmos/stream,MP3,320,Working,24,http://resources.live24.gr/resources/images/stations/a7953141-c61c-473d-aa1e-f941f4648200.jpg,tags: greek folk music,radio-browser,Europe/Athens,False,
GR,Σταγών Καλαμπάκα,,Kalambaka,Kalambaka,,News & Talk,News & Talk,Greek,None,Unknown,http://s1.onweb.gr:8830/stream?type=http&nocache=19162,MP3,128,Working,24,http://resources.live24.gr/resources/images/stations/fabab4e9-e7eb-4295-858b-e43beb4f6afa.gif,"tags: falk,greek,news,talk",radio-browser,Europe/Athens,False,
GR,Καλάβρυτα,,Kalavryta,Kalavryta,,Music,Traditional / Folk,Greek,None,Unknown,https://rdst.win:48030/live,MP3,128,Working,52,https://www.radiokalavryta.gr/wp-content/uploads/2021/08/cropped-mono-laika-3-180x180.png,"tags: folk,greek,pop",radio-browser,Europe/Athens,False,
GR,Saronikos Radio,,Kalivia Thorikou,Internet-only,,Other,Other,Greek,None,Yes,https://cast4.my-control-panel.com/proxy/anastas2/stream,MP3,160,Working,127,https://www.radio984.gr/favicon.ico,Entertainment,wiki+radio-browser,Europe/Athens,False,
GR,FM Life Kalymnos,,Kalymnos,Internet-only,,Music,Pop,Greek,None,Yes,http://s6.onweb.gr:8044/;,MP3,192,Working,13,https://www.facebook.com/favicon.ico,Entertainment,wiki+radio-browser,Europe/Athens,False,
GR,Αλήθεια 96.3,,Kalymnos,Kalymnos,,Religious,Religious,Greek,None,Unknown,http://sc2.streamwithq.com:8070/;stream/1,MP3,256,Working,7,http://resources.live24.gr/resources/images/stations/8951bf93-f7c5-4764-91bf-ea959bdb7ae3.png,"tags: orthodox christian,religion",radio-browser,Europe/Athens,False,
GR,Αλήθεια FM 96.3,,Kalymnos,Kalymnos,,Religious,Religious,Greek,None,Unknown,http://sc2.streamwithq.com:8070/,MP3,256,Working,144,,"tags: ecclesia,greek,orthodox christian,orthodoxy,εκκλησία,ορθοδοξία",radio-browser,Europe/Athens,False,
GR,Agios Damianos,,Karditsa,Thessaly,92.5,Religious,Religious,Greek,None,No,,,,No stream found,0,,Religious radio; rebroadcasting with _Ecclesia 89.5_,wiki-only,Europe/Athens,False,
GR,Angel FM 102.8,,Karditsa,Thessaly,102.8,Music,Rock / Alternative,Greek,None,No,http://s5.onweb.gr:8502/stream?type=http&nocache=77822,MP3,128,Working,26,,Greek pop and rock music (ex. Diavlos FM 102.8),wiki+radio-browser,Europe/Athens,False,
GR,"Cosmos 99,5",,Karditsa,Thessaly,99.5,Music,Traditional / Folk,Greek,None,No,http://solid2.streamupsolutions.com:24896/stream,MP3,128,Working,68,,Greek traditional music; located from Drakotrypa,wiki+radio-browser,Europe/Athens,False,
GR,EcoBeat GR,,Karditsa,Karditsa,,Music,Electronic / Dance,Greek,None,Unknown,https://stream.zeno.fm/quy1b86vgkhvv?acu-uid=727435602967&triton-uid=cookie%3A83ca5b14-582e-4c12-a5ab-255cdb39e2cb,AAC,128,Working,59,https://zeno.fm/favicon.ico,"tags: chillout,downtempo,electronica,lounge",radio-browser,Europe/Athens,False,
GR,Ixorama 100.8,,Karditsa,Thessaly,100.8,News & Talk,News & Talk,Greek,None,No,,,,No stream found,0,,News and talk; rebroadcasting with _Ixorama 106.6 Larissa_,wiki-only,Europe/Athens,False,
GR,Kiss 100.4,,Karditsa,Karditsa,,Music,Rock / Alternative,Greek,None,Unknown,http://sp2.streams.ovh:8096/stream?type=http&nocache=99,MP3,128,Working,97,https://www.facebook.com/favicon.ico,"tags: pop,rock",radio-browser,Europe/Athens,False,
GR,Palmos FM 104.2,,Karditsa,Thessaly,104.2,News & Talk,News & Talk,Greek,None,No,http://ice.streamcloud.mediacdn.com/palmos983,MP3,128,Working,41,http://resources.live24.gr/resources/images/stations/44c7a23d-53b3-41ce-a2fa-f839c6c63387.png,News and talk; located from Karditsa,wiki+radio-browser,Europe/Athens,False,
GR,Radio Proto 99,,Karditsa,Thessaly,99.0,Music,Greek pop,Greek,None,No,https://cast4.my-control-panel.com/proxy/anastas2/stream,MP3,160,Working,127,https://www.radio984.gr/favicon.ico,Greek pop music; located from Mouzaki,wiki+radio-browser,Europe/Athens,False,
GR,Άγιος Δαμιανός 92.5,,Karditsa,Karditsa,,Religious,Religious,Greek,None,Unknown,https://fra-pioneer01.dedicateware.com:1955/stream,MP3,320,Working,0,https://www.imthf.gr/images/banners/logo-home-page.png,"tags: orthodox christian,religion",radio-browser,Europe/Athens,False,
GR,Ηχόραμα 100.8,,Karditsa,Karditsa,,Music,Greek music,Greek,None,Unknown,http://sp2.streams.ovh:8084/stream?type=http&nocache=114,MP3,128,Working,70,,"tags: greek,pop",radio-browser,Europe/Athens,False,
GR,Θεσσαλία 96,,Karditsa,Karditsa,,Music,Traditional / Folk,Greek,None,Unknown,http://webradio.northbridge.gr/proxy/thessaliafm/stream,MP3,128,Working,6,https://thessaliafm.gr/wp-content/uploads/2018/12/Radio_Thessalia_logo-white-W500.png,"tags: greek folk,greek pop",radio-browser,Europe/Athens,False,
GR,Πρώτο 99,,Karditsa,Karditsa,,Music,Greek music,Greek,None,Unknown,http://s1.onweb.gr:8052/;,MP3,128,Working,6,http://www.facebook.com/favicon.ico,"tags: greek,mainstream,pop",radio-browser,Europe/Athens,False,
GR,Olympos 100.2,,Karpathos,Karpathos,,News & Talk,News & Talk + Music,Greek,None,Unknown,http://eco.onestreaming.com:8146/;,MP3,128,Working,54,https://www.radioolympos.gr/wp-content/uploads/2021/01/cropped-logo-radio-olympos-180x180.png,"tags: greek music,local news",radio-browser,Europe/Athens,False,
GR,Καρπενήσι,,Karpenisi,Karpenisi,,News & Talk,News & Talk,Greek,None,Unknown,http://sc2.streamwithq.com:8046/;.mp3,MP3,128,Working,14,http://resources.live24.gr/resources/images/stations/3e78cda0-d45b-4890-b9c7-187bc45c2c81.png,"tags: folk,greek,news,pop,talk",radio-browser,Europe/Athens,False,
GR,Στόχος 104.9,,Karpenisi,Karpenisi,,Music,Greek music,Greek,None,Unknown,https://rdst.win:37777/stream,MP3,192,Working,32,http://resources.live24.gr/resources/images/stations/ef8befcc-3981-48c0-b622-63515f0757b2.png,"tags: greek,mainstream,pop",radio-browser,Europe/Athens,False,
GR,Agios Grigorios,,Kastoria,Macedonia,97.9,Religious,Religious,Greek,None,No,,,,No stream found,0,,Religious radio; rebroadcasting with _Peiraiki Ecclesia_,wiki-only,Europe/Athens,False,
GR,Alpha FM 94.7,,Kastoria,Macedonia,94.7,News & Talk,News & Talk,Greek,None,No,http://stream.radiojar.com/xcdg6yggzfeuv,MP3,0,Working,609,,News and talk; rebroadcasting with _Alpha 98.9 of Athens_,wiki+radio-browser,Europe/Athens,False,
GR,Antennes FM,,Kastoria,Macedonia,93.6,News & Talk,News & Talk + Music,Greek,None,No,,,,No stream found,0,,News and talk with foreign pop music; located from Kastoria,wiki-only,Europe/Athens,False,
GR,Antennes Καστοριά,,Kastoria,Kastoria,,News & Talk,News & Talk,Greek,None,Unknown,http://cast.streams.ovh:9177/live?1494329758071,MP3,320,Working,12,http://resources.live24.gr/resources/images/stations/3f176132-7177-4341-aa58-85508406efe3.png,"tags: news,pop,talk",radio-browser,Europe/Athens,False,
GR,Astra FM 99.2,,Kastoria,Macedonia,99.2,Music,Rock / Alternative,Greek,None,No,http://eco.onestreaming.com:8554/;,MP3,128,Working,25,http://astraradio.gr/apple-touch-icon.png,Greek pop and rock music; located from Kastoria,wiki+radio-browser,Europe/Athens,False,
GR,C FM 99.9,,Kastoria,Macedonia,99.9,Sports,Sports,Greek,None,No,,,,No stream found,0,,Foreign music (ex. Sfera 95.1 and Star Sports 90.1),wiki-only,Europe/Athens,False,
GR,CFM 99.9,,Kastoria,Kastoria,,Music,Pop / Hits,Greek,None,Unknown,https://cast4.magicstreams.gr:2200/ssl/zhzcmfjd?mp=/stream,MP3,320,Working,25,http://resources.live24.gr/resources/images/stations/fad1afef-927f-43e4-b732-b1b7529449e2.png,"tags: mainstream,pop music",radio-browser,Europe/Athens,False,
GR,Erotas Radio 92,,Kastoria,Macedonia,92.0,Music,Greek music,Greek,None,No,https://cast4.my-control-panel.com/proxy/anastas2/stream,MP3,160,Working,127,https://www.radio984.gr/favicon.ico,"Greek and foreign music; rebroadcasting with _Love Radio 97,5_",wiki+radio-browser,Europe/Athens,False,
GR,Kastoria FM 91.5,,Kastoria,Macedonia,91.5,News & Talk,News & Talk + Music,Greek,None,No,http://eco.onestreaming.com:8107/;,MP3,128,Working,6,http://resources.live24.gr/resources/images/stations/ecd813fc-020a-42d5-8ccd-571a5a3701c2.png,News and talk; rebroadcasting with _Metropolis FM Thessaloniki_,wiki+radio-browser,Europe/Athens,False,
GR,Radio Kastoria,,Kastoria,Macedonia,93.0,News & Talk,News & Talk,Greek,None,No,https://cast4.my-control-panel.com/proxy/anastas2/stream,MP3,160,Working,127,https://www.radio984.gr/favicon.ico,News and talk; rebroadcasting with _105.5 sto Kokkino Athens_,wiki+radio-browser,Europe/Athens,False,
GR,Έρωτας 92,,Kastoria,Kastoria,,Music,Greek music,Greek,None,Unknown,http://eco.onestreaming.com:8368/;,MP3,128,Working,9,,"tags: greek,pop",radio-browser,Europe/Athens,False,
GR,City 102.8,,Katerini,Katerini,,Music,Oldies / 80s-90s,Greek,None,Unknown,https://i2.streams.ovh:7050/live,MP3,320,Working,12,http://radiocityfm.gr/favicon.ico,"tags: oldies,pop music",radio-browser,Europe/Athens,False,
GR,Katerini Gas,,Katerini,Katerini,,Other,Other,Greek,None,Unknown,http://radio.katerinigas.gr:8000/;?type=http&nocache=233,MP3,256,Working,4,,tags: ,radio-browser,Europe/Athens,False,
GR,Olympos 101.5,,Katerini,Katerini,,Other,Other,Greek,None,Unknown,https://streamer.stordia.net/listen/olympos/radio.mp3,MP3,128,Working,12,https://olymposfm.gr/assets/ico/apple-icon-120x120.png,tags: ,radio-browser,Europe/Athens,False,
GR,Αλέξανδρος 106.3,,Katerini,Katerini,,Music,Greek pop,Greek,None,Unknown,http://proxima.shoutca.st:9012/;,MP3,192,Working,3,,"tags: greek pop,mainstream",radio-browser,Europe/Athens,False,
GR,Ενημέρωση Κατερίνη,,Katerini,Katerini,,News & Talk,News & Talk,Greek,None,Unknown,http://eco.onestreaming.com:8075/stream?type=http&nocache=23463,MP3,128,Working,10,https://www.facebook.com/favicon.ico,"tags: folk,greek,news,pop,talk",radio-browser,Europe/Athens,False,
GR,Πανόραμα 100.8,,Katerini,Katerini,,Music,Greek music,Greek,None,Unknown,http://stream.mousikopanorama.gr:8015/stream,MP3,,Working,101,https://panoramafm.gr/images/icons/panorama-1008Fm.svg,"tags: greek,mainstream,pop",radio-browser,Europe/Athens,False,
GR, ΕΝΑ 90.5,,Kavala,Kavala,,Other,Other,Greek,None,Unknown,https://rdst.win:48000/stream?type=.mp3,MP3,128,Working,21,https://enaradio.gr/wp-content/uploads/2017/07/cropped-big_png-2-192x192.png,tags: ,radio-browser,Europe/Athens,False,
GR,"Alpha FM 88,6",,Kavala,Macedonia,88.6,News & Talk,News & Talk,Greek,None,No,http://stream.radiojar.com/xcdg6yggzfeuv,MP3,0,Working,609,,News and talk; rebroadcasting with _Skai 100.3 from Athens_,wiki+radio-browser,Europe/Athens,False,
GR,Capital FM Kavala,,Kavala,Macedonia,107.0,Music,Rock / Alternative,Greek,None,No,https://rdst.win:59354/stream,MP3,192,Working,15,http://resources.live24.gr/resources/images/stations/2a8d7315-4394-4bea-b5ff-47f0c494f983.png,Foreign pop and rock music (ex. Radio SOS – TEI Kavala),wiki+radio-browser,Europe/Athens,False,
GR,Cosmos FM,,Kavala,Macedonia,93.2,Music,Rock / Alternative,Greek,None,No,http://solid2.streamupsolutions.com:24896/stream,MP3,128,Working,68,,"Greek pop and rock music (ex. Sfera FM & Kavala 93,1)",wiki+radio-browser,Europe/Athens,False,
GR,ENA Radio Kavala,,Kavala,Macedonia,90.5,News & Talk,News & Talk,Greek,None,No,https://rdst.win:48000/stream?type=.mp3,MP3,128,Working,21,https://enaradio.gr/wp-content/uploads/2017/07/cropped-big_png-2-192x192.png,"News and talk; rebroadcasting with _Real FM 97,8 Athens_",wiki+radio-browser,Europe/Athens,False,
GR,ERT Kavala,ΕΡΤ Καβάλας,Kavala,Macedonia,96.3,Public,News & Talk,Greek,State,No,https://radiostreaming.ert.gr/ert-kavala,,,Working,0,,News and talk; Local station of Greek state radio,curated,Europe/Athens,False,
GR,Kanali 5 Love Radio,,Kavala,Macedonia,91.7,News & Talk,News & Talk,Greek,None,No,https://cast4.my-control-panel.com/proxy/anastas2/stream,MP3,160,Working,127,https://www.radio984.gr/favicon.ico,News and talk; rebroadcasting with _Love Radio 97.5 Athens_,wiki+radio-browser,Europe/Athens,False,
GR,Kavala News,,Kavala,Macedonia,102.8,News & Talk,News & Talk,Greek,None,No,https://sp3.streams.ovh/8052/stream,MP3,256,Working,355,https://www.kavalanews.gr/sites/default/files/favicon.ico,News and talk; rebroadcasting with _Radio Thessaloniki_,wiki+radio-browser,Europe/Athens,False,
GR,Lampsi FM Kavala,,Kavala,Macedonia,105.7,Music,Rock / Alternative,Greek,None,No,https://az11.yesstreaming.net:8140/radio.mp3,MP3,0,Working,198,https://cdn.e-radio.gr/logos/gr/big/lampsifm.png,"Greek éntekhno- laïko, pop-rock music; located from Kavala",wiki+radio-browser,Europe/Athens,False,
GR,Lelevose Pontos FM,,Kavala,Macedonia,101.3,Music,Traditional / Folk,Greek,None,No,http://168.119.74.185:9652/stream,MP3,96,Working,113,,Pontic Greeks traditional music (ex. Echo Radio 101.3),wiki+radio-browser,Europe/Athens,False,
GR,Lobby FM 101.8,,Kavala,Macedonia,101.8,News & Talk,News & Talk + Music,Greek,None,No,https://neos.win:59480/stream,MP3,192,Working,2,https://resources.live24.gr/resources/images/stations/71064e6e-8f06-44d5-9e94-c76e68eae56a.jpg,News and talk; rebroadcasting with _Parapolitika 90.1_,wiki+radio-browser,Europe/Athens,False,
GR,"Makedonissa 106,4",,Kavala,Macedonia,106.4,Music,Rock / Alternative,Greek,None,No,,,,No stream found,0,,"Greek éntekhno- laïko, pop-rock music; located from Kavala",wiki-only,Europe/Athens,False,
GR,Metropolis Radio,,Kavala,Macedonia,97.8,Sports,Sports,Greek,None,No,https://cast4.my-control-panel.com/proxy/anastas2/stream,MP3,160,Working,127,https://www.radio984.gr/favicon.ico,Sports and talk; rebroadcasting with _Metropolis 95.5 FM_,wiki+radio-browser,Europe/Athens,False,
GR,Now Radio 94.8,,Kavala,Macedonia,94.8,Music,Pop,Greek,None,No,https://cast4.my-control-panel.com/proxy/anastas2/stream,MP3,160,Working,127,https://www.radio984.gr/favicon.ico,"Foreign pop music (ex. Erotas Radio, Erotikos, Super FM)",wiki+radio-browser,Europe/Athens,False,
GR,Orange Radio,,Kavala,Macedonia,88.3,Music,Greek music,Greek,None,No,https://cast4.my-control-panel.com/proxy/anastas2/stream,MP3,160,Working,127,https://www.radio984.gr/favicon.ico,"Greek and foreign music; rebroadcasting with _Melodia 99,2fm_",wiki+radio-browser,Europe/Athens,False,
GR,Parousia,,Kavala,Macedonia,103.7,Religious,Religious,Greek,None,No,,,,No stream found,0,,Religious radio; rebroadcasting with _Ecclesia Radio Athens_,wiki-only,Europe/Athens,False,
GR,"Proini FM 9,37",,Kavala,Macedonia,93.7,News & Talk,News & Talk + Music,Greek,None,No,,,,No stream found,0,,News and talk with Greek music; located from Kavala,wiki-only,Europe/Athens,False,
GR,Radio Energy 96.6,,Kavala,Macedonia,96.6,Music,Greek music,Greek,None,No,https://cast4.my-control-panel.com/proxy/anastas2/stream,MP3,160,Working,127,https://www.radio984.gr/favicon.ico,Greek music (ex. Underground FM 92.2),wiki+radio-browser,Europe/Athens,False,
GR,Radio Kavala 97fm,,Kavala,Macedonia,97.0,News & Talk,News & Talk,Greek,None,No,https://cast4.my-control-panel.com/proxy/anastas2/stream,MP3,160,Working,127,https://www.radio984.gr/favicon.ico,"Kavala municipal news, talk and culture radio station",wiki+radio-browser,Europe/Athens,False,
GR,"Radio Neapolis 90,8",,Kavala,Macedonia,90.8,News & Talk,News & Talk,Greek,None,No,https://cast4.my-control-panel.com/proxy/anastas2/stream,MP3,160,Working,127,https://www.radio984.gr/favicon.ico,"News, talk, entertainment and culture; located from Kavala",wiki+radio-browser,Europe/Athens,False,
GR,Seven News,,Kavala,Macedonia,94.4,News & Talk,News & Talk + Music,Greek,None,No,https://i5.streams.ovh:14030/live,MP3,128,Working,62,http://evdomimera.gr/favicon.ico,"News and talk with Greek music (ex. Star FM, Stop FM)",wiki+radio-browser,Europe/Athens,False,
GR,"Space Radio 9,22",,Kavala,Macedonia,92.2,News & Talk,News & Talk,Greek,None,No,https://cast4.my-control-panel.com/proxy/anastas2/stream,MP3,160,Working,127,https://www.radio984.gr/favicon.ico,News and talk; rebroadcasting with _Libero FM Thessaloniki_,wiki+radio-browser,Europe/Athens,False,
GR,Stoxos Radio,,Kavala,Macedonia,98.9,News & Talk,News & Talk + Music,Greek,None,No,https://cast4.my-control-panel.com/proxy/anastas2/stream,MP3,160,Working,127,https://www.radio984.gr/favicon.ico,News and talk with Greek laïko music; located from Thasos,wiki+radio-browser,Europe/Athens,False,
GR,Λάμψη 105.7,,Kavala,Kavala,,News & Talk,News & Talk,Greek,None,Unknown,http://stream2.proradio.gr:8004/lampsi,AAC+,128,Working,18,,"tags: greek,pop,talk",radio-browser,Europe/Athens,False,
GR,Μακεδόνισσα 106.4,,Kavala,Kavala,,Music,Greek music,Greek,None,Unknown,http://netradio.live24.gr/makedonissa1064,MP3,320,Working,72,,"tags: greek,mainstream,pop",radio-browser,Europe/Athens,False,
GR,Παλμός 103.2,,Kavala,Kavala,,Music,Traditional / Folk,Greek,None,Unknown,http://netradio.live24.gr/palmos1032,MP3,320,Working,30,,"tags: folk,greek,pop",radio-browser,Europe/Athens,False,
GR,Πρωινή Καβάλα,,Kavala,Kavala,,News & Talk,News & Talk,Greek,None,Unknown,http://62.103.31.151:8000/stream,MP3,192,Working,12,http://resources.live24.gr/resources/images/stations/3e771ed2-b9ac-4556-8dc6-58e561499b53.png,"tags: news,pop,talk",radio-browser,Europe/Athens,False,
GR,Cosmos Radio,,Kefallonia,the Ionian islands,96.5,News & Talk,News & Talk,Greek,None,No,http://cast5.magicstreams.gr:8132/;;,MP3,96,Working,3,https://cosmosradio.gr/wp-content/uploads/2015/10/logo.png,News and talk; rebroadcasting with _Skai 100.3 Athens_,wiki+radio-browser,Europe/Athens,False,
GR,H.M. of Cephalonia,,Kefallonia,the Ionian islands,103.0,Religious,Religious,Greek,None,No,,,,No stream found,0,,"Religious radio; rebroadcasting with _Ecclesia FM 89,5_",wiki-only,Europe/Athens,False,
GR,"IN Kefalonia 89,2 FM",,Kefallonia,the Ionian islands,89.2,News & Talk,News & Talk + Music,Greek,None,No,https://sp3.streams.ovh/8096/stream,MP3,128,Working,96,https://www.inkefalonia.gr/images/assets/892M.png,News and talk; rebroadcasting with _Real FM Athens_,wiki+radio-browser,Europe/Athens,False,
GR,Ionian Galaxy 90.8,,Kefallonia,the Ionian islands,90.8,News & Talk,News & Talk + Music,Greek,None,No,https://srv.radiocaster.gr/9302/;,MP3,320,Working,13,,News and talk; rebroadcasting with _Pepper Athens_,wiki+radio-browser,Europe/Athens,False,
GR,Kiss 100.6,,Kefallonia,Kefalonia,,Music,Rock / Alternative,Greek,None,Unknown,https://listen-kissfm1006.sharp-stream.com/kissfm1006hqprem.mp3,MP3,192,Working,17,https://resources.live24.gr/resources/images/stations/f2a82b03-3d63-41ba-878c-7189cc667338.png,"tags: pop,rock",radio-browser,Europe/Athens,False,
GR,Kiss FM Cephalonia,,Kefallonia,the Ionian islands,100.6,Music,Pop,Greek,None,No,http://netradio.live24.gr/kissfmathens,MP3,192,Working,10047,https://www.kiss929.gr/sites/default/files/kiss.ico,"Foreign pop music; rebroadcasting with _Kiss 92,9 Athens_",wiki+radio-browser,Europe/Athens,False,
GR,Nisi 93.9 FM,,Kefallonia,the Ionian islands,93.9,News & Talk,News & Talk,Greek,None,No,,,,No stream found,0,,News and talk; rebroadcasting with _Rythmos Athens_,wiki-only,Europe/Athens,False,
GR,Palmos FM Stereo,,Kefallonia,the Ionian islands,98.3,Music,Greek pop,Greek,None,No,http://ice.streamcloud.mediacdn.com/palmos983,MP3,128,Working,41,http://resources.live24.gr/resources/images/stations/44c7a23d-53b3-41ce-a2fa-f839c6c63387.png,"Greek pop music; rebroadcasting with _Sfera 102,2 Athens_",wiki+radio-browser,Europe/Athens,False,
GR,Νησί 93.9,,Kefallonia,Kefalonia,,Music,Greek pop,Greek,None,Unknown,https://sp3.streams.ovh/8054/stream,MP3,128,Working,2,https://resources.live24.gr/resources/images/stations/57bd4d86-628f-4e27-8aeb-67bac2461737.jpg,"tags: greek pop,mainstream",radio-browser,Europe/Athens,False,
GR,Ράδιο Λευκίμμη 105.5,,Kerkyra,Kerkyra,,Other,Other,"English,Greek",None,Unknown,https://i3.streams.ovh/ic/radiolefkimmi/stream,MP3,320,Working,2,http://resources.live24.gr/resources/images/stations/a5063b47-42d6-412b-8511-07c20c5801ca.jpg,tags: ,radio-browser,Europe/Athens,False,
GR,Kifissia,,Kifissia,Kifissia,,Other,Other,Greek,None,Unknown,http://cast.streams.ovh:12097/;,MP3,128,Working,8,http://resources.live24.gr/resources/images/stations/1f3f3a35-8ecc-428e-b52d-3039957584e0.jpg,tags: ,radio-browser,Europe/Athens,False,
GR,Epiloges,,Kilkis,Macedonia,102.8,News & Talk,News & Talk,Greek,None,No,http://ice.streamcloud.mediacdn.com/epiloges1028,MP3,128,Working,9,,News and talk; located from Polykastro,wiki+radio-browser,Europe/Athens,False,
GR,OK Radio,,Kilkis,Internet-only,,Other,Other,Greek,None,Yes,https://cast4.my-control-panel.com/proxy/anastas2/stream,MP3,160,Working,127,https://www.radio984.gr/favicon.ico,Entertainment,wiki+radio-browser,Europe/Athens,False,
GR,Synora FM,,Kilkis,Macedonia,98.7,News & Talk,News & Talk,Greek,None,No,http://sh.onweb.gr:8816/;stream,MP3,160,Working,19,https://onradio.gr/wp-content/uploads/2020/04/synorafm3d.gif,News and talk; rebroadcasting with _Skai 100.3_,wiki+radio-browser,Europe/Athens,False,
GR,Επιλογές 102.8,,Kilkis,Kilkis,,Music,Pop,Greek,None,Unknown,http://ice.streamcloud.mediacdn.com/epiloges1028,MP3,128,Working,5,,tags: pop music,radio-browser,Europe/Athens,False,
GR,Kimolos Web Radio,,Kimolos,Internet-only,,Other,Other,Greek,None,Yes,https://cast4.my-control-panel.com/proxy/anastas2/stream,MP3,160,Working,127,https://www.radio984.gr/favicon.ico,Entertainment,wiki+radio-browser,Europe/Athens,False,
GR,ERT Komotini,ΕΡΤ Κομοτηνής,Komotini,Thrace,98.1,Public,News & Talk,Greek,State,No,https://radiostreaming.ert.gr/ert-komotini,,,Working,0,https://www.ertnews.gr/wp-content/uploads/2023/01/cropped-favicon-180x180.png,News and talk with culture; Local station of Greek state radio,curated,Europe/Athens,False,
GR,Hot Komotini,,Komotini,Internet-only,,Other,Other,Greek,None,Yes,,,,No stream found,0,,Entertainment,wiki-only,Europe/Athens,False,
GR,Παρατηρητής 94,,Komotini,Komotini,,News & Talk,News & Talk + Music,Greek,None,Unknown,http://s6.onweb.gr:8020/stream?type=http&nocache=361209,MP3,128,Working,20,https://www.radioparatiritis.gr/wp-content/uploads/2020/10/cropped-favicon-01-180x180.png,"tags: music,talk",radio-browser,Europe/Athens,False,
GR,Ροδόπη 95.5,,Komotini,Komotini,,Music,Greek pop,Greek,None,Unknown,https://solid2.streamupsolutions.com/proxy/yawmzklx?mp=%2Fstream,MP3,128,Working,1,https://resources.live24.gr/resources/images/stations/ba60e1a6-8668-4010-ae09-c98ea53ab95b.png,tags: greek pop,radio-browser,Europe/Athens,False,
GR,Ρυθμός Κομοτηνής 103.1,,Komotini,Komotini,,Music,Greek pop,Greek,None,Unknown,http://n0f.radiojar.com/v1hkvv4gk72vv?rj-ttl=5&rj-tok=AAABjd0FotAAL9v4MaEcDKg6Qg,MP3,,Working,6,https://resources.live24.gr/resources/images/stations/a99257bc-d2db-4536-94e9-73cad54e44a5.png,"tags: greek pop,mainstream",radio-browser,Europe/Athens,False,
GR,Χρόνος 87.5,,Komotini,Komotini,,News & Talk,News & Talk,Greek,None,Unknown,https://cast.radiohost.ovh/radioxronos?mp=/default,MP3,,Working,8,https://resources.live24.gr/resources/images/stations/f3d06a86-7898-452a-9c27-d3b955d6ed3d.jpg,"tags: news talk,pop",radio-browser,Europe/Athens,False,
GR,Action Web Konitsa,,Konitsa,Internet-only,,Music,Pop,Greek,None,Yes,https://solid1.streamupsolutions.com/proxy/jkzjmwru?mp=/stream,MP3,192,Working,26,,Entertainment,wiki+radio-browser,Europe/Athens,False,
GR,Akroama 95.5,,Korinthia,the Peloponnese,95.5,Music,Rock / Alternative,Greek,None,No,,,,No stream found,0,,"Greek laïko, pop and rock music; located from Corinth ""Corinth (modern city)"")",wiki-only,Europe/Athens,False,
GR,Aktina Radio,,Korinthia,the Peloponnese,95.0,Music,Rock / Alternative,Greek,None,No,https://cast4.my-control-panel.com/proxy/anastas2/stream,MP3,160,Working,127,https://www.radio984.gr/favicon.ico,"Foreign pop and rock music; located from Corinth ""Corinth (modern city)"")",wiki+radio-browser,Europe/Athens,False,
GR,"Alfa & Omega 107,3",,Korinthia,the Peloponnese,107.3,Religious,Religious,Greek,None,No,,,,No stream found,0,,"_Free Evangelical Churches_ radio; located from Corinth ""Corinth (modern city)"")",wiki-only,Europe/Athens,False,
GR,Anamnisi FM,,Korinthia,the Peloponnese,103.5,Music,Greek laïkó,Greek,None,No,,,,No stream found,0,,Greek laïko and rebetiko music (ex. Mousiko Kanali),wiki-only,Europe/Athens,False,
GR,"Brake FM 100,8",,Korinthia,the Peloponnese,100.8,Music,Rock / Alternative,Greek,None,No,,,,No stream found,0,,"Greek pop and rock music (ex. Derveni 88.4, Evrostina)",wiki-only,Europe/Athens,False,
GR,Diolkos FM 105.6,,Korinthia,the Peloponnese,105.6,News & Talk,News & Talk + Music,Greek,None,No,,,,No stream found,0,,News and talk with Greek music (ex. Korinthos Radio),wiki-only,Europe/Athens,False,
GR,Eco Radio 87.9,,Korinthia,the Peloponnese,87.9,News & Talk,News & Talk,Greek,None,No,https://cast4.my-control-panel.com/proxy/anastas2/stream,MP3,160,Working,127,https://www.radio984.gr/favicon.ico,News and talk; rebroadcasting with _Athens 98.4 FM_,wiki+radio-browser,Europe/Athens,False,
GR,"Electra FM 9,88",,Korinthia,the Peloponnese,98.8,Sports,Sports,Greek,None,No,,,,No stream found,0,,"News and talk; rebroadcasting with _Sport FM 94,6 of Athens_",wiki-only,Europe/Athens,False,
GR,Energeia FM 106.4,,Korinthia,the Peloponnese,106.4,Music,Greek music,Greek,None,No,,,,No stream found,0,,Greek music (ex. Youth FM 106.4 Korinthos),wiki-only,Europe/Athens,False,
GR,Epikinonia FM,,Korinthia,the Peloponnese,89.1,Music,Rock / Alternative,Greek,None,No,,,,No stream found,0,,Greek pop and rock music; located from Loutraki,wiki-only,Europe/Athens,False,
GR,Extra / Firma FM,,Korinthia,the Peloponnese,93.8,Music,Greek music,Greek,None,No,,,,No stream found,0,,"Greek music; rebroadcasting with _Blackman 107,5 Athens_",wiki-only,Europe/Athens,False,
GR,Info Radio 95.8,,Korinthia,the Peloponnese,95.8,News & Talk,News & Talk,Greek,None,No,https://cast4.my-control-panel.com/proxy/anastas2/stream,MP3,160,Working,127,https://www.radio984.gr/favicon.ico,News and talk; rebroadcasting with _Parapolitika of Athens_,wiki+radio-browser,Europe/Athens,False,
GR,Just FM Korinthos,,Korinthia,the Peloponnese,96.4,News & Talk,News & Talk + Music,Greek,None,No,http://cast.radiohost.ovh:9004/stream?1501748611584.mp3,MP3,128,Working,37,,News and talk with foreign pop music (ex. Proto Kanali),wiki+radio-browser,Europe/Athens,False,
GR,Loutraki Radio 96.9,,Korinthia,the Peloponnese,96.9,Music,Greek music,Greek,None,No,https://cast4.my-control-panel.com/proxy/anastas2/stream,MP3,160,Working,127,https://www.radio984.gr/favicon.ico,Greek and foreign pop music; located from Loutraki,wiki+radio-browser,Europe/Athens,False,
GR,LRadio 87.5 FM,,Korinthia,the Peloponnese,87.5,Music,Rock / Alternative,Greek,None,No,https://cast4.my-control-panel.com/proxy/anastas2/stream,MP3,160,Working,127,https://www.radio984.gr/favicon.ico,Greek pop and rock music (ex. Skyline FM Korinthos),wiki+radio-browser,Europe/Athens,False,
GR,MY Radio 89.6,,Korinthia,the Peloponnese,89.6,News & Talk,News & Talk + Music,Greek,None,No,http://streaming.myradio1046.fm/myradio1046,MP3,0,Down,460,,News and talk; rebroadcasting with _Skai 100.3_,wiki+radio-browser,Europe/Athens,False,
GR,Nemea Radio 107.6,,Korinthia,the Peloponnese,107.6,Music,Rock / Alternative,Greek,None,No,https://cast4.my-control-panel.com/proxy/anastas2/stream,MP3,160,Working,127,https://www.radio984.gr/favicon.ico,Greek pop and rock music (ex. Nemea TOP FM 107.6),wiki+radio-browser,Europe/Athens,False,
GR,Orthodox Church,,Korinthia,the Peloponnese,91.2,Religious,Religious,Greek,None,No,https://sh.onweb.gr/8546/stream,MP3,96,Working,1,https://onradio.gr/wp-content/uploads/2020/04/ORT-FM-1.png,Religious radio; rebroadcasting with _Peiraiki Ecclesia_,wiki+radio-browser,Europe/Athens,False,
GR,Orthodoxy 91.8fm,,Korinthia,the Peloponnese,91.8,Religious,Religious,Greek,None,No,https://sh.onweb.gr/8546/stream,MP3,96,Working,1,https://onradio.gr/wp-content/uploads/2020/04/ORT-FM-1.png,Religious radio; rebroadcasting with _Ecclesia FM Athens_,wiki+radio-browser,Europe/Athens,False,
GR,"Pena FM 103,1",,Korinthia,the Peloponnese,103.1,Music,Greek music,Greek,None,No,,,,No stream found,0,,"Greek laïko music (ex. Life FM, Radio Xylokastro)",wiki-only,Europe/Athens,False,
GR,Radio DeeJay,,Korinthia,the Peloponnese,94.2,Music,Mixed music,Greek,None,No,https://cast4.my-control-panel.com/proxy/anastas2/stream,MP3,160,Working,127,https://www.radio984.gr/favicon.ico,"Foreign music; based in Corinth ""Corinth (modern city)"") with studio from Loutraki",wiki+radio-browser,Europe/Athens,False,
GR,Radio Goiteia 106.8,,Korinthia,the Peloponnese,106.8,Music,Traditional / Folk,Greek,None,No,https://cast4.my-control-panel.com/proxy/anastas2/stream,MP3,160,Working,127,https://www.radio984.gr/favicon.ico,Greek traditional & skiladiko; located from Kryoneri,wiki+radio-browser,Europe/Athens,False,
GR,Radio Morias,,Korinthia,the Peloponnese,102.7,Music,Greek music,Greek,None,No,https://cast4.my-control-panel.com/proxy/anastas2/stream,MP3,160,Working,127,https://www.radio984.gr/favicon.ico,Greek music (ex. Eroticos and Melody FM 102.7),wiki+radio-browser,Europe/Athens,False,
GR,RTP Center FM,,Korinthia,the Peloponnese,90.5,Music,Greek music,Greek,None,No,,,,No stream found,0,,"Greek and foreign pop music; located from Corinth ""Corinth (modern city)"")",wiki-only,Europe/Athens,False,
GR,Brake Κόρινθος,,Korinthos,Korinthos,,News & Talk,News & Talk,Greek,None,Unknown,http://proradio.gr:8004/brake,AAC+,64,Working,19,https://www.korinthosnews.gr/favicon.ico,"tags: greek,news,pop",radio-browser,Europe/Athens,False,
GR,Korinthos 105.6 fm,,Korinthos,Internet-only,,Music,Rock / Alternative,Greek,None,Yes,http://cast.radiohost.ovh:9004/stream?1501748611584.mp3,MP3,128,Working,37,,Entertainment,wiki+radio-browser,Europe/Athens,False,
GR,Korinthos Web,,Korinthos,Korinthos,,Music,Traditional / Folk,Greek,None,Unknown,https://rdst.win:59550/live,MP3,128,Working,12,https://www.facebook.com/favicon.ico,"tags: folk,greek,pop",radio-browser,Europe/Athens,False,
GR,Ακρόαμα 95.5,,Korinthos,Korinthos,,Music,Greek pop,Greek,None,Unknown,http://live.e-streaming.eu:8100/1,MP3,192,Working,3,http://akroamaradio.gr/image/logo.png,"tags: greek pop,mainstream",radio-browser,Europe/Athens,False,
GR,Ανάμνηση 103.5,,Korinthos,Korinthos,,Music,Traditional / Folk,Greek,None,Unknown,https://shoutcast.k-planet.eu/8066/stream,MP3,128,Working,6,https://resources.live24.gr/resources/images/stations/f7ea5d3f-e810-421a-98ec-23b823e430fa.jpg,tags: greek folk,radio-browser,Europe/Athens,False,
GR,Δίολκος 105.6,,Korinthos,Korinthos,,News & Talk,News & Talk + Music,Greek,None,Unknown,https://sp1.19cloudsnetwork.gr:8020/stream?type=http&nocache=18,MP3,128,Working,4,https://resources.live24.gr/resources/images/stations/4584eac4-aece-4f5e-b432-41cc55e8119e.jpg,"tags: greek music,news talk",radio-browser,Europe/Athens,False,
GR,Ηλέκτρα 98.8,,Korinthos,Korinthos,,Other,Other,Greek,None,Unknown,http://stream.sy3dud.com:8000/stream/3/;,MP3,128,Working,15,http://resources.live24.gr/resources/images/stations/949a98db-dfca-4685-8702-71b0a4bad06c.png,tags: ,radio-browser,Europe/Athens,False,
GR,Πένα 103.1,,Korinthos,Korinthos,,Other,Other,Greek,None,Unknown,https://tls-chrome.live24.gr/831?http://stream.sy3dud.com:8000/stream/2/,MP3,128,Working,6,https://resources.live24.gr/resources/images/stations/5f51a83f-11df-4a26-ade5-6f906caf2d47.png,tags: ,radio-browser,Europe/Athens,False,
GR,Παλμός 98.2,,Korinthos,Korinthos,,Other,Other,Greek,None,Unknown,http://stream.sy3dud.com:8000/stream,MP3,128,Working,16,http://resources.live24.gr/resources/images/stations/f11aba24-5e56-4fc0-829f-c61739e749d0.png,tags: ,radio-browser,Europe/Athens,False,
GR,Klik 93,,Kos,Kos,,Music,Pop / Hits,Greek,None,Unknown,https://tls-chrome.live24.gr/4178?http://37.157.242.104:6456/,MP3,128,Working,2,https://resources.live24.gr/resources/images/stations/fc977d92-8fd8-4cc2-aea4-096d084a64d9.png,"tags: mainstream,pop",radio-browser,Europe/Athens,False,
GR,Proto Κως,,Kos,Kos,,News & Talk,News & Talk,Greek,None,Unknown,http://server.insms.gr:45114/;stream.mp3,MP3,128,Working,18,https://radioproto.gr/wp-content/uploads/2020/12/ico-r.png,"tags: greek,news,pop,talk",radio-browser,Europe/Athens,False,
GR,"Παλμός 94,9",,Kos,Kos,,Music,Greek pop,Greek,None,Unknown,https://tls-chrome.live24.gr/3858?http://37.157.242.101:24467/,MP3,128,Working,1,https://resources.live24.gr/resources/images/stations/49901420-2268-4e31-9a73-8809574bc3a4.png,"tags: greek pop,mainstream",radio-browser,Europe/Athens,False,
GR,Ble 93.3,,Kozani,Kozani,,Other,Other,Greek,None,Unknown,http://radio.lancom.gr:8004/stream3?1547809557220,MP3,128,Working,5,http://resources.live24.gr/resources/images/stations/fc5b1df5-502e-47dc-b7b8-03c0ce8a133f.jpg,tags: ,radio-browser,Europe/Athens,False,
GR,Ble 93.3 Κοζάνη,,Kozani,Kozani,,Other,Other,Greek,None,Unknown,https://radio.lancom.gr:9004/stream3?1706990199741,MP3,128,Working,4,https://resources.live24.gr/resources/images/stations/bd0f2136-2606-47a1-b702-273144447c15.jpg,tags: ,radio-browser,Europe/Athens,False,
GR,Blue FM 93.3,,Kozani,Macedonia,93.3,Music,Greek music,Greek,None,No,,,,No stream found,0,,Greek music; rebroadcasting _Blue 92.5 Thessaloniki_,wiki-only,Europe/Athens,False,
GR,Diva 91.6,,Kozani,Kozani,,Music,Electronic / Dance,Greek,None,Unknown,http://176.31.120.166:6404/stream,MP3,128,Working,111,,"tags: dance,electronic,pop",radio-browser,Europe/Athens,False,
GR,Diva FM 91.6,,Kozani,Macedonia,91.6,Music,Mixed music,Greek,None,No,http://176.31.120.166:6404/;,MP3,128,Working,3,https://www.divaradio.gr/logo_diva.png,Foreign music; rebroadcasting with _102.5 Athens_,wiki+radio-browser,Europe/Athens,False,
GR,ERT Kozani,ΕΡΤ Κοζάνης,Kozani,Macedonia,100.2,Public,News & Talk,Greek,State,No,https://radiostreaming.ert.gr/ert-kozani,,,Working,0,https://www.ertnews.gr/wp-content/uploads/2023/01/cropped-favicon-180x180.png,News and talk; Local station of Greek state radio,curated,Europe/Athens,False,
GR,Free 99 FM,,Kozani,Macedonia,99.0,News & Talk,News & Talk,Greek,None,No,,,,No stream found,0,,News and talk; rebroadcasting with _Radio Thessaloniki_,wiki-only,Europe/Athens,False,
GR,Fresh Radio,,Kozani,Macedonia,92.9,Music,Greek music,Greek,None,No,https://cast4.my-control-panel.com/proxy/anastas2/stream,MP3,160,Working,127,https://www.radio984.gr/favicon.ico,"Greek and foreign pop music (ex. Crack FM 9,29)",wiki+radio-browser,Europe/Athens,False,
GR,Kapsoura,,Kozani,Macedonia,91.9,Music,Greek laïkó,Greek,None,No,,,,No stream found,0,,Pirate radio with Greek laïko and rebetiko music,wiki-only,Europe/Athens,False,
GR,Laikos Kozani,,Kozani,Macedonia,106.3,Music,Greek laïkó,Greek,None,No,http://sp2.streams.ovh:8106/;stream,MP3,128,Working,2,https://www.laikosradio.gr/laikosfm_logo.gif,"Greek laïko music; rebroadcasting with _Laikos 105,7 Larissa_",wiki+radio-browser,Europe/Athens,False,
GR,NRG 89.5,,Kozani,Kozani,,Music,Electronic / Dance,Greek,None,Unknown,http://i4.streams.ovh:8078/stream?type=http&nocache=422,MP3,192,Working,50,,"tags: dance,mainstream,pop",radio-browser,Europe/Athens,False,
GR,"NRG Radio 89,5",,Kozani,Macedonia,89.5,Music,Rock / Alternative,Greek,None,No,http://s1.onweb.gr:8412/stream,MP3,128,Working,76,,Foreign pop and rock music; located from Kozani,wiki+radio-browser,Europe/Athens,False,
GR,Orthodoxy and Tradition,,Kozani,Macedonia,103.0,Religious,Religious,Greek,None,No,https://sh.onweb.gr/8546/stream,MP3,96,Working,1,https://onradio.gr/wp-content/uploads/2020/04/ORT-FM-1.png,Orthodox religious church radio station; located from Siatista,wiki+radio-browser,Europe/Athens,False,
GR,Power 92.6,,Kozani,Macedonia,92.6,Music,Rock / Alternative,Greek,None,No,http://s1.onweb.gr:8854/stream?type=http&nocache=113055,MP3,128,Working,98,https://en-gb.facebook.com/favicon.ico,Greek pop and rock music (ex. Radio Galatini),wiki+radio-browser,Europe/Athens,False,
GR,Radio Meli 106.6,,Kozani,Macedonia,106.6,Other,Other,Greek,None,No,https://cast4.my-control-panel.com/proxy/anastas2/stream,MP3,160,Working,127,https://www.radio984.gr/favicon.ico,Rebroadcasting with _Athlitikos Libero_ and _NG Radio Athens_,wiki+radio-browser,Europe/Athens,False,
GR,Siatista FM,,Kozani,Macedonia,95.7,News & Talk,News & Talk + Music,Greek,None,No,http://eco.onestreaming.com:8606/;,MP3,128,Working,11,http://resources.live24.gr/resources/images/stations/c8573602-92ff-46e0-9052-4da1f389c2b5.png,"News- talk, entertainment-culture; located from Siatista",wiki+radio-browser,Europe/Athens,False,
GR,"Siera 105,3",,Kozani,Macedonia,105.3,Music,Greek pop,Greek,None,No,https://radio.sierafm.gr:55469/Sierafm,MP3,256,Working,0,https://resources.live24.gr/resources/images/stations/26ba748b-9fa2-402e-ae46-0f8b523b39f5.png,"Greek music; rebroadcasting with _Sfera 102,2 of Athens_",wiki+radio-browser,Europe/Athens,False,
GR,Sky FM,,Kozani,Macedonia,99.7,News & Talk,News & Talk,Greek,None,No,http://95.217.34.48:8211/stream,MP3,128,Working,18,https://sky-fm.gr/wp-content/uploads/2023/03/Skyfm_logo_f.png,News and talk; rebroadcasting with _Metropolis 95.5_,wiki+radio-browser,Europe/Athens,False,
GR,Stathmos,,Kozani,Macedonia,99.5,Music,Rock / Alternative,Greek,None,No,,,,No stream found,0,,"Greek pop and rock music (ex. Eroticos, Music Ideas)",wiki-only,Europe/Athens,False,
GR,Top FM 95.1,,Kozani,Macedonia,95.1,Sports,Sports,Greek,None,No,https://mcr.streams.gr/listen/topfm1024,MP3,320,Working,0,,"Greek laïko, pop and rock music; located from Kozani",wiki+radio-browser,Europe/Athens,False,
GR,True Story Ptolemaida,,Kozani,Macedonia,102.8,News & Talk,News & Talk,Greek,None,No,https://sp1.19cloudsnetwork.gr/8040/stream,MP3,320,Working,31,https://resources.live24.gr/resources/images/stations/f16907df-9d0a-4752-a640-5e696175aa15.jpeg,News and talk (ex. Vivagr 102.8 & Radio Fasma 103 FM),wiki+radio-browser,Europe/Athens,False,
GR,Vivafm 953,,Kozani,Macedonia,95.3,Music,Rock / Alternative,Greek,None,No,http://s3.onweb.gr:8030/stream?type=http&nocache=114707,MP3,128,Working,55,https://viva883.gr/favicon.ico,Foreign pop and rock music; located from Ptolemaida,wiki+radio-browser,Europe/Athens,False,
GR,West Radio,,Kozani,Macedonia,98.0,News & Talk,News & Talk,Greek,None,No,https://cast4.my-control-panel.com/proxy/anastas2/stream,MP3,160,Working,127,https://www.radio984.gr/favicon.ico,"News & talk; rebroadcasting with _Real FM 97,8 Athens_",wiki+radio-browser,Europe/Athens,False,
GR,Λαϊκός 106.3,,Kozani,Kozani,,Music,Traditional / Folk,Greek,None,Unknown,http://sp2.streams.ovh:8102/stream?type=http&nocache=70,MP3,128,Working,194,http://resources.live24.gr/resources/images/stations/6f02d866-69da-45fd-9f19-c1c37bee5bd7.jpg,"tags: folk,greek",radio-browser,Europe/Athens,False,
GR,Μελωδία 102.4,,Kozani,Kozani,,Music,Greek pop,Greek,None,Unknown,https://radio.streamings.gr/proxy/melodia1024?mp=/stream,MP3,128,Working,7,https://resources.live24.gr/resources/images/stations/1796a0a7-5099-42e4-a1f9-91ca425f184e.jpg,"tags: greek pop,mainstream",radio-browser,Europe/Athens,False,
GR,Σταθμός 99.5,,Kozani,Kozani,,Music,Traditional / Folk,Greek,None,Unknown,https://s7.myradiostream.com:10432/;listen.pls;listen.pls,MP3,192,Working,3,https://resources.live24.gr/resources/images/stations/72fca9ca-e7d3-494c-afeb-84574a0f9349.jpg,tags: greek folk,radio-browser,Europe/Athens,False,
GR,Τσιρίγο,,Kythira,Kythira,,News & Talk,News & Talk + Music,Greek,None,Unknown,http://s2.onweb.gr:8622/;,MP3,96,Working,8,http://resources.live24.gr/resources/images/stations/83e8e8c1-86ec-4dda-a00e-99445000aa9a.png,"tags: music,news,talk",radio-browser,Europe/Athens,False,
GR,Adelin FM,,Lakonia,the Peloponnese,107.3,News & Talk,News & Talk + Music,Greek,None,No,http://cast.magicstreams.gr:8050/stream?type=http&nocache=368,MP3,128,Working,11,http://resources.live24.gr/resources/images/stations/a5946289-3cc8-4e6b-9b14-e295150b515d.jpg,News and talk with Greek laïko music; located from Kythira,wiki+radio-browser,Europe/Athens,False,
GR,ANT1 South Greece,,Lakonia,the Peloponnese,97.2,News & Talk,News & Talk,Greek,None,No,,,,No stream found,0,,News and talk; rebroadcasting with _Parapolitika FM 90.1_,wiki-only,Europe/Athens,False,
GR,Asteri FM Lakonia,,Lakonia,the Peloponnese,88.5,News & Talk,News & Talk + Music,Greek,None,No,,,,No stream found,0,,News and talk with foreign pop music; located from Areopoli,wiki-only,Europe/Athens,False,
GR,Best FM 103.9,,Lakonia,the Peloponnese,103.7,Music,Greek music,Greek,None,No,,,,No stream found,0,,Greek and foreign music; rebroadcasting with _Sfera 102.2_,wiki-only,Europe/Athens,False,
GR,"Camelot FM 100,8",,Lakonia,the Peloponnese,100.8,Music,Greek music,Greek,None,No,,,,No stream found,0,,"Greek and foreign music (ex. Radio Kythira 100,8 FM)",wiki-only,Europe/Athens,False,
GR,Ecclesia Spartis,,Lakonia,the Peloponnese,88.8,Religious,Religious,Greek,None,No,https://i2.streams.ovh:2200/ssl/artfm?mp=/stream,MP3,192,Working,18,http://resources.live24.gr/resources/images/stations/393fb9a6-5d2a-4a45-ad5c-8a43f290aec8.jpg,Religious; rebroadcasting with _Ecclesia FM 89.5 of Athens_,wiki+radio-browser,Europe/Athens,False,
GR,"FLY FM 89,7",,Lakonia,the Peloponnese,89.7,News & Talk,News & Talk,Greek,None,No,http://eco.onestreaming.com:8602/;,MP3,128,Working,312,,News and talk; rebroadcasting with _Skai 100.3 of Athens_,wiki+radio-browser,Europe/Athens,False,
GR,Melodia Radio 98.3,,Lakonia,the Peloponnese,98.3,Music,Greek laïkó,Greek,None,No,https://cast4.my-control-panel.com/proxy/anastas2/stream,MP3,160,Working,127,https://www.radio984.gr/favicon.ico,Greek laïko- éntekhno- rebetiko; located from Magoula,wiki+radio-browser,Europe/Athens,False,
GR,Mousikos Palmos 94.5,,Lakonia,the Peloponnese,94.5,News & Talk,News & Talk,Greek,None,No,http://netradio.live24.gr/derty1000,AAC+,160,Working,925,,"News and talk; rebroadcasting with _105,5 sto Kokkino Athens_",wiki+radio-browser,Europe/Athens,False,
GR,Planet FM 102.3,,Lakonia,the Peloponnese,102.3,Music,Greek laïkó,Greek,None,No,http://nemstream.ddns.net:12032/stream?type=http&nocache=25,MP3,192,Working,18,,Greek laïko and rebetiko music (ex. Radio Vatika 102.1),wiki+radio-browser,Europe/Athens,False,
GR,Politeia Radio,,Lakonia,the Peloponnese,90.7,News & Talk,News & Talk,Greek,None,No,https://cast4.my-control-panel.com/proxy/anastas2/stream,MP3,160,Working,127,https://www.radio984.gr/favicon.ico,News & talk; rebroadcasts _Athens 98.4 FM_ & _NG Radio_,wiki+radio-browser,Europe/Athens,False,
GR,South (Notos) 94.9 fm,,Lakonia,the Peloponnese,94.9,News & Talk,News & Talk,Greek,None,No,,,,No stream found,0,,"News and talk; rebroadcasting with _Real FM 97,8 of Athens_",wiki-only,Europe/Athens,False,
GR,Tsirigo FM,,Lakonia,the Peloponnese,105.6,News & Talk,News & Talk,Greek,None,No,,,,No stream found,0,,News and talk; rebroadcasting with _Alpha 98.9 from Athens_,wiki-only,Europe/Athens,False,
GR,Αστέρι 88.5,,Lakonia,Laconia,,Music,Pop / Hits,Greek,None,Unknown,https://asterifm.gr/radio/stream,MP3,128,Working,0,https://resources.live24.gr/resources/images/stations/c964ddfe-4390-47f1-97f7-e506c7e48d94.png,"tags: mainstream,pop",radio-browser,Europe/Athens,False,
GR,Cult 99.8,,Lamia,Lamia,,Music,Pop,Greek,None,Unknown,http://s4.onweb.gr:8876/;,MP3,96,Working,66,https://www.gstatic.com/android/market_images/web/favicon_v3.ico,tags: pop,radio-browser,Europe/Athens,False,
GR,FM Αγκάθι/Agathi,,Lamia,Lamia (Greece),,Other,Other,"English,Greek",None,Unknown,http://node-21.zeno.fm/x7zhhtrmcd0uv,MP3,128,Working,3,https://blogger.googleusercontent.com/img/b/R29vZ2xl/AVvXsEh5qje4JNvXyWtxMdqbHX3_d7Cb-M6lczaNjHOox7iWjHzNTka0tCmfq4wN8IBgrcn6d0V21hdS79U9Fvgcf-0Q6UYx6D4iyYZftqTP-_YntcofDCnXXcKnRY-fE-a7eA/s113/%CE%BB%CE%AE%CF%88%CE%B7.jpg,tags: ,radio-browser,Europe/Athens,False,
GR,Nova 92.1,,Lamia,Lamia,,Music,Greek music,Greek,None,Unknown,https://sh.onweb.gr:7125/;stream.mp3,MP3,128,Working,12,https://novafm.gr/favicon.ico,"tags: greek,pop",radio-browser,Europe/Athens,False,
GR,NRG 92.4,,Lamia,Lamia,,Music,Electronic / Dance,Greek,None,Unknown,http://s6.onweb.gr:9240/stream,MP3,128,Working,395,https://nrg924.gr/wp-content/uploads/2020/09/nrg_gif.gif,"tags: dance,pop",radio-browser,Europe/Athens,False,
GR,Star Λαμία,,Lamia,Lamia,,News & Talk,News & Talk,Greek,None,Unknown,http://eco.onestreaming.com:8434/stream?type=http&nocache=107,MP3,96,Working,11,https://tvstar.gr/icon.png,"tags: greek,news,pop,talk",radio-browser,Europe/Athens,False,
GR,Ιερά Μητροπόλη Φθιώτιδος 89.4,,Lamia,Lamia (Greece),,Religious,Religious,Greek,None,Unknown,http://eco.onestreaming.com:8264/,MP3,96,Working,293,,"tags: ecclesia,greek,orthodox christian,orthodoxy,εκκλησία,ιερά μητρόπολις,ορθοδοξία",radio-browser,Europe/Athens,False,
GR,Λαμία FM 1,,Lamia,Lamia,,News & Talk,News & Talk,Greek,None,Unknown,http://sc2.streamwithq.com:8092/;listen.pls,MP3,128,Working,11,http://resources.live24.gr/resources/images/stations/f0b1cb1a-69b1-4f78-9542-f4f960d53541.png,"tags: news,pop,talk",radio-browser,Europe/Athens,False,
GR,Λαϊκός 100.6,,Lamia,Lamia,,Music,Traditional / Folk,Greek,None,Unknown,http://sp2.streams.ovh:8100/stream?type=http&nocache=185,MP3,128,Working,197,http://resources.live24.gr/resources/images/stations/51bd898a-7bce-4b17-b15f-12f44e676de3.jpg,"tags: folk,greek,pop",radio-browser,Europe/Athens,False,
GR,Μελωδία 88,,Lamia,Lamia,,Music,Greek music,Greek,None,Unknown,https://sp1.19cloudsnetwork.gr/8002/stream,MP3,128,Working,4,https://resources.live24.gr/resources/images/stations/28753a17-28e8-45ac-a222-7f4436b30a8a.jpg,tags: greek music,radio-browser,Europe/Athens,False,
GR,Ρούμελη News 98,,Lamia,Lamia,,News & Talk,News & Talk,Greek,None,Unknown,https://radio.webhosting4u.gr/stream/radioroumelinews,MP3,128,Working,5,https://resources.live24.gr/resources/images/stations/d909495f-3f08-4d0a-99f9-b96c549add5c.jpg,"tags: ethnic,news talk,pop",radio-browser,Europe/Athens,False,
GR,Ρυθμός 94.6,,Lamia,Lamia,,Music,Greek music,Greek,None,Unknown,http://sc2.streamwithq.com:8098/;listen.pls,MP3,128,Working,17,,"tags: greek,mainstream,pop",radio-browser,Europe/Athens,False,
GR,Φυστίκι 95.8,,Lamia,Lamia,,Music,Greek music,Greek,None,Unknown,http://s4.onweb.gr:8444/;,MP3,128,Working,11,,"tags: greek,mainstream,pop",radio-browser,Europe/Athens,False,
GR,Χρώμα 98.5,,Lamia,Lamia,,Music,Greek music,Greek,None,Unknown,https://xroma985.live24.gr/xroma985,MP3,128,Working,10,http://resources.live24.gr/resources/images/stations/7baf2855-91f2-4245-acd7-7424c2f5134c.jpg,tags: greek music,radio-browser,Europe/Athens,False,
GR,905 Rock Larissa,,Larissa,Thessaly,90.5,Music,Rock / Alternative,Greek,None,No,https://sh.onweb.gr:8905/stream?type=http&nocache=13,MP3,192,Working,7,https://resources.live24.gr/resources/images/stations/7bc317de-bd14-4119-bec9-7293121b8040.png,Rock music; rebroadcasting with _1055 Rock of Thessaloniki_,wiki+radio-browser,Europe/Athens,False,
GR,905ROCK,,Larissa,Larisa,,Other,Other,Greek,None,Unknown,https://sh.onweb.gr:8905/stream,MP3,192,Working,79,https://905rock.gr/wp-content/uploads/2015/08/101rock_tran-300x126.png,tags: ,radio-browser,Europe/Athens,False,
GR,AEL Radio Larissa,,Larissa,Internet-only,,Other,Other,Greek,None,Yes,https://cast4.my-control-panel.com/proxy/anastas2/stream,MP3,160,Working,127,https://www.radio984.gr/favicon.ico,Entertainment,wiki+radio-browser,Europe/Athens,False,
GR,Anemos 92,,Larissa,Thessaly,92.0,Music,Greek laïkó,Greek,None,No,https://solid48.streamupsolutions.com/proxy/vqdawvmf/stream;,MP3,128,Working,13,https://resources.live24.gr/resources/images/stations/b5e8fd37-e180-44fa-a54d-e7095c4d30dc.png,Greek laïko and rebetiko music (ex. Music Channel 1),wiki+radio-browser,Europe/Athens,False,
GR,Avanti 107.6,,Larissa,Thessaly,107.6,Music,Pop,Greek,None,No,http://avantifm.live24.gr/avantifm,MP3,128,Working,73,,Foreign pop music; located from Larissa,wiki+radio-browser,Europe/Athens,False,
GR,Campos Radio,,Larissa,Thessaly,97.8,News & Talk,News & Talk + Music,Greek,None,No,https://cast4.my-control-panel.com/proxy/anastas2/stream,MP3,160,Working,127,https://www.radio984.gr/favicon.ico,News- talk- Greek music (ex. Radio Kissavos),wiki+radio-browser,Europe/Athens,False,
GR,Cocktail Radio,,Larissa,Thessaly,89.0,News & Talk,News & Talk + Music,Greek,None,No,https://cast4.my-control-panel.com/proxy/anastas2/stream,MP3,160,Working,127,https://www.radio984.gr/favicon.ico,"Foreign music (ex. Education, Information, Entertainment Radio)",wiki+radio-browser,Europe/Athens,False,
GR,DeeJay,,Larissa,Thessaly,95.7,Music,Rock / Alternative,Greek,None,No,http://s4.onweb.gr:8470/;,MP3,192,Working,174,,Foreign music; rebroadcasting with _95.2 Athens DeeJay_,wiki+radio-browser,Europe/Athens,False,
GR,Detox Radio,,Larissa,Internet-only,,Other,Other,Greek,None,Yes,https://cast4.my-control-panel.com/proxy/anastas2/stream,MP3,160,Working,127,https://www.radio984.gr/favicon.ico,Entertainment,wiki+radio-browser,Europe/Athens,False,
GR,"Easy fm 105,3",,Larissa,Thessaly,105.3,Music,Pop,Greek,None,No,https://sh.onweb.gr:7073/;,MP3,192,Working,20,,Foreign music; rebroadcasting with _Easy 97.2 from Athens_,wiki+radio-browser,Europe/Athens,False,
GR,Ecclesia 96.3,,Larissa,Thessaly,96.3,Religious,Religious,Greek,None,No,https://loki.mental-media.gr:8038/index.html,MP3,128,Working,8,https://i0.wp.com/ecclesiaradio.gr/wp-content/uploads/2026/02/895-old-logo-copy_37.jpg,Religious station; rebroadcasting with _Ecclesia 89.5_,wiki+radio-browser,Europe/Athens,False,
GR,Elassona Radio,,Larissa,Thessaly,88.4,Sports,Sports,Greek,None,No,https://cast4.my-control-panel.com/proxy/anastas2/stream,MP3,160,Working,127,https://www.radio984.gr/favicon.ico,"News and talk; rebroadcasting with _Sport FM 94,6 Athens_",wiki+radio-browser,Europe/Athens,False,
GR,ERT Larissa,ΕΡΤ Λάρισας,Larissa,Thessaly,98.3,Public,News & Talk,Greek,State,No,https://radiostreaming.ert.gr/ert-larisa,,,Working,0,,News and talk; Local station of Greek state radio,curated,Europe/Athens,False,
GR,Ixorama 106.6,,Larissa,Thessaly,106.6,Music,Greek music,Greek,None,No,,,,No stream found,0,,"Greek music (ex. Paradosiakos, River 105.3, Power 108)",wiki-only,Europe/Athens,False,
GR,Kivotos Radio,,Larissa,Thessaly,87.8,Music,Greek music,Greek,None,No,https://cast4.my-control-panel.com/proxy/anastas2/stream,MP3,160,Working,127,https://www.radio984.gr/favicon.ico,"Greek music; rebroadcasting with _Melodia 99,2 Athens_",wiki+radio-browser,Europe/Athens,False,
GR,"Laikos 105,7",,Larissa,Thessaly,105.7,Music,Greek laïkó,Greek,None,No,http://sp2.streams.ovh:8106/;stream,MP3,128,Working,2,https://www.laikosradio.gr/laikosfm_logo.gif,"Greek laïko and rebetiko music (ex. Enjoy FM 105,7)",wiki+radio-browser,Europe/Athens,False,
GR,Larissa FM,,Larissa,Thessaly,93.6,News & Talk,News & Talk,Greek,None,No,,,,No stream found,0,,News and talk; Larissa municipal radio station,wiki-only,Europe/Athens,False,
GR,Loud Radio 88.8,,Larissa,Thessaly,88.8,Music,Pop,Greek,None,No,https://cast4.my-control-panel.com/proxy/anastas2/stream,MP3,160,Working,127,https://www.radio984.gr/favicon.ico,Foreign pop music; rebroadcasting with _95.2 Athens DeeJay_,wiki+radio-browser,Europe/Athens,False,
GR,Mikel of Thessalia,,Larissa,Internet-only,,News & Talk,News & Talk + Music,Greek,None,Yes,https://eu7.fastcast4u.com/proxy/nmarog02?mp=/1,MP3,128,Working,60,http://resources.live24.gr/resources/images/stations/4f967b66-7ba0-4dd2-af9f-4d59390add4a.png,Entertainment,wiki+radio-browser,Europe/Athens,False,
GR,NRG 91 Larissa,,Larissa,Thessaly,91.0,Music,Rock / Alternative,Greek,None,No,http://s6.onweb.gr:9240/stream,MP3,128,Working,395,https://nrg924.gr/wp-content/uploads/2020/09/nrg_gif.gif,"Foreign pop and rock music (ex. Hxos – formerly on 90,9)",wiki+radio-browser,Europe/Athens,False,
GR,Oichalia FM,,Larissa,Thessaly,106.2,Religious,Religious,Greek,None,No,,,,No stream found,0,,Religious radio; rebroadcasting with _Christianity Athens_,wiki-only,Europe/Athens,False,
GR,Palace Radio,,Larissa,Thessaly,91.4,News & Talk,News & Talk,Greek,None,No,https://cast4.my-control-panel.com/proxy/anastas2/stream,MP3,160,Working,127,https://www.radio984.gr/favicon.ico,News and talk; rebroadcasting with _Skai 100.3 of Athens_,wiki+radio-browser,Europe/Athens,False,
GR,Party Elassona,,Larissa,Thessaly,97.1,Music,Traditional / Folk,Greek,None,No,https://i2.streams.ovh:2200/ssl/artfm?mp=/stream,MP3,192,Working,18,http://resources.live24.gr/resources/images/stations/393fb9a6-5d2a-4a45-ad5c-8a43f290aec8.jpg,"Greek and foreign music (ex. Radio 2, Steve FM)",wiki+radio-browser,Europe/Athens,False,
GR,Polis Radio,,Larissa,Thessaly,99.4,Music,Rock / Alternative,Greek,None,No,https://cast4.my-control-panel.com/proxy/anastas2/stream,MP3,160,Working,127,https://www.radio984.gr/favicon.ico,Greek pop and rock music (ex. City Radio Larissa),wiki+radio-browser,Europe/Athens,False,
GR,Power 932,,Larissa,Thessaly,93.2,Music,Rock / Alternative,Greek,None,No,http://s1.onweb.gr:8854/stream?type=http&nocache=113055,MP3,128,Working,98,https://en-gb.facebook.com/favicon.ico,Foreign pop and rock music (ex. Thessalian Radio),wiki+radio-browser,Europe/Athens,False,
GR,"Pressing 90,1fm",,Larissa,Thessaly,90.1,Sports,Sports,Greek,None,No,https://sh.onweb.gr/8840/stream,MP3,128,Working,0,https://onradio.gr/wp-content/uploads/2020/04/pressing_901.jpg,"Sports and talk (ex. Sport News, Sport FM and Super Radio)",wiki+radio-browser,Europe/Athens,False,
GR,"Radio 69 104,4",,Larissa,Thessaly,104.3,Music,Greek laïkó,Greek,None,No,https://cast4.my-control-panel.com/proxy/anastas2/stream,MP3,160,Working,127,https://www.radio984.gr/favicon.ico,"Greek laïko, rebetiko and skiladiko; located from Larissa",wiki+radio-browser,Europe/Athens,False,
GR,"Radio Club 97,6",,Larissa,Thessaly,97.6,News & Talk,News & Talk + Music,Greek,None,No,https://cast4.my-control-panel.com/proxy/anastas2/stream,MP3,160,Working,127,https://www.radio984.gr/favicon.ico,News- talk- Greek music; located from Trikala,wiki+radio-browser,Europe/Athens,False,
GR,Radio Trikala,,Larissa,Thessaly,103.5,Music,Greek laïkó,Greek,None,No,https://cast4.my-control-panel.com/proxy/anastas2/stream,MP3,160,Working,127,https://www.radio984.gr/favicon.ico,"Greek laïko, rebetiko and skiladiko; located from Trikala",wiki+radio-browser,Europe/Athens,False,
GR,Radio TRT,,Larissa,Thessaly,95.1,News & Talk,News & Talk + Music,Greek,None,No,https://cast4.my-control-panel.com/proxy/anastas2/stream,MP3,160,Working,127,https://www.radio984.gr/favicon.ico,"News, talk and music; rebroadcasting with _Real FM 97,8_",wiki+radio-browser,Europe/Athens,False,
GR,Radio Tyrnavos,,Larissa,Thessaly,103.8,Music,Greek laïkó,Greek,None,No,https://cast4.my-control-panel.com/proxy/anastas2/stream,MP3,160,Working,127,https://www.radio984.gr/favicon.ico,"Greek laïko, rebetiko and skiladiko; located from Tyrnavos",wiki+radio-browser,Europe/Athens,False,
GR,Rythmos Trikala,,Larissa,Thessaly,89.2,Music,Rock / Alternative,Greek,None,No,http://stream.radiojar.com/aw1w2xfx1vduv,MP3,0,Working,2374,,Greek pop and rock music; rebroadcasting with _Rythmos Athens_,wiki+radio-browser,Europe/Athens,False,
GR,Scanner FM,,Larissa,Thessaly,102.2,Music,Rock / Alternative,Greek,None,No,http://s1.onweb.gr:8074/stream?type=http&nocache=61679,MP3,128,Working,26,,Greek and foreign pop/rock music; located from Ampelonas,wiki+radio-browser,Europe/Athens,False,
GR,"Sfaira 101,6",,Larissa,Thessaly,101.6,Music,Greek music,Greek,None,No,,,,No stream found,0,,"Greek music (ex. Larissa Radio DeeJay and Enallax 101,8)",wiki-only,Europe/Athens,False,
GR,"Stork FM 89,8",,Larissa,Thessaly,89.8,Music,Rock / Alternative,Greek,None,No,https://cast.magicstreams.gr/sc/radiostork/stream,MP3,128,Working,11,https://resources.live24.gr/resources/images/stations/cdc4cebe-0e65-413d-9b10-12d88e4b2de0.png,"Greek hip hop, laïko, pop and rock music; located from Farsala",wiki+radio-browser,Europe/Athens,False,
GR,Thessalia,,Larissa,Thessaly,96.0,News & Talk,News & Talk + Music,Greek,None,No,https://eu7.fastcast4u.com/proxy/nmarog02?mp=/1,MP3,128,Working,60,http://resources.live24.gr/resources/images/stations/4f967b66-7ba0-4dd2-af9f-4d59390add4a.png,News- talk and Greek pop music; located from Karditsa,wiki+radio-browser,Europe/Athens,False,
GR,TRT 95.1 Larisa,,Larissa,Larisa,,News & Talk,News & Talk + Music,Greek,None,Unknown,https://stream.iplayradio.net/proxy/radiotrt/stream,MP3,128,Working,11,https://radio-trt-951.trttv.gr/wp-content/uploads/sites/3/2017/06/RADIO-TRT-LOGO-M-T.png,"tags: greek music,news talk",radio-browser,Europe/Athens,False,
GR,Vibe 9.54,,Larissa,Thessaly,95.4,Music,Pop,Greek,None,No,,,,No stream found,0,,Foreign pop music; rebroadcasting with _Best Radio 92.6_,wiki-only,Europe/Athens,False,
GR,Zimia Radio,,Larissa,Thessaly,93.9,Music,Greek music,Greek,None,No,https://cast4.my-control-panel.com/proxy/anastas2/stream,MP3,160,Working,127,https://www.radio984.gr/favicon.ico,Greek laïko music (ex. Best Radio and Flash 93.1),wiki+radio-browser,Europe/Athens,False,
GR,Zygos FM 100,,Larissa,Thessaly,100.0,News & Talk,News & Talk,Greek,None,No,,,,No stream found,0,,"News and talk; rebroadcasting with _Parapolitika 90,1_",wiki-only,Europe/Athens,False,
GR,Γαλιλαία,,Larissa,Larisa,,Religious,Religious,Greek,None,Unknown,http://s2.onweb.gr:8446/;,MP3,128,Working,12,http://resources.live24.gr/resources/images/stations/ab8851e8-6e45-400f-a696-d4f6f053d903.jpg,"tags: christian,orthodox",radio-browser,Europe/Athens,False,
GR,Ζημιά 93.9,,Larissa,Larisa,,Music,Traditional / Folk,Greek,None,Unknown,http://www.gointernet.gr:8012/;listen.pls,MP3,128,Working,164,https://zimia939.gr/favicon.ico,"tags: folk,greek",radio-browser,Europe/Athens,False,
GR,Ηχόραμα 106.6,,Larissa,Larisa,,Music,Greek music,Greek,None,Unknown,http://sp2.streams.ovh:8104/stream?type=http&nocache=763,MP3,128,Working,6,https://resources.live24.gr/resources/images/stations/64a9cfe4-c445-438d-9420-851ab95e837f.png,tags: greek music,radio-browser,Europe/Athens,False,
GR,Ι. Μ. Λαρίσης και Τυρνάβου 96.3,,Larissa,Larisa,,Religious,Religious,Greek,None,Unknown,http://in.icss.com.gr:8000/stream_007,MP3,192,Working,64,https://imlarisis.gr/wp-content/uploads/2016/02/cropped-cropped-logo-all-3-1-1-300x300-192x192.png,"tags: christian,orthodox",radio-browser,Europe/Athens,False,
GR,Ι.Μ. Αγίου Νικοδήμου,,Larissa,Larisa,,Religious,Religious,Greek,None,Unknown,https://cast.radiohost.ovh/toperas?mp=/stream,MP3,96,Working,9,https://www.imagnap.gr/wp-content/uploads/2021/01/465a85d1c4fd4fa5b3ca5f7b0309d3b3-150x150.jpg,"tags: christian orthodox,religion",radio-browser,Europe/Athens,False,
GR,Λαϊκός 105.7,,Larissa,Larisa,,Music,Traditional / Folk,Greek,None,Unknown,http://sp2.streams.ovh:8106/stream?type=http&nocache=540,MP3,128,Working,56,http://resources.live24.gr/resources/images/stations/fecf8fc2-f2b5-49c2-8750-067337fecf68.png,"tags: folk,greek,pop",radio-browser,Europe/Athens,False,
GR,Παραδοσιακός 106.6,,Larissa,Larisa,,Music,Traditional / Folk,Greek,None,Unknown,http://sp2.streams.ovh:8104/stream?type=http&nocache=763,MP3,128,Working,274,https://www.facebook.com/favicon.ico,"tags: greek,traditional",radio-browser,Europe/Athens,False,
GR,Πόλις 99.4,,Larissa,Larisa,,Music,Greek music,Greek,None,Unknown,http://s2.e-resellers.gr:8020/stream?type=http&nocache=103230,MP3,192,Working,62,https://www.radiopolis.gr/wp-content/uploads/2020/06/logo-polis-png-100.png,"tags: greek,mainstream,pop",radio-browser,Europe/Athens,False,
GR,Ρυθμός 98.8,,Larissa,Larisa,,Music,Greek pop,Greek,None,Unknown,https://sp1.32bit.gr/8010/stream,MP3,128,Working,1,https://resources.live24.gr/resources/images/stations/b1785376-518b-46a0-9578-df65c529629f.jpg,"tags: greek pop,mainstream",radio-browser,Europe/Athens,False,
GR,Σφαίρα Θεσσαλίας 101.6,,Larissa,Larisa,,Music,Traditional / Folk,Greek,None,Unknown,http://cast3.radiohost.ovh:8280/stream,MP3,128,Working,23,,"tags: greek folk music,greek pop",radio-browser,Europe/Athens,False,
GR,Τύρναβος 103.8,,Larissa,Larisa,,Music,Traditional / Folk,Greek,None,Unknown,http://s3.onweb.gr:8528/;,MP3,128,Working,38,,"tags: folk,greek,pop,traditional",radio-browser,Europe/Athens,False,
GR,Agios Nikolaos,,Lasithi,Crete,104.4,News & Talk,News & Talk,Greek,None,No,,,,No stream found,0,,News and talk; rebroadcasting with _BBC World Service_,wiki-only,Europe/Athens,False,
GR,Agyra Elpidos,,Lasithi,Crete,102.2,Religious,Religious,Greek,None,No,,,,No stream found,0,,Religious station; rebroadcasting with _Ecclesia FM 89.5_,wiki-only,Europe/Athens,False,
GR,"Ecclesia 90,6",,Lasithi,Crete,90.6,Religious,Religious,Greek,None,No,https://loki.mental-media.gr:8038/index.html,MP3,128,Working,8,https://i0.wp.com/ecclesiaradio.gr/wp-content/uploads/2026/02/895-old-logo-copy_37.jpg,Religious from the _Holy Metropolis of Petra and Herronisos_,wiki+radio-browser,Europe/Athens,False,
GR,Echo FM 99.8,,Lasithi,Crete,99.8,News & Talk,News & Talk,Greek,None,No,http://eco.onestreaming.com:8280/;,MP3,48,Working,4,,News and talk; rebroadcasting with _Parapolitika FM 90.1_,wiki+radio-browser,Europe/Athens,False,
GR,"Lato FM 103,3",,Lasithi,Crete,103.3,News & Talk,News & Talk,Greek,None,No,,,,No stream found,0,,News and talk; rebroadcasting with _Real FM Athens_,wiki-only,Europe/Athens,False,
GR,Madness 95,,Lasithi,Crete,95.0,Music,Greek music,Greek,None,No,http://s7.onweb.gr:8044/stream?type=http&nocache=40904,MP3,128,Down,25,,Greek and foreign music (ex. Eastern Crete 95.8),wiki+radio-browser,Europe/Athens,False,
GR,Panic FM 93.7,,Lasithi,Crete,93.7,Music,Rock / Alternative,Greek,None,No,https://eco.onestreaming.com/proxy/club937/stream,MP3,96,Working,7,https://resources.live24.gr/resources/images/stations/b8dd3fd4-4e8b-4827-b502-397bbd375923.png,Greek and foreign pop and rock music (ex. Club 93.7),wiki+radio-browser,Europe/Athens,False,
GR,Radio Lasithi,,Lasithi,Crete,92.3,News & Talk,News & Talk + Music,Greek,None,No,https://cast4.my-control-panel.com/proxy/anastas2/stream,MP3,160,Working,127,https://www.radio984.gr/favicon.ico,News & talk with Greek pop music; located from Ierapetra,wiki+radio-browser,Europe/Athens,False,
GR,Radio Melody Crete,,Lasithi,Crete,88.0,Music,Rock / Alternative,Greek,None,No,https://cast4.my-control-panel.com/proxy/anastas2/stream,MP3,160,Working,127,https://www.radio984.gr/favicon.ico,"Greek laïko, éntekhno, pop and rock music; located from Sitia",wiki+radio-browser,Europe/Athens,False,
GR,"Radio Vereniki 89,5",,Lasithi,Crete,89.5,News & Talk,News & Talk + Music,Greek,None,No,https://cast4.my-control-panel.com/proxy/anastas2/stream,MP3,160,Working,127,https://www.radio984.gr/favicon.ico,News and talk with Greek music; located from Ierapetra,wiki+radio-browser,Europe/Athens,False,
GR,Sitia FM,,Lasithi,Crete,95.5,News & Talk,News & Talk,Greek,None,No,http://sitiafm.no-ip.info:8000/;,MP3,96,Working,5,,News and talk; rebroadcasting with _Radio Kriti 101.5_,wiki+radio-browser,Europe/Athens,False,
GR,Style FM Stereo,,Lasithi,Crete,100.0,Sports,Sports,Greek,None,No,http://s3.onweb.gr:8530/;,MP3,128,Working,5,,News and Greek music; rebroadcasting with _Sport FM 94.6_,wiki+radio-browser,Europe/Athens,False,
GR,Velvet FM,,Lasithi,Crete,96.9,Music,Mixed music,Greek,None,No,https://securestream2.digipal.nl:1919/stream,MP3,128,Working,4,https://velvet968.gr/wp-content/uploads/2020/06/VELVET-96.8-LOGO-TRANSPARENT-SQUARE-300X300.png,"Pirate radio station located from Agios Nikolaos, Crete",wiki+radio-browser,Europe/Athens,False,
GR,Λέχοβο 97.1,,Lechovo,Lechovo,,News & Talk,News & Talk + Music,Greek,None,Unknown,http://s4.onweb.gr:8468/stream?type=http&nocache=62788,MP3,128,Working,8,http://resources.live24.gr/resources/images/stations/42fba213-9bcd-4a8a-b71e-a756d001b527.png,"tags: greek music,news",radio-browser,Europe/Athens,False,
GR,Λέχωβο Φλώρινα,,Lechovo,Lechovo,,News & Talk,News & Talk,Greek,None,Unknown,http://s4.onweb.gr:8468/;,MP3,128,Working,13,http://resources.live24.gr/resources/images/stations/42fba213-9bcd-4a8a-b71e-a756d001b527.png,"tags: greek,news,pop,talk",radio-browser,Europe/Athens,False,
GR,Ρυθμός Φλώρινας,,Lechovo,Lechovo,,Music,Greek music,Greek,None,Unknown,https://i7.streams.ovh/ic/rythmos1044/stream,MP3,,Working,21,http://www.facebook.com/favicon.ico,"tags: greek,mainstream,pop",radio-browser,Europe/Athens,False,
GR,Lefkatas,,Lefkada,the Ionian islands,90.5,Music,Greek pop,Greek,None,No,http://n0b.radiojar.com/kdf46t0c1quvv?rj-ttl=5&rj-tok=AAABlU31rIEAi6aFSgybyraWSg,MP3,0,Working,10,https://resources.live24.gr/resources/images/stations/eaa66e02-207a-4568-a5dd-e31b21ae842b.jpg,Greek pop music; rebroadcasting with _Athens 98.4 FM_,wiki+radio-browser,Europe/Athens,False,
GR,Radio Karya,,Lefkada,the Ionian islands,96.7,News & Talk,News & Talk,Greek,None,No,https://cast4.my-control-panel.com/proxy/anastas2/stream,MP3,160,Working,127,https://www.radio984.gr/favicon.ico,News and talk; rebroadcasting with _Easy 97.2 Athens_,wiki+radio-browser,Europe/Athens,False,
GR,Ρυθμός 101.9,,Lefkada,Lefkada,,Music,Greek music,Greek,None,Unknown,http://i3.streams.ovh:12214/stream?type=http&nocache=358,MP3,128,Working,7,https://www.facebook.com/favicon.ico,"tags: greek,mainstream,pop",radio-browser,Europe/Athens,False,
GR,"Aeolos FM 92,8",,Lesbos,the Aegean islands,92.8,Music,Greek laïkó,Greek,None,No,,,,No stream found,0,,Greek laïko- rebetiko- éntekhno music; located from Mytilene,wiki-only,Europe/Athens,False,
GR,"Astra FM 93,2",,Lesbos,the Aegean islands,93.2,Music,Rock / Alternative,Greek,None,No,http://eco.onestreaming.com:8554/;,MP3,128,Working,25,http://astraradio.gr/apple-touch-icon.png,Greek pop and rock music (ex. Central Radio Lesvos – Kalloni),wiki+radio-browser,Europe/Athens,False,
GR,Best FM Lesvos,,Lesbos,the Aegean islands,98.1,Music,Greek music,Greek,None,No,http://best.live24.gr/best1222,MP3,256,Working,3555,,Greek and foreign music; rebroadcasting with _Real FM_,wiki+radio-browser,Europe/Athens,False,
GR,Ecclesia 89.5,,Lesbos,the Aegean islands,103.8,Religious,Religious,Greek,None,No,https://loki.mental-media.gr:8038/index.html,MP3,128,Working,8,https://i0.wp.com/ecclesiaradio.gr/wp-content/uploads/2026/02/895-old-logo-copy_37.jpg,National; Orthodox radio station by the _Church of Greece_,wiki+radio-browser,Europe/Athens,False,
GR,Foni tis Ecclesias,,Lesbos,the Aegean islands,93.3,Religious,Religious,Greek,None,No,,,,No stream found,0,,Orthodox religious radio; rebroadcasting with _Ecclesia Athens_,wiki-only,Europe/Athens,False,
GR,Holiday FM Stereo,,Lesbos,the Aegean islands,95.7,Music,Rock / Alternative,Greek,None,No,,,,No stream found,0,,"Greek pop and rock music (ex. Hybrid, DeeJay, Hot FM)",wiki-only,Europe/Athens,False,
GR,Kiss MJT 101.5,,Lesbos,Lesvos,,Music,Electronic / Dance,Greek,None,Unknown,http://eco.onestreaming.com:8550/;,MP3,128,Working,31,,"tags: dance,hiphop,pop",radio-browser,Europe/Athens,False,
GR,Lemnos FM100,,Lesbos,the Aegean islands,100.0,News & Talk,News & Talk,Greek,None,No,,,,No stream found,0,,"News; rebroadcasting with _Radio Thessaloniki 94,5_",wiki-only,Europe/Athens,False,
GR,Lemnos Radio 979,,Lesbos,the Aegean islands,97.9,News & Talk,News & Talk + Music,Greek,None,No,https://cast4.my-control-panel.com/proxy/anastas2/stream,MP3,160,Working,127,https://www.radio984.gr/favicon.ico,"News, talk, culture and Greek music; located from Myrina",wiki+radio-browser,Europe/Athens,False,
GR,Local Radio Mitilini,,Lesbos,the Aegean islands,97.6,News & Talk,News & Talk + Music,Greek,None,No,https://cast4.my-control-panel.com/proxy/anastas2/stream,MP3,160,Working,127,https://www.radio984.gr/favicon.ico,"News, talk and music; rebroadcasting with _Athens 98.4 FM_",wiki+radio-browser,Europe/Athens,False,
GR,Love Mitilini,,Lesbos,the Aegean islands,88.2,Music,Pop / Hits,Greek,None,No,http://solid1.streamupsolutions.com:24929/stream,MP3,192,Working,57,https://loveradio882.gr/wp-content/uploads/2019/10/Love882_logo2.png,Easy listening; rebroadcasting with _Love Radio 97.5 Athens_,wiki+radio-browser,Europe/Athens,False,
GR,Melody Radio,,Lesbos,the Aegean islands,96.7,News & Talk,News & Talk,Greek,None,No,https://cast4.my-control-panel.com/proxy/anastas2/stream,MP3,160,Working,127,https://www.radio984.gr/favicon.ico,News; rebroadcasting with _105.5 sto Kokkino_,wiki+radio-browser,Europe/Athens,False,
GR,"Minore FM 96,8",,Lesbos,the Aegean islands,96.8,Music,Rock / Alternative,Greek,None,No,https://eu3.fastcast4u.com/proxy/nmarog00?mp=/1,MP3,128,Working,62,,"Greek pop, dance and rock music; located from Kalloni",wiki+radio-browser,Europe/Athens,False,
GR,Radio Alfa 96fm,,Lesbos,the Aegean islands,96.0,News & Talk,News & Talk,Greek,None,No,https://cast4.my-control-panel.com/proxy/anastas2/stream,MP3,160,Working,127,https://www.radio984.gr/favicon.ico,News and talk; rebroadcasting with _Sfera FM Athens_,wiki+radio-browser,Europe/Athens,False,
GR,Radio Kalloni,,Lesbos,the Aegean islands,87.5,News & Talk,News & Talk + Music,Greek,None,No,https://cast4.my-control-panel.com/proxy/anastas2/stream,MP3,160,Working,127,https://www.radio984.gr/favicon.ico,"News, talk and Greek music; rebroadcasting with _Sfera 102.2_",wiki+radio-browser,Europe/Athens,False,
GR,Radio Mitilini,,Lesbos,the Aegean islands,90.0,Music,Rock / Alternative,Greek,None,No,https://cast4.my-control-panel.com/proxy/anastas2/stream,MP3,160,Working,127,https://www.radio984.gr/favicon.ico,Greek pop and rock music (formerly broadcast on 107.6),wiki+radio-browser,Europe/Athens,False,
GR,Rythmos Radio,,Lesbos,the Aegean islands,91.6,Music,Greek pop,Greek,None,No,https://cast4.my-control-panel.com/proxy/anastas2/stream,MP3,160,Working,127,https://www.radio984.gr/favicon.ico,"Greek pop music; rebroadcasting with _Rythmos 9,49_",wiki+radio-browser,Europe/Athens,False,
GR,SKAI Aegean,,Lesbos,the Aegean islands,99.8,News & Talk,News & Talk,Greek,None,No,http://netradio.live24.gr/skai1003,MP3,192,Working,9680,,News and talk; rebroadcasting with _Skai 100.3_,wiki+radio-browser,Europe/Athens,False,
GR,Slam 101.5,,Lesbos,Lesvos,,Music,Rock / Alternative,Greek,None,Unknown,https://eco.onestreaming.com/proxy/slam/stream,MP3,128,Working,6,https://resources.live24.gr/resources/images/stations/b6521e89-100a-4c8b-b611-0679cb677e66.jpg,"tags: pop,rock",radio-browser,Europe/Athens,False,
GR,Slam 101.5 FM,,Lesbos,the Aegean islands,101.5,Music,Mixed music,Greek,None,No,,,,No stream found,0,,Foreign music; rebroadcasting with _95.2 Athens DeeJay_,wiki-only,Europe/Athens,False,
GR,Sto Nisi 99 fm,,Lesbos,the Aegean islands,99.0,Sports,Sports,Greek,None,No,,,,No stream found,0,,News and talk; rebroadcasting with _Sport FM Athens_,wiki-only,Europe/Athens,False,
GR,Αίολος 92.8,,Lesbos,Lesvos,,Music,Traditional / Folk,Greek,None,Unknown,http://eco.onestreaming.com:8552/;,MP3,128,Working,690,,"tags: folk,greek,pop",radio-browser,Europe/Athens,False,
GR,Λάμψη,,Lesbos,Lesvos,,Music,Traditional / Folk,Greek,None,Unknown,https://i6.streams.ovh/sc/radiolampsi/stream,MP3,192,Working,128,http://resources.live24.gr/resources/images/stations/8a5be60f-3beb-4597-9a72-e3b3a34f2561.jpg,tags: greek folk,radio-browser,Europe/Athens,False,
GR,Λόφος,,Lesbos,Lesvos,,Other,Other,Greek,None,Unknown,http://radio.myaegean.gr:8000/lofosradio.mp3,MP3,128,Working,0,http://my.aegean.gr/radio/Lesvos/pix/now-playing-lofosbox3.png,tags: student radio,radio-browser,Europe/Athens,False,
GR,Μυτιλήνη 90,,Lesbos,Lesvos,,Music,Greek music,Greek,None,Unknown,http://cast5.magicstreams.gr:8041/stream?,MP3,192,Working,2,,tags: greek music,radio-browser,Europe/Athens,False,
GR,Ράδιο Αγιάσος,,Lesbos,Lesvos,,Music,Traditional / Folk,Greek,None,Unknown,https://centova.streams.gr:8088/stream,MP3,192,Working,9,https://resources.live24.gr/resources/images/stations/3f0b05e3-d06d-450c-8aef-8219b0a014d4.jpg,tags: greek folk music,radio-browser,Europe/Athens,False,
GR,Σκάι Αιγαίου 99.8,,Lesbos,Lesvos,,Music,Greek music,Greek,None,Unknown,http://live.isol.biz:8500/;stream.nsv,MP3,96,Working,56,http://resources.live24.gr/resources/images/stations/8a01d301-ea5c-4b64-bc6c-a56027f0f8be.jpg,tags: greek music,radio-browser,Europe/Athens,False,
GR,Στο Νησί Λέσβος,,Lesbos,Lesvos,,News & Talk,News & Talk,Greek,None,Unknown,http://eco.onestreaming.com:8165/;,MP3,128,Working,17,https://www.stonisi.gr/_img/_ico/apple-touch-icon.png,"tags: folk,news,pop,talk",radio-browser,Europe/Athens,False,
GR,Limnos 100,,Limnos,Limnos,,News & Talk,News & Talk,Greek,None,Unknown,http://radio.limnosfm100.gr:9998/;,MP3,128,Working,23,,"tags: greek,news,pop,talk",radio-browser,Europe/Athens,False,
GR,Christian Truth 884,,Livadeia,Internet-only,,Religious,Religious,Greek,None,Yes,,,,No stream found,0,,Religious,wiki-only,Europe/Athens,False,
GR,Sirios 95.8,,Livadia,Livadia,,News & Talk,News & Talk + Music,Greek,None,Unknown,https://sp1.19cloudsnetwork.gr/8006/stream,MP3,256,Working,4,https://resources.live24.gr/resources/images/stations/6ffa94b5-417a-4a9e-a4d3-efdd75db93c8.png,"tags: greek music,news talk",radio-browser,Europe/Athens,False,
GR,Ελληνικός 90.3,,Livadia,Livadia,,Music,Greek music,Greek,None,Unknown,http://live.ellinikos.gr:8010/903.mp3,MP3,192,Working,81,http://resources.live24.gr/resources/images/stations/540609ce-26cb-4145-958b-baaa2457869e.png,"tags: greek,mainstream,pop",radio-browser,Europe/Athens,False,
GR,Λύχνος,,Livadia,Livadia,,Other,Other,Greek,None,Unknown,https://stream.kncdn.net:8514/;,MP3,128,Working,2,,"tags: pentecostal,religion",radio-browser,Europe/Athens,False,
GR,Επικοινωνία 89.1,,Loutraki,Loutraki,,Music,Greek pop,Greek,None,Unknown,https://tls-chrome.live24.gr/813?http://s2.onweb.gr:8608/;listen.pls,MP3,128,Working,1,https://resources.live24.gr/resources/images/stations/41aebc0e-8c45-4d4d-993b-f242dffcb8f0.jpg,"tags: greek pop,mainstream",radio-browser,Europe/Athens,False,
GR,Astra FM Stereo,,Magnesia,Thessaly,97.3,News & Talk,News & Talk + Music,Greek,None,No,http://eco.onestreaming.com:8554/;,MP3,128,Working,25,http://astraradio.gr/apple-touch-icon.png,"News, talk and Greek music; rebroadcasting with _Sfera 102,2_",wiki+radio-browser,Europe/Athens,False,
GR,Avanti Radio,,Magnesia,Thessaly,98.3,Music,Rock / Alternative,Greek,None,No,https://cast4.my-control-panel.com/proxy/anastas2/stream,MP3,160,Working,127,https://www.radio984.gr/favicon.ico,Greek and foreign pop and rock music; located from Skiathos,wiki+radio-browser,Europe/Athens,False,
GR,Blue Heart FM 105.1,,Magnesia,Thessaly,105.1,Sports,Sports,Greek,None,No,https://i2.streams.ovh:2200/ssl/artfm?mp=/stream,MP3,192,Working,18,http://resources.live24.gr/resources/images/stations/393fb9a6-5d2a-4a45-ad5c-8a43f290aec8.jpg,"Sports and talk; rebroadcasting with _Metropolis 9,55fm_",wiki+radio-browser,Europe/Athens,False,
GR,Chroma Magnesia,,Magnesia,Thessaly,88.2,Music,Greek music,Greek,None,No,,,,No stream found,0,,Greek and foreign music; rebroadcasting with _Chroma 105.8_,wiki-only,Europe/Athens,False,
GR,FORMedia,,Magnesia,Thessaly,99.8,Sports,Sports,Greek,None,No,https://streaming-01.cloudbox.gr/listen/formedia/stream.mp3,MP3,128,Working,24,https://www.formediaradio.gr/icon.png,"News, sports and talk; rebroadcasting with _Real Athens_",wiki+radio-browser,Europe/Athens,False,
GR,Lampsi FM 88.6,,Magnesia,Thessaly,88.6,Music,Greek pop,Greek,None,No,https://az11.yesstreaming.net:8140/radio.mp3,MP3,0,Working,8,https://www.atticaradios.gr/content/favicons/apple-touch-icon.png,"Greek pop music; rebroadcasting with _Lampsi 92,3 from Athens_",wiki+radio-browser,Europe/Athens,False,
GR,Magnesia Kiss,,Magnesia,Thessaly,98.0,Music,Rock / Alternative,Greek,None,No,http://netradio.live24.gr/kissfmathens,MP3,192,Working,10047,https://www.kiss929.gr/sites/default/files/kiss.ico,"Foreign pop and rock music; rebroadcasting with _Kiss FM 92,9_",wiki+radio-browser,Europe/Athens,False,
GR,Marconi Radio 9.61,,Magnesia,Thessaly,96.1,News & Talk,News & Talk,Greek,None,No,https://cast4.my-control-panel.com/proxy/anastas2/stream,MP3,160,Working,127,https://www.radio984.gr/favicon.ico,News and talk; rebroadcasting with _Alpha Radio 989 Athens_,wiki+radio-browser,Europe/Athens,False,
GR,Monastic Diakonia,,Magnesia,Thessaly,87.5,Religious,Religious,Greek,None,No,,,,No stream found,0,,Orthodox religious station from Agios Georgios Nileias,wiki-only,Europe/Athens,False,
GR,"New Radio 103,3",,Magnesia,Thessaly,103.3,News & Talk,News & Talk,Greek,None,No,https://cast4.my-control-panel.com/proxy/anastas2/stream,MP3,160,Working,127,https://www.radio984.gr/favicon.ico,"News and talk (ex. Perfect Radio, Super FM 103.3)",wiki+radio-browser,Europe/Athens,False,
GR,Nova 106 fm Volos,,Magnesia,Thessaly,106.0,Sports,Sports,Greek,None,No,http://stream-mp3aac.live24.gr/nova931,MP3,256,Working,20,https://novaradio.gr/favicon.ico,"Foreign music (ex. NovaSport Magnesia, Argo FM)",wiki+radio-browser,Europe/Athens,False,
GR,Power FM,,Magnesia,Thessaly,100.2,Music,Rock / Alternative,Greek,None,No,http://s1.onweb.gr:8854/stream?type=http&nocache=113055,MP3,128,Working,98,https://en-gb.facebook.com/favicon.ico,Foreign pop and rock music; located from Volos,wiki+radio-browser,Europe/Athens,False,
GR,Radio Deilina,,Magnesia,Thessaly,103.0,Music,Greek laïkó,Greek,None,No,https://cast4.my-control-panel.com/proxy/anastas2/stream,MP3,160,Working,127,https://www.radio984.gr/favicon.ico,"Greek laïko music (ex. Alfa Laikos, Alfa Skai, Alfa Radio)",wiki+radio-browser,Europe/Athens,False,
GR,Radio Pilio 93.1,,Magnesia,Thessaly,93.1,Music,Greek laïkó,Greek,None,No,https://cast4.my-control-panel.com/proxy/anastas2/stream,MP3,160,Working,127,https://www.radio984.gr/favicon.ico,"Greek laïko, skiladiko and rebetiko music; located from Volos",wiki+radio-browser,Europe/Athens,False,
GR,Radio Vera Volos,,Magnesia,Thessaly,91.8,News & Talk,News & Talk + Music,Greek,None,No,https://cast4.my-control-panel.com/proxy/anastas2/stream,MP3,160,Working,127,https://www.radio984.gr/favicon.ico,"News, talk with Greek pop and rock music; located from Volos",wiki+radio-browser,Europe/Athens,False,
GR,Sfaira Magnesia,,Magnesia,Thessaly,90.7,Music,Greek music,Greek,None,No,,,,No stream found,0,,"Greek music; rebroadcasting with _Sfaira FM 101,6 from Larissa_",wiki-only,Europe/Athens,False,
GR,Skopelos,,Magnesia,Thessaly,102.4,Music,Greek music,Greek,None,No,,,,No stream found,0,,Amateur radio with Greek music; located from Skopelos,wiki-only,Europe/Athens,False,
GR,Star FM 95.3 Stereo,,Magnesia,Thessaly,95.3,Music,Rock / Alternative,Greek,None,No,http://onairmediagroup.live24.gr/star888xanthi,MP3,160,Working,405,,"Foreign electronic, disco, pop/rock music; located from Volos",wiki+radio-browser,Europe/Athens,False,
GR,Volos 98.6,,Magnesia,Thessaly,98.6,Sports,Sports,Greek,None,No,http://www.gointernet.gr:8014/;stream.mp3,MP3,128,Working,10,,"News, sports and talk; rebroadcasting with _Athens 98.4 FM_",wiki+radio-browser,Europe/Athens,False,
GR,"Volos DeeJay 104,5",,Magnesia,Thessaly,104.5,Music,Rock / Alternative,Greek,None,No,http://s4.onweb.gr:8470/;,MP3,192,Working,174,,Foreign music; rebroadcasting with _95.2 Athens DeeJay_,wiki+radio-browser,Europe/Athens,False,
GR,Zimia Radio 94.5,,Magnesia,Thessaly,94.5,Music,Greek music,Greek,None,No,https://cast4.my-control-panel.com/proxy/anastas2/stream,MP3,160,Working,127,https://www.radio984.gr/favicon.ico,Greek laïko music; rebroadcasting with _Zimia FM Larissa_,wiki+radio-browser,Europe/Athens,False,
GR,Mandra Internet,,Mandra,Internet-only,,Other,Other,Greek,None,Yes,,,,No stream found,0,,Entertainment,wiki-only,Europe/Athens,False,
GR,"Radio In 106,5fm",,Mandra,Internet-only,,Other,Other,Greek,None,Yes,https://cast4.my-control-panel.com/proxy/anastas2/stream,MP3,160,Working,127,https://www.radio984.gr/favicon.ico,Entertainment,wiki+radio-browser,Europe/Athens,False,
GR,Orthodoxo Fos,,Megalopolis,Internet-only,,Religious,Religious,Greek,None,Yes,https://sh.onweb.gr/8546/stream,MP3,96,Working,1,https://onradio.gr/wp-content/uploads/2020/04/ORT-FM-1.png,Religious,wiki+radio-browser,Europe/Athens,False,
GR,Lakis 515 ,,Megara,Megara,,Music,Greek music,Greek,None,Unknown,https://sonic.streams.ovh/9970/stream?,MP3,192,Working,28,https://encrypted-tbn0.gstatic.com/images?q=tbn:ANd9GcTRupw7cPq9GLdfq68cd16av2Zcmwn_ZcCvCuOni0FMyA&s,tags: greek music,radio-browser,Europe/Athens,False,
GR,Ορφέας,,Mesologgi,Mesologgi,,Music,Traditional / Folk,Greek,None,Unknown,https://radio.streamings.gr/proxy/orfeasradio?mp=/stream,MP3,256,Working,17,http://resources.live24.gr/resources/images/stations/8ddf28a8-45c5-4071-b3c9-d4d3a52d1746.jpg,tags: greek folk,radio-browser,Europe/Athens,False,
GR,Apollon 98.1,,Messinia,the Peloponnese,98.1,Music,Greek music,Greek,None,No,http://s2.e-resellers.gr:8022/stream?type=http&nocache=56185,MP3,128,Working,19,,Greek and foreign music; located from Kalamata,wiki+radio-browser,Europe/Athens,False,
GR,Aroma Messinias,,Messinia,the Peloponnese,95.7,Music,Greek music,Greek,None,No,https://streams.enjoyfm.gr:48502/aroma.mp3,MP3,128,Working,8,https://resources.live24.gr/resources/images/stations/50872e8e-613b-4b92-95ca-60f862dfbc27.png,"Greek music; rebroadcasting with _Aroma 98,5 from Tripolis_",wiki+radio-browser,Europe/Athens,False,
GR,Best FM 97.3,,Messinia,the Peloponnese,97.3,Music,Pop,Greek,None,No,,,,No stream found,0,,Foreign pop music; rebroadcasting with _Best FM 92.6_,wiki-only,Europe/Athens,False,
GR,Christian Home,,Messinia,the Peloponnese,102.0,Religious,Religious,Greek,None,No,http://185.14.203.115:8004/stream?type=http&nocache=109,MP3,128,Working,174,http://resources.live24.gr/resources/images/stations/506cebee-9bb7-4f39-9d98-40d9c3cd2612.png,Religious station; rebroadcasting with _Ecclesia 895 Athens_,wiki+radio-browser,Europe/Athens,False,
GR,City FM Stereo,,Messinia,the Peloponnese,103.8,Music,Mixed music,Greek,None,No,https://radio.lancom.gr:9012/stream5?1700927157379,MP3,128,Working,57,https://www.city1061.gr/images/full-window/CITY1061_LOGO_ORANGE_TRANSPARENT_NEGATIVE.png,Foreign music; rebroadcasting with _102.5 from Athens_,wiki+radio-browser,Europe/Athens,False,
GR,Diavlos FM,,Messinia,the Peloponnese,99.2,Music,Greek laïkó,Greek,None,No,https://server.el1.info:37060/stream,MP3,128,Down,44,,Greek laïko and rebetiko; located from Kalamata,wiki+radio-browser,Europe/Athens,False,
GR,Emphasis FM 91.8,,Messinia,the Peloponnese,91.8,Music,Greek music,Greek,None,No,,,,No stream found,0,,"Greek music; rebroadcasting with _Chroma 102,1 of Patra_",wiki-only,Europe/Athens,False,
GR,"Firma FM 104,8",,Messinia,the Peloponnese,87.6,Other,Other,Greek,None,No,,,,No stream found,0,,"Rebroadcasting with _Blackman 107,5 Athens_",wiki-only,Europe/Athens,False,
GR,Kanali 1 Kalamatas,,Messinia,the Peloponnese,94.8,News & Talk,News & Talk,Greek,None,No,,,,No stream found,0,,News and talk; rebroadcasting with _Next Generation Athens_,wiki-only,Europe/Athens,False,
GR,Kanali 20 FM,,Messinia,the Peloponnese,107.5,Music,Greek music,Greek,None,No,,,,No stream found,0,,Greek music; rebroadcasting with _Sfera Athens_,wiki-only,Europe/Athens,False,
GR,Kiss Messinia,,Messinia,the Peloponnese,89.0,Music,Pop,Greek,None,No,http://netradio.live24.gr/kissfmathens,MP3,192,Working,10047,https://www.kiss929.gr/sites/default/files/kiss.ico,Foreign music; rebroadcasting with _Kiss 92.9 from Athens_,wiki+radio-browser,Europe/Athens,False,
GR,"Kyparissia FM 9,36",,Messinia,the Peloponnese,93.6,News & Talk,News & Talk + Music,Greek,None,No,https://live.radio936.gr/,MP3,192,Working,11,http://resources.live24.gr/resources/images/stations/26851d3a-afc8-4ca1-9040-09f6b546a31d.png,News and talk with Greek music; located from Kyparissia,wiki+radio-browser,Europe/Athens,False,
GR,Life Radio 88,,Messinia,the Peloponnese,88.0,Music,Rock / Alternative,Greek,None,No,https://cast4.my-control-panel.com/proxy/anastas2/stream,MP3,160,Working,127,https://www.radio984.gr/favicon.ico,Foreign pop and rock music; located from Kalamata,wiki+radio-browser,Europe/Athens,False,
GR,Music FM,,Messinia,the Peloponnese,103.3,Music,Greek music,Greek,None,No,https://netradio.live24.gr/music892,MP3,128,Working,409,https://www.music892.gr/assets/icons/MUSIC_LOGO.png,Pirate radio with Greek and foreign music from Kalamata,wiki+radio-browser,Europe/Athens,False,
GR,"Palmos Radio 90,5",,Messinia,the Peloponnese,90.5,News & Talk,News & Talk + Music,Greek,None,No,http://live.onweb.gr:8010/;,MP3,128,Working,12,,"News, talk with Greek laïko; located from Kalamata",wiki+radio-browser,Europe/Athens,False,
GR,Pylos Live,,Messinia,the Peloponnese,88.8,Music,Rock / Alternative,Greek,None,No,http://s4.myradiostream.com:14374/;,MP3,192,Working,7,https://pyloslive.gr/wp/wp-content/uploads/2021/01/cropped-1.11-300x221-1-180x180.png,Electronic and alternative rock music; located from Pylos,wiki+radio-browser,Europe/Athens,False,
GR,Skai Messinias,,Messinia,the Peloponnese,96.4,News & Talk,News & Talk,Greek,None,No,https://solid67.streamupsolutions.com/proxy/lqomhdjk?mp=//stream,MP3,192,Working,19,,News and talk; rebroadcasting with _Skai 100.3 of Athens_,wiki+radio-browser,Europe/Athens,False,
GR,Time 90.9 Kalamata,,Messinia,the Peloponnese,90.9,Music,Rock / Alternative,Greek,None,No,https://solid67.streamupsolutions.com/proxy/rmjbkagy/stream,MP3,112,Working,12,http://resources.live24.gr/resources/images/stations/65b50aef-3b21-4fb2-8fab-74bc77df680a.png,Greek music; rebroadcasting with _Love Radio of Athens_,wiki+radio-browser,Europe/Athens,False,
GR,ANT1 Νότιας Ελλάδας,,Molaoi,Molaoi,,News & Talk,News & Talk,Greek,None,Unknown,http://eco.onestreaming.com:8510/;,MP3,192,Working,59,https://ant1south.gr/favicon.ico,"tags: greek,news,pop,talk",radio-browser,Europe/Athens,False,
GR,Γαλαξίας 93,,Mykonos,Mykonos,,Music,Traditional / Folk,Greek,None,Unknown,http://netradio.live24.gr/galaxias93-mykonos,MP3,128,Working,21,,"tags: folk,greek,pop",radio-browser,Europe/Athens,False,
GR,Mytilene 108,,Mytilene,Internet-only,,Other,Other,Greek,None,Yes,,,,No stream found,0,,Entertainment,wiki-only,Europe/Athens,False,
GR,Xenyxtis,,Mytilene,Internet-only,,Other,Other,Greek,None,Yes,,,,No stream found,0,,Entertainment,wiki-only,Europe/Athens,False,
GR,ERT Aegean,ΕΡΤ Αιγαίου,Mytilini (Lesbos),the Aegean islands,96.5,Public,News & Talk,Greek,State,No,https://radiostreaming.ert.gr/ert-aigaiou,,,Working,0,,News and talk; Local station of Greek state radio,curated,Europe/Athens,False,
GR,Lepanto Ναύπακτος,,Nafpaktos,Nafpaktos ,,News & Talk,News & Talk,Greek,None,Unknown,https://s30.myradiostream.com/:31754/listen.mp3,AAC+,192,Working,16,http://resources.live24.gr/resources/images/stations/fb499e9f-26da-449e-8d80-ec27a0b6a7f3.jpg,"tags: greek,news,pop,talk",radio-browser,Europe/Athens,False,
GR,Μοναδική Πολιτεία 96,,Nafpaktos,Nafpaktos ,,Religious,Religious,Greek,None,Unknown,https://netradio.live24.gr/monadikipolitia96,MP3,96,Working,1,https://resources.live24.gr/resources/images/stations/2e3027b2-3665-4672-99a8-8b03db094090.jpg,"tags: christian,orthodox",radio-browser,Europe/Athens,False,
GR,Μοναδική Πολιτεία 96 - Αδελφότης Μεταμορφώσεως του Σωτήρος Ναυπάκτου,,Nafpaktos,Nafpaktos (Greece),,Religious,Religious,Greek,None,Unknown,http://mp96fm.live24.gr/monadikipolitia96,MP3,96,Working,124,,"tags: byzantine,ecclesia,greek,orthodox christian,orthodoxy,εκκλησία,ιερά μονή,ορθοδοξία",radio-browser,Europe/Athens,False,
GR,"Anthologia 88,8 fm",,Nafplio,Internet-only,,Other,Other,Greek,None,Yes,,,,No stream found,0,,Entertainment,wiki-only,Europe/Athens,False,
GR,Must 97,,Nafplio,Nafpli,,Music,Greek pop,Greek,None,Unknown,https://solid2.streamupsolutions.com/proxy/vbgivnwz?mp=/stream,MP3,320,Working,5,https://resources.live24.gr/resources/images/stations/a8377e45-6e74-4e39-901e-75644b2c1c5b.png,"tags: greek pop,mainstream",radio-browser,Europe/Athens,False,
GR,Rock Station GR,,Nafplio,Nafplio,,Music,Rock / Alternative,Greek,None,Unknown,https://shoutcast.k-planet.eu:9898/stream,MP3,128,Working,5,https://resources.live24.gr/resources/images/stations/599159b0-6f39-46b0-b6de-49bdbb0056c0.gif,tags: rock,radio-browser,Europe/Athens,False,
GR,Αργολίδα FM 103.8,,Nafplio,Nafplio,,Music,Pop / Hits,Greek,None,Unknown,https://24streams.gr:8100/stream,MP3,320,Working,0,https://resources.live24.gr/resources/images/stations/6d68107c-47f0-4993-938b-aacea826aace.png,"tags: mainstream,pop",radio-browser,Europe/Athens,False,
GR,Ι.Μ. Παροναξίας 92.3,,Naxos,Naxos,,Religious,Religious,Greek,None,Unknown,http://live.onweb.gr:8212/;,AAC,32,Working,68,http://resources.live24.gr/resources/images/stations/5c67e84c-290e-416a-8061-870c00859229.png,"tags: christian,orthodox",radio-browser,Europe/Athens,False,
GR,Νέα Στύρα 95.4,,Nea Styra,Nea Styra,,Other,Other,Greek,None,Unknown,https://cast.radios24.eu:2200/radio/styrafm?mp=/stream,MP3,128,Working,17,http://resources.live24.gr/resources/images/stations/edefc13a-b4b8-447c-95a7-a532b01d1ec1.jpg,tags: ,radio-browser,Europe/Athens,False,
GR,ERT Orestiada,ΕΡΤ Ορεστιάδας,Orestiada,Thrace,101.0,Public,News & Talk,Greek,State,No,https://radiostreaming.ert.gr/ert-orestiada,,,Working,0,,"News, talk and culture; Local station of Greek state radio",curated,Europe/Athens,False,
GR,Euro Sky 100.4,,Orestiada,Orestiada,,Music,Traditional / Folk,Greek,None,Unknown,http://cast4.magicstreams.gr:10155/;stream.mp3,MP3,192,Working,26,http://resources.live24.gr/resources/images/stations/3b2f5187-4a84-4835-8222-9b0b94ce0780.png,"tags: folk,greek pop,mainstream",radio-browser,Europe/Athens,False,
GR,Methorios News,,Orestiada,Internet-only,,Other,Other,Greek,None,Yes,,,,No stream found,0,,Entertainment,wiki-only,Europe/Athens,False,
GR,Sky 100.7,,Orestiada,Orestiada,,Music,Greek pop,Greek,None,Unknown,http://sc2.streamwithq.com:8060/;,MP3,192,Working,3,http://resources.live24.gr/resources/images/stations/5f3d57a1-4216-4fa3-8dca-3e41115cc7a7.png,"tags: greek pop,mainstream",radio-browser,Europe/Athens,False,
GR,Thalassolikos FM,,Orestiada,Internet-only,,Other,Other,Greek,None,Yes,,,,No stream found,0,,Entertainment,wiki-only,Europe/Athens,False,
GR,Έβρος Ορεστιάδα,,Orestiada,Orestiada,,News & Talk,News & Talk,Greek,None,Unknown,http://live.radioevros.gr:8000/live,MP3,128,Working,17,,"tags: folk,greek,news,pop,talk",radio-browser,Europe/Athens,False,
GR,Δημοτικό Ραδιόφωνο Ορεστιάδας 101.5,,Orestiada,Orestiada,,Other,Other,Greek,None,Unknown,https://rdst.win:48312/;,MP3,128,Working,1,https://resources.live24.gr/resources/images/stations/3ff18eaa-807d-4582-b8a5-9cd706d755d1.jpg,tags: municipal,radio-browser,Europe/Athens,False,
GR,Μεθόριος,,Orestiada,Orestiada,,Music,Greek music,Greek,None,Unknown,https://sc2.streamwithq.com:2000/stream/radiomethorios/stream,MP3,128,Working,3,https://resources.live24.gr/resources/images/stations/a5c47799-b115-4944-a14a-90a4d359caf6.png,tags: greek music,radio-browser,Europe/Athens,False,
GR,Ηχώ Πάρος,,Paros,Paros,,News & Talk,News & Talk,Greek,None,Unknown,http://eco.onestreaming.com:8280/stream?type=http&nocache=44956,MP3,48,Working,8,,"tags: news,pop,talk",radio-browser,Europe/Athens,False,
GR,Πάρος 98.5,,Paros,Paros,,Music,Traditional / Folk,Greek,None,Unknown,http://s1.onweb.gr:8098/;,MP3,128,Working,19,,"tags: folk,greek,pop",radio-browser,Europe/Athens,False,
GR,"03.Στο κόκκινο Πάτρας 107,7",,Patras,Patra,,Other,Other,Greek,None,Unknown,https://n01.radiojar.com/red-source?rj-ttl=5&rj-tok=AAABnLUVSBIA9XQwmBGZQZzHJw,MP3,,Working,1,https://encrypted-tbn0.gstatic.com/images?q=tbn:ANd9GcSxfvZhF7CF0bfvL3fBv4zHbF810SnNdii4pw&s,tags: ,radio-browser,Europe/Athens,False,
GR,"3.Στο κόκκινο Πάτρας 107,7",,Patras,Patra,,Other,Other,Greek,None,Unknown,https://n01.radiojar.com/red-source?rj-ttl=5&rj-tok=AAABnLUVSBIA9XQwmBGZQZzHJw,MP3,,Working,1,https://encrypted-tbn0.gstatic.com/images?q=tbn:ANd9GcSxfvZhF7CF0bfvL3fBv4zHbF810SnNdii4pw&s,tags: ,radio-browser,Europe/Athens,False,
GR,Achaia Play Radio,,Patras,Internet-only,,Other,Other,Greek,None,Yes,https://cast4.my-control-panel.com/proxy/anastas2/stream,MP3,160,Working,127,https://www.radio984.gr/favicon.ico,Entertainment,wiki+radio-browser,Europe/Athens,False,
GR,ANT1 Πάτρας,,Patras,Patra,,News & Talk,News & Talk + Music,Greek,None,Unknown,http://ant1patra.live24.gr/ant1patra1053,MP3,128,Working,24,https://antennapatras.gr/wp-content/uploads/2021/12/cropped-antennalogoblue-180x180.png,"tags: music,news,talk",radio-browser,Europe/Athens,False,
GR,ERT Patras,ΕΡΤ Πάτρας,Patras,the Peloponnese,92.5,Public,"News, Talk & Music",Greek,State,No,https://radiostreaming.ert.gr/ert-patra,,,Working,0,,"News, talk and music; Local station of Greek state radio",curated,Europe/Athens,False,
GR,Skai Patras,,Patras,Patra,,News & Talk,News & Talk + Music,Greek,None,Unknown,http://i.streams.ovh:9519/stream?type=http&nocache=5,MP3,128,Working,234,http://resources.live24.gr/resources/images/stations/350d6994-0c63-4031-961e-399e17044bf8.png,"tags: music,news,talk",radio-browser,Europe/Athens,False,
GR,"Super FM 104,1",Super FM,Patras,the Peloponnese,104.1,Music,Greek pop,Greek,None,No,https://stream1.rcast.net/73922,MP3,64,Working,0,https://resources.live24.gr/resources/images/stations/622fae82-31ff-47f5-baf1-b3f59e29dfb7.png,News and talk; rebroadcasting with _Easy 97.2 of Athens_,curated+radio-browser,Europe/Athens,False,
GR,Wave 97.4,,Patras,Patra,,Music,Rock / Alternative,Greek,None,Unknown,https://sp1.32bit.gr/8018/;,MP3,128,Working,4,https://resources.live24.gr/resources/images/stations/8388afff-63dd-480c-b72b-d78efa4d60e1.png,tags: rock,radio-browser,Europe/Athens,False,
GR,Yes! 91.2,,Patras,Patra,,Music,Pop / Hits,Greek,None,Unknown,https://ams-pioneer02.dedicateware.com:1060/;?type=http&nocache=10656,MP3,192,Working,32,http://resources.live24.gr/resources/images/stations/88abcc46-05f7-4692-9cc0-50e14b761fee.png,"tags: mainstream,pop",radio-browser,Europe/Athens,False,
GR,Άνοιξη 100.7,,Patras,Patra,,Music,Greek music,Greek,None,Unknown,http://solid1.streamupsolutions.com:55023/stream,MP3,320,Working,9,,"tags: greek,pop",radio-browser,Europe/Athens,False,
GR,Γάμμα Πάτρας,,Patras,Patra,,News & Talk,News & Talk + Music,Greek,None,Unknown,http://radiogamma.live24.gr/radiogamma,MP3,64,Working,25,,"tags: music,news,talk",radio-browser,Europe/Athens,False,
GR,Θέμα 98.7,,Patras,Patra,,News & Talk,News & Talk + Music,Greek,None,Unknown,https://radio.themapatras.gr/radio,AAC+,128,Working,10,https://themapatras.gr/images/refrershedpics/apple-touch-icon.png,"tags: music,news talk",radio-browser,Europe/Athens,False,
GR,Μελωδία Πάτρας 100.4,,Patras,Patra,,Music,Traditional / Folk,Greek,None,Unknown,http://i.streams.ovh:9523/stream?type=http&nocache=373,MP3,128,Working,84,,"tags: folk,greek,pop,sophisticated",radio-browser,Europe/Athens,False,
GR,Μεσσατίδα 98,,Patras,Patra,,Other,Other,Greek,None,Unknown,https://cast4.magicstreams.gr:2200/ssl/rnamozwi?mp=/stream&1668884587044,MP3,128,Working,5,,tags: ,radio-browser,Europe/Athens,False,
GR,Μουσική Λάμψη 103.3,,Patras,Patra,,Other,Other,Greek,None,Unknown,http://stream.myip.gr:9214/;listen.pls;listen.pls,MP3,96,Working,7,http://resources.live24.gr/resources/images/stations/79439164-f3d9-4c2b-8310-b82c67c3f5f2.png,tags: ,radio-browser,Europe/Athens,False,
GR,Νοσταλγία,,Patras,Patra,,Music,Traditional / Folk,Greek,None,Unknown,http://radionostalgiagr.dyndns.org:2314/stream?type=http&nocache=167,MP3,192,Working,29,,"tags: folk,greek",radio-browser,Europe/Athens,False,
GR,Πάτρα 106.5,,Patras,Patra,,Music,Traditional / Folk,Greek,None,Unknown,http://live.cast-control.eu:9102/stream?type=http&nocache=144,MP3,320,Working,33,http://resources.live24.gr/resources/images/stations/287a12f1-ab1e-4d5f-9aea-00f16e26b458.gif,"tags: folk,greek,pop",radio-browser,Europe/Athens,False,
GR,Ρυθμός Αχαΐας 94.9,,Patras,Patra,,Music,Greek music,Greek,None,Unknown,https://netradio.live24.gr/rythmospatras949,MP3,128,Working,25,http://resources.live24.gr/resources/images/stations/7b716e6c-1200-452d-9fc9-cfeec09793f8.jpg,"tags: greek,mainstream,pop",radio-browser,Europe/Athens,False,
GR,Σκύλος 90,,Patras,Patra,,Music,Traditional / Folk,Greek,None,Unknown,http://n01.radiojar.com/819r8wupdrruv?rj-ttl=5&rj-tok=AAABePEMVGgAGH9g3lsAx7imBA,MP3,,Working,1554,,"tags: folk,greek",radio-browser,Europe/Athens,False,
GR,"Στο κόκκινο Πάτρας 107,7",,Patras,patra,,Other,Other,Greek,None,Unknown,https://n01.radiojar.com/red-source?rj-ttl=5&rj-tok=AAABnLUVSBIA9XQwmBGZQZzHJw,MP3,,Working,3,https://encrypted-tbn0.gstatic.com/images?q=tbn:ANd9GcSxfvZhF7CF0bfvL3fBv4zHbF810SnNdii4pw&s,tags: ,radio-browser,Europe/Athens,False,
GR,Χρώμα 102.1,,Patras,Patra,,Music,Traditional / Folk,Greek,None,Unknown,http://streams.enjoyfm.gr:48500/xroma.mp3,MP3,128,Working,1697,,"tags: folk,greek,pop",radio-browser,Europe/Athens,False,
GR,Aridaia FM,,Pella,Macedonia,106.7,Music,Greek pop,Greek,None,No,,,,No stream found,0,,Greek pop music; located from Aridaia,wiki-only,Europe/Athens,False,
GR,Life Radio,,Pella,Macedonia,106.3,Music,Greek music,Greek,None,No,https://cast4.my-control-panel.com/proxy/anastas2/stream,MP3,160,Working,127,https://www.radio984.gr/favicon.ico,Greek music (ex. SuperSonic-North Sound),wiki+radio-browser,Europe/Athens,False,
GR,Pella FM,,Pella,Macedonia,103.3,Music,Greek pop,Greek,None,No,https://i7.streams.ovh/sc/pellafm/stream,MP3,256,Working,9,http://resources.live24.gr/resources/images/stations/ea76fd3c-4f39-4dd5-a91b-fc150c0ef425.png,Rebroadcasting with _Skai 100.3_ and _NG Radio_,wiki+radio-browser,Europe/Athens,False,
GR,Radio Alitis,,Pella,Macedonia,97.1,Music,Greek music,Greek,None,No,https://cast4.my-control-panel.com/proxy/anastas2/stream,MP3,160,Working,127,https://www.radio984.gr/favicon.ico,"Greek laïko music (ex. Radio Almopia 94,8)",wiki+radio-browser,Europe/Athens,False,
GR,"Toxotis 96,3",,Pella,Macedonia,96.3,News & Talk,News & Talk,Greek,None,No,,,,No stream found,0,,News and talk; located from Giannitsa,wiki-only,Europe/Athens,False,
GR,Τοξότης Πέλλα,,Pella,Pella,,News & Talk,News & Talk,Greek,None,Unknown,http://eco.onestreaming.com:8240/;listen.pls,MP3,128,Working,8,,"tags: greek,news,pop,talk",radio-browser,Europe/Athens,False,
GR,Life FM 88 Kalamata,,Peloponnes,Peloponnes,,Other,Other,Greek,None,Unknown,https://streams.enjoyfm.gr:48502/life.mp3,MP3,128,Working,60,,tags: ,radio-browser,Europe/Athens,False,
GR,Capital FM,,Pieria,Macedonia,97.7,Sports,Sports,Greek,None,No,https://rdst.win:59354/stream,MP3,192,Working,15,http://resources.live24.gr/resources/images/stations/2a8d7315-4394-4bea-b5ff-47f0c494f983.png,"Greek music; rebroadcasting with _Sport FM 94,6_",wiki+radio-browser,Europe/Athens,False,
GR,City FM 102.8,,Pieria,Macedonia,102.8,Music,Rock / Alternative,Greek,None,No,,,,No stream found,0,,Foreign pop & rock music; located from Ganochora,wiki-only,Europe/Athens,False,
GR,Dionysus FM,,Pieria,Macedonia,89.2,Music,Rock / Alternative,Greek,None,No,,,,No stream found,0,,Greek pop and rock music; located from Vrontou,wiki-only,Europe/Athens,False,
GR,Forever FM,,Pieria,Macedonia,96.3,Music,Rock / Alternative,Greek,None,No,,,,No stream found,0,,Foreign pop and rock music (ex. Radio Katerini),wiki-only,Europe/Athens,False,
GR,Olympus FM,,Pieria,Macedonia,101.5,News & Talk,News & Talk + Music,Greek,None,No,,,,No stream found,0,,News & talk with Greek music; located from Katerini,wiki-only,Europe/Athens,False,
GR,Panorama,,Pieria,Macedonia,100.8,Music,Rock / Alternative,Greek,None,No,https://netradio.live24.gr/orama1017,MP3,96,Working,1,https://resources.live24.gr/resources/images/stations/7f6faefa-6756-4b35-859b-d068242dff3f.png,Greek pop and rock music; located from Kato Milia,wiki+radio-browser,Europe/Athens,False,
GR,"Power FM 90,2",,Pieria,Macedonia,90.2,Music,Electronic / Dance,Greek,None,No,http://s1.onweb.gr:8854/stream?type=http&nocache=113055,MP3,128,Working,98,https://en-gb.facebook.com/favicon.ico,Greek and foreign pop music; located from Katerini,wiki+radio-browser,Europe/Athens,False,
GR,Radio Alexandros,,Pieria,Macedonia,106.3,Music,Rock / Alternative,Greek,None,No,https://cast4.my-control-panel.com/proxy/anastas2/stream,MP3,160,Working,127,https://www.radio984.gr/favicon.ico,Greek pop and rock music; located from Katerini,wiki+radio-browser,Europe/Athens,False,
GR,Radio Enimerosi,,Pieria,Macedonia,92.2,News & Talk,News & Talk,Greek,None,No,https://cast4.my-control-panel.com/proxy/anastas2/stream,MP3,160,Working,127,https://www.radio984.gr/favicon.ico,News and culture; rebroadcasting with _Alpha Radio_,wiki+radio-browser,Europe/Athens,False,
GR,Radio Katerini,,Pieria,Macedonia,95.3,News & Talk,News & Talk,Greek,None,No,https://cast4.my-control-panel.com/proxy/anastas2/stream,MP3,160,Working,127,https://www.radio984.gr/favicon.ico,News and talk; Katerini's municipal radio station,wiki+radio-browser,Europe/Athens,False,
GR,Radio Manos,,Pieria,Macedonia,103.4,Music,Rock / Alternative,Greek,None,No,https://cast4.my-control-panel.com/proxy/anastas2/stream,MP3,160,Working,127,https://www.radio984.gr/favicon.ico,Greek pop & rock music; located from Nea Efesos,wiki+radio-browser,Europe/Athens,False,
GR,Radio Pieria,,Pieria,Macedonia,104.2,Music,Traditional / Folk,Greek,None,No,https://cast4.my-control-panel.com/proxy/anastas2/stream,MP3,160,Working,127,https://www.radio984.gr/favicon.ico,Greek traditional and laïko; located from Lofos,wiki+radio-browser,Europe/Athens,False,
GR,Rythmos Makedonia,,Pieria,Macedonia,106.7,Music,Greek music,Greek,None,No,http://stream.radiojar.com/aw1w2xfx1vduv,MP3,0,Working,2374,,"Greek music (ex. Metropolis, Athlitikos FM, Safari)",wiki+radio-browser,Europe/Athens,False,
GR,Skai 93fm Pieria,,Pieria,Macedonia,93.0,News & Talk,News & Talk,Greek,None,No,http://netradio.live24.gr/skai1003,MP3,192,Working,9680,,News and culture; rebroadcasting with _Skai 100.3_,wiki+radio-browser,Europe/Athens,False,
GR,"Viva FM 88,3",,Pieria,Macedonia,88.3,Music,Electronic / Dance,Greek,None,No,http://s17.myradiostream.com:8742/;listen.pls,MP3,192,Working,201,https://www.vivafm.com/fav.png,Greek and foreign pop music (ex. Radio 1),wiki+radio-browser,Europe/Athens,False,
GR,Πιερία 104.2,,Pieria,Pieria,,Music,Traditional / Folk,Greek,None,Unknown,https://rpieria.radioca.st/;,MP3,320,Working,70,http://resources.live24.gr/resources/images/stations/d822e18f-8cb0-405c-9591-ef78af20ce8e.png,"tags: greek folk music,greek traditional",radio-browser,Europe/Athens,False,
GR,F Dance Internet,,Piraeus,Internet-only,,Other,Other,Greek,None,Yes,,,,No stream found,0,,Entertainment,wiki-only,Europe/Athens,False,
GR,Fancy Trance,,Piraeus,Piraeus,,Other,Other,Greek,None,Unknown,https://stream-33.zeno.fm/ygh3m8m7n48uv?zs=9zm4lJvjTjiN-Ws_yi1L5g&acu-uid=727435602967&triton-uid=cookie%253A83ca5b14-582e-4c12-a5ab-255cdb39e,MP3,192,Working,124,https://zeno.fm/favicon.ico,tags: ,radio-browser,Europe/Athens,False,
GR,Kanali 1 Piraeus,Κανάλι 1 Πειραιά,Piraeus,Attica,90.4,Municipal,News & Talk,Greek,Municipal,No,,,,No stream found,0,,Municipal radio of Piraeus,curated,Europe/Athens,False,
GR,Peiraiki Ecclesia,Πειραϊκή Εκκλησία 91.2,Piraeus,Attica,91.2,Religious,Orthodox religious,Greek,None,No,,,,No stream found,0,,Radio of the Church of Piraeus,curated,Europe/Athens,False,
GR,Πειραιάς Κανάλι 1,,Piraeus,Piraeus,,News & Talk,News & Talk + Music,Greek,None,Unknown,https://netradio.live24.gr/kanali1peiraia,MP3,128,Working,40,https://www.kanaliena.gr/wp-content/uploads/2024/01/cropped-favicon-kanaliena-180x180.png,"tags: music,news",radio-browser,Europe/Athens,False,
GR,"Energy 94,2",,Preveza,Epirus,94.2,News & Talk,News & Talk,Greek,None,No,http://s1.onweb.gr:8412/stream,MP3,128,Working,70,,News and talk; rebroadcasting with _Real FM 97.8 Athens_,wiki+radio-browser,Europe/Athens,False,
GR,Energy Preveza,,Preveza,Epirus,93.4,Music,Mixed music,Greek,None,No,http://s1.onweb.gr:8412/stream,MP3,128,Working,70,,"Foreign music (ex. Radio DeeJay, Energy & Radio Nicopolis)",wiki+radio-browser,Europe/Athens,False,
GR,"Preveza 87,9",,Preveza,Epirus,87.9,Sports,Sports,Greek,None,No,,,,No stream found,0,,"News and talk; rebroadcasting with _Sport FM 94,6_",wiki-only,Europe/Athens,False,
GR,"Prisma FM 91,6",,Preveza,Epirus,91.6,News & Talk,News & Talk,Greek,None,No,http://eco.onestreaming.com:8414/;,MP3,128,Working,43,,News and talk; rebroadcasting with _Skai 100.3_,wiki+radio-browser,Europe/Athens,False,
GR,Prisma Πρέβεζα,,Preveza,Preveza,,News & Talk,News & Talk + Music,Greek,None,Unknown,http://i3.streams.ovh:12210/stream?type=http&nocache=337,MP3,128,Working,8,https://www.facebook.com/favicon.ico,"tags: music,news,talk",radio-browser,Europe/Athens,False,
GR,Radio Alfa,,Preveza,Epirus,98.1,Music,Greek music,Greek,None,No,https://cast4.my-control-panel.com/proxy/anastas2/stream,MP3,160,Working,127,https://www.radio984.gr/favicon.ico,Greek music; rebroadcasting with _Melodia of Athens_,wiki+radio-browser,Europe/Athens,False,
GR,Radio Preveza 93,,Preveza,Epirus,93.0,News & Talk,News & Talk,Greek,None,No,https://cast4.my-control-panel.com/proxy/anastas2/stream,MP3,160,Working,127,https://www.radio984.gr/favicon.ico,News and talk; rebroadcasting with _Real FM 97.8 Athens_,wiki+radio-browser,Europe/Athens,False,
GR,Άλφα 98.1,,Preveza,Preveza,,Music,Greek music,Greek,None,Unknown,https://i8.streams.ovh/sc/radioalf/stream,MP3,320,Working,19,,"tags: greek,mainstream,pop",radio-browser,Europe/Athens,False,
GR,Δημοτικό Ραδιόφωνο Πρέβεζας,,Preveza,Preveza,,News & Talk,News & Talk,Greek,None,Unknown,http://sc2.streamwithq.com:8028/stream;,MP3,128,Working,16,http://resources.live24.gr/resources/images/stations/5716d82b-4bdf-4eca-829e-db39ab2fd298.png,"tags: municipal,news,pop,rock,talk",radio-browser,Europe/Athens,False,
GR,Ράδιο Καψούρα Πτολεμαΐδα,,Ptolemaida,Ptolemaida,,Music,Traditional / Folk,Greek,None,Unknown,https://sp2.streams.ovh/8044/stream,MP3,320,Working,8,,"tags: greek folk,mainstream",radio-browser,Europe/Athens,False,
GR,12 Gods Cafe ,,Pylos,Pylos,,Other,Other,Greek,None,Unknown,https://s4.myradiostream.com/:14374/;?type=http&nocache=1695638039?0.8040765476688225,MP3,192,Working,109,,tags: ,radio-browser,Europe/Athens,False,
GR,Nicodemus Radio,,Pyrgetos,Internet-only,,Religious,Religious,Greek,None,Yes,https://cast4.my-control-panel.com/proxy/anastas2/stream,MP3,160,Working,127,https://www.radio984.gr/favicon.ico,Religious,wiki+radio-browser,Europe/Athens,False,
GR,ERT Pyrgos,ΕΡΤ Πύργου,Pyrgos,the Peloponnese,102.5,Public,News & Culture,Greek,State,No,https://radiostreaming.ert.gr/ert-pyrgos,,,Working,0,,News and culture; Local station of Greek state radio,curated,Europe/Athens,False,
GR,Vanilla Radio,,Pyrgos,Internet-only,,Other,Other,Greek,None,Yes,https://cast4.my-control-panel.com/proxy/anastas2/stream,MP3,160,Working,127,https://www.radio984.gr/favicon.ico,Entertainment,wiki+radio-browser,Europe/Athens,False,
GR,ΟΡΤ 92.3,,Pyrgos,Pyrgos,,Music,Greek pop,Greek,None,Unknown,https://sh.onweb.gr/8546/stream,MP3,96,Working,1,https://onradio.gr/wp-content/uploads/2020/04/ORT-FM-1.png,"tags: greek pop,mainstream",radio-browser,Europe/Athens,False,
GR,Arkadi 92.6 fm,,Rethymno,Crete,92.6,Music,Traditional / Folk,Greek,None,No,,,,No stream found,0,,"Traditional Music of Crete (ex. Best 92.5, Derti, Arkadi FM)",wiki-only,Europe/Athens,False,
GR,Astro Crete,,Rethymno,Crete,96.4,Music,Greek music,Greek,None,No,,,,No stream found,0,,Greek and foreign pop music; located from Atsipopoulo,wiki-only,Europe/Athens,False,
GR,Capital 90.7,,Rethymno,Crete,90.7,Music,Rock / Alternative,Greek,None,No,https://rdst.win:59354/stream,MP3,192,Working,15,http://resources.live24.gr/resources/images/stations/2a8d7315-4394-4bea-b5ff-47f0c494f983.png,Greek and foreign pop & rock music; located from Rethymno,wiki+radio-browser,Europe/Athens,False,
GR,Central 103.3,,Rethymno,Crete,103.3,Sports,Sports,Greek,None,No,https://i6.streams.ovh/sc/central/stream,MP3,128,Working,13,,"News & Greek music (ex. Rethymno Sport FM, Hot Radio 92.5)",wiki+radio-browser,Europe/Athens,False,
GR,Cool FM,,Rethymno,Crete,106.8,Music,Greek music,Greek,None,No,,,,No stream found,0,,Greek and foreign music; located from Rethymno,wiki-only,Europe/Athens,False,
GR,Fly 95.9,,Rethymno,Rethimno,,Music,Greek music,Greek,None,Unknown,http://sc2.streamwithq.com:8040/stream/;,MP3,128,Working,23,http://resources.live24.gr/resources/images/stations/cb5b1f04-12b1-41aa-9c22-75ddafa8be97.png,"tags: greek,mainstream,pop",radio-browser,Europe/Athens,False,
GR,"Fly FM 9,59",,Rethymno,Crete,95.9,Music,Greek music,Greek,None,No,http://eco.onestreaming.com:8602/;,MP3,128,Working,312,,Greek and foreign pop music; located from Atsipopoulo,wiki+radio-browser,Europe/Athens,False,
GR,Hxos FM Kritis,,Rethymno,Crete,94.2,Music,Greek pop,Greek,None,No,,,,No stream found,0,,"Greek pop music; rebroadcasting with _Love Radio 97,5_",wiki-only,Europe/Athens,False,
GR,Matzore FM,,Rethymno,Crete,89.1,Other,Other,Greek,None,No,,,,No stream found,0,,Student culture radio station from the University of Crete,wiki-only,Europe/Athens,False,
GR,Megalonisos,,Rethymno,Crete,89.8,Music,Traditional / Folk,Greek,None,No,http://s3.onweb.gr:8540/,MP3,320,Working,7,,Traditional Music of Crete (ex. Best Radio and Megalonisos),wiki+radio-browser,Europe/Athens,False,
GR,Notes FM,,Rethymno,Crete,102.4,Music,Traditional / Folk,Greek,None,No,https://neos.win:48720/stream,MP3,128,Working,29,http://resources.live24.gr/resources/images/stations/85c4f4b1-bc09-4956-a3ef-e79a0392991e.png,Greek music; rebroadcasting with _Notes Radio 96 Athens_,wiki+radio-browser,Europe/Athens,False,
GR,"Phoenix 9,75",,Rethymno,Crete,97.5,Music,Greek laïkó,Greek,None,No,,,,No stream found,0,,Greek laïko and rebetiko; located from Plakias,wiki-only,Europe/Athens,False,
GR,Radio Yparxo,,Rethymno,Crete,103.7,Music,Greek laïkó,Greek,None,No,https://cast4.my-control-panel.com/proxy/anastas2/stream,MP3,160,Working,127,https://www.radio984.gr/favicon.ico,Greek laïko and rebetiko music; located from Atsipopoulo,wiki+radio-browser,Europe/Athens,False,
GR,Radiowaves,,Rethymno,Crete,102.6,Music,Greek laïkó,Greek,None,No,https://cast4.my-control-panel.com/proxy/anastas2/stream,MP3,160,Working,127,https://www.radio984.gr/favicon.ico,Greek laïko and rebetiko; rebroadcasting with _NG Web Radio_,wiki+radio-browser,Europe/Athens,False,
GR,Sky 91.3,,Rethymno,Rethimno,,Music,Greek music,Greek,None,Unknown,http://cressida.shoutca.st:9158/stream?type=http&nocache=61,MP3,192,Working,27,http://resources.live24.gr/resources/images/stations/3056f59a-742c-46d2-8b67-c243ae76e4a5.jpg,"tags: greek,mainstream,pop",radio-browser,Europe/Athens,False,
GR,Sky Radio,,Rethymno,Crete,91.3,News & Talk,News & Talk + Music,Greek,None,No,https://media.skyradio.gr:9920/stream,MP3,192,Working,5,https://cdn.e-radio.gr/logos/gr/big/skyradio992.jpg,"News and talk; rebroadcasting with _Real FM 97,8 of Athens_",wiki+radio-browser,Europe/Athens,False,
GR,Studio 98MHz,,Rethymno,Crete,98.0,News & Talk,News & Talk,Greek,None,No,,,,No stream found,0,,News and talk; rebroadcasting with _Parapolitika 90.1_,wiki-only,Europe/Athens,False,
GR,Talos 88.6,,Rethymno,Crete,88.6,Music,Greek laïkó,Greek,None,No,https://tls-chrome.live24.gr/1206?http://eco.onestreaming.com:8840/stream,MP3,128,Working,2,https://resources.live24.gr/resources/images/stations/85b736f2-6e43-4fe6-86d7-f865b45f9add.jpg,Greek laïko and rebetiko; located from Mylopotamos,wiki+radio-browser,Europe/Athens,False,
GR,Team 102,,Rethymno,Rethimno,,News & Talk,News & Talk,Greek,None,Unknown,https://hotsoft.net.gr:9105/index.html?sid=1,MP3,128,Working,5,https://resources.live24.gr/resources/images/stations/8a2c880f-4d75-4f54-81f4-a1ec06fb4bb9.jpg,"tags: news talk,pop,rock",radio-browser,Europe/Athens,False,
GR,Team 102 FM,,Rethymno,Crete,102.0,News & Talk,News & Talk,Greek,None,No,,,,No stream found,0,,News and talk; rebroadcasting with _Skai 100.3 of Athens_,wiki-only,Europe/Athens,False,
GR,Άστρο 96.4,,Rethymno,Rethimno,,Music,Traditional / Folk,Greek,None,Unknown,http://eco.onestreaming.com:8099/stream?type=http&nocache=146740,MP3,64,Working,212,,"tags: folk,greek,pop",radio-browser,Europe/Athens,False,
GR,Μεγαλόνησος 89.8,,Rethymno,Rethimno,,Music,Traditional / Folk,Greek,None,Unknown,http://s3.onweb.gr:8540/stream,MP3,320,Working,56,,"tags: greek,traditional",radio-browser,Europe/Athens,False,
GR,Μουσικό Κανάλι Ρεθύμνου 101.3,,Rethymno,Rethimno,,Music,Traditional / Folk,Greek,None,Unknown,https://hotsoft.net.gr:9102/index.html?sid=1,MP3,192,Working,10,https://resources.live24.gr/resources/images/stations/3323d2dd-03e4-45ec-8eaa-db84a5b487ed.png,tags: greek folk,radio-browser,Europe/Athens,False,
GR,Παραπολιτικά Ρεθύμνου 102.4,,Rethymno,Rethimno,,News & Talk,News & Talk + Music,Greek,None,Unknown,https://sc2.streamwithq.com:8026/stream,MP3,128,Working,16,https://www.politikakritis.gr/wp-content/uploads/2020/11/cropped-politika-icon-180x180.png,"tags: music,news,news talk",radio-browser,Europe/Athens,False,
GR,Υπάρχω 103.7,,Rethymno,Rethimno,,Music,Traditional / Folk,Greek,None,Unknown,http://s4.onweb.gr:8080/;,MP3,256,Working,44,https://el-gr.facebook.com/favicon.ico,"tags: folk,greek",radio-browser,Europe/Athens,False,
GR,Ράδιο Λυχνάρι,,Rhode Island,Rhode Island,,Other,Other,Greek,None,Unknown,http://eco.onestreaming.com:8037/;,MP3,128,Working,1,https://pbs.twimg.com/profile_images/1833537652479401984/g4EB6u4T_400x400.jpg,tags: ,radio-browser,Europe/Athens,False,
GR,Akritas 94.8,,Rhodes,Rhodes,,Sports,Sports,Greek,None,Unknown,https://stream.ellada943.gr:10338/live.ogg,MP3,96,Working,4,https://resources.live24.gr/resources/images/stations/ab5486f3-524c-4fbd-a83d-325fe7138acf.png,tags: sports news,radio-browser,Europe/Athens,False,
GR,Christianity 90fm,,Rhodes,Internet-only,,Religious,Religious,Greek,None,Yes,http://eu1.fastcast4u.com:9326/stream,MP3,48,Working,162,,Religious,wiki+radio-browser,Europe/Athens,False,
GR,ERT Rhodes,ΕΡΤ Ρόδου,Rhodes,the Aegean islands,92.7,Public,News & Culture,Greek,State,No,https://radiostreaming.ert.gr/ert-rodos,,,Working,0,,News and culture; Local station of Greek state radio,curated,Europe/Athens,False,
GR,Feel Good 104.9,,Rhodes,Rhodes,,Music,Pop / Hits,Greek,None,Unknown,https://feelgood.radioca.st/stream,MP3,256,Working,51,,"tags: mainstream,pop music",radio-browser,Europe/Athens,False,
GR,Sky Rodos,,Rhodes,Rhodes,,News & Talk,News & Talk,Greek,None,Unknown,https://s6.myradiostream.com:45076/;listen.mp3;audio.mp3?hash=1528711740048,MP3,112,Working,3,https://resources.live24.gr/resources/images/stations/8daa170f-383f-4e38-a45a-5bd66b7b4ba1.png,"tags: news,news talk",radio-browser,Europe/Athens,False,
GR,Status Radio,,Rhodes,Internet-only,,Other,Other,Greek,None,Yes,https://cast4.my-control-panel.com/proxy/anastas2/stream,MP3,160,Working,127,https://www.radio984.gr/favicon.ico,Entertainment,wiki+radio-browser,Europe/Athens,False,
GR,Αρχάγγελος 94.1,,Rhodes,Rhodes,,Music,Greek music,Greek,None,Unknown,http://eco.onestreaming.com:8536/;,MP3,128,Working,1009,http://resources.live24.gr/resources/images/stations/d8b5ba1e-c19d-4ab0-b5a5-7bc8c1c7d64f.jpg,"tags: greek,mainstream,pop",radio-browser,Europe/Athens,False,
GR,Κόσμος 93.8,,Rhodes,Rhodes,,News & Talk,News & Talk + Music,Greek,None,Unknown,https://netradio.live24.gr/kosmos938rodos,MP3,128,Working,24,https://cdn.e-radio.gr/logos/gr/big/radiokosmosrodos.png,"tags: music,news,news talk",radio-browser,Europe/Athens,False,
GR,Λυχνάρι 91.4,,Rhodes,Rhodes,,Music,Rock / Alternative,Greek,None,Unknown,http://eco.onestreaming.com:8037/;,MP3,128,Working,44,,"tags: pop,rock",radio-browser,Europe/Athens,False,
GR,Ρυθμός 94.5,,Rhodes,Rhodes,,Music,Greek pop,Greek,None,Unknown,https://netradio.live24.gr/rythmos945rodos,MP3,128,Working,7,,"tags: greek pop,mainstream",radio-browser,Europe/Athens,False,
GR,Diavlos Rodopi,,Rodopi,Thrace,92.4,News & Talk,News & Talk,Greek,None,No,,,,No stream found,0,,"News and talk; rebroadcasting with _Sfera 102,2 Athens_",wiki-only,Europe/Athens,False,
GR,Joy 106.9,,Rodopi,Thrace,106.9,Other,Other,Greek,None,No,,,,No stream found,0,,Turkish speaking radio station; located from Komotini,wiki-only,Europe/Athens,False,
GR,My FM Komotini,,Rodopi,Thrace,89.5,Music,Pop / Hits,Greek,None,No,http://cast.radiohost.ovh:9037/stream?type=http&nocache=57542,MP3,128,Working,39,http://resources.live24.gr/resources/images/stations/9bd19723-2c0c-488b-a0e4-f659baf41216.png,Foreign music (ex. Komotini DeeJay & Ecstasy FM),wiki+radio-browser,Europe/Athens,False,
GR,Orthodox Messages,,Rodopi,Thrace,95.8,Religious,Religious,Greek,None,No,https://sh.onweb.gr/8546/stream,MP3,96,Working,1,https://onradio.gr/wp-content/uploads/2020/04/ORT-FM-1.png,"Religious radio; rebroadcasting with _Ecclesia FM 89,5 Athens_",wiki+radio-browser,Europe/Athens,False,
GR,Radio City,,Rodopi,Thrace,107.6,Music,Oldies / 80s-90s,Greek,None,No,http://i2.streams.ovh:7050/live,MP3,320,Working,22,,Turkish speaking radio station; located from Komotini,wiki+radio-browser,Europe/Athens,False,
GR,Radio Paratiritis,,Rodopi,Thrace,94.0,News & Talk,News & Talk,Greek,None,No,https://cast4.my-control-panel.com/proxy/anastas2/stream,MP3,160,Working,127,https://www.radio984.gr/favicon.ico,News and talk; rebroadcasting with _Kidsradio.com 88.6_,wiki+radio-browser,Europe/Athens,False,
GR,"Radio Rodopi 9,55",,Rodopi,Thrace,95.5,Sports,Sports,Greek,None,No,https://cast4.my-control-panel.com/proxy/anastas2/stream,MP3,160,Working,127,https://www.radio984.gr/favicon.ico,"News and talk; rebroadcasting with _Sport FM 94,6 of Athens_",wiki+radio-browser,Europe/Athens,False,
GR,Radio Xilagani,,Rodopi,Thrace,104.5,Music,Greek laïkó,Greek,None,No,https://cast4.my-control-panel.com/proxy/anastas2/stream,MP3,160,Working,127,https://www.radio984.gr/favicon.ico,Greek laïko and rebetiko music; located from Komotini,wiki+radio-browser,Europe/Athens,False,
GR,Xronos,,Rodopi,Thrace,87.5,News & Talk,News & Talk,Greek,None,No,,,,No stream found,0,,News and talk; rebroadcasting with _Alpha 98.9_,wiki-only,Europe/Athens,False,
GR,Çınar FM 91.8,,Rodopi,Thrace,91.8,Other,Other,Greek,None,No,,,,No stream found,0,,Turkish speaking culture station (ex. Işık FM / Light FM),wiki-only,Europe/Athens,False,
GR,Ξυλαγανή 104.5,,Rodopi,Rodopi,,Music,Traditional / Folk,Greek,None,Unknown,http://solid2.streamupsolutions.com:24950/stream,MP3,128,Working,23,http://resources.live24.gr/resources/images/stations/7c12309c-4384-4e05-9232-3c7d9723c593.png,"tags: folk,greek",radio-browser,Europe/Athens,False,
GR,"Akritiki Foni 9,22",,Samos,the Aegean islands,92.2,Religious,Religious,Greek,None,No,,,,No stream found,0,,Religious; rebroadcasting with _Peiraiki Ecclesia FM_,wiki-only,Europe/Athens,False,
GR,Anemos Radio,,Samos,the Aegean islands,95.6,Music,Greek music,Greek,None,No,https://cast4.my-control-panel.com/proxy/anastas2/stream,MP3,160,Working,127,https://www.radio984.gr/favicon.ico,"Greek music; rebroadcasting with _Rythmos FM 9,49_",wiki+radio-browser,Europe/Athens,False,
GR,Armonia FM Samos,,Samos,the Aegean islands,103.2,News & Talk,News & Talk,Greek,None,No,,,,No stream found,0,,News and talk; rebroadcasting with _Alpha 98.9 FM Athens_,wiki-only,Europe/Athens,False,
GR,Cafe 102.4,,Samos,Samos,,Other,Other,Greek,None,Unknown,http://s6.onweb.gr:8046/;,MP3,96,Working,14,,tags: ,radio-browser,Europe/Athens,False,
GR,Flight Radio Ikaria,,Samos,the Aegean islands,88.8,Music,Rock / Alternative,Greek,None,No,https://cast4.my-control-panel.com/proxy/anastas2/stream,MP3,160,Working,127,https://www.radio984.gr/favicon.ico,Foreign rock music; rebroadcasting with _Zeppelin 106.7_,wiki+radio-browser,Europe/Athens,False,
GR,Ikarian Radio 92.8,,Samos,the Aegean islands,92.8,News & Talk,News & Talk + Music,Greek,None,No,https://cast4.my-control-panel.com/proxy/anastas2/stream,MP3,160,Working,127,https://www.radio984.gr/favicon.ico,"News, culture and Greek music; located from Evdilos",wiki+radio-browser,Europe/Athens,False,
GR,Ionia Plus,,Samos,the Aegean islands,89.4,News & Talk,News & Talk + Music,Greek,None,No,http://eco.onestreaming.com:8039/streamexternal%20stream%20link,MP3,128,Working,26,https://plusradio.gr/images/folder/favicon.ico,News and talk with Greek and foreign music,wiki+radio-browser,Europe/Athens,False,
GR,Radio Café,,Samos,the Aegean islands,102.4,News & Talk,News & Talk + Music,Greek,None,No,http://s6.onweb.gr:8046/;,MP3,96,Working,50,https://samostoday.gr/wp-content/uploads/2021/01/cropped-favicon-180x180.png,Rebroadcasting with _Skai 100.3_ and _NG Radio Athens_,wiki+radio-browser,Europe/Athens,False,
GR,"Radio Ikaria 87,6",,Samos,the Aegean islands,87.6,News & Talk,News & Talk + Music,Greek,None,No,https://cast4.my-control-panel.com/proxy/anastas2/stream,MP3,160,Working,127,https://www.radio984.gr/favicon.ico,News and talk with Greek music; located from Agios Kirykos,wiki+radio-browser,Europe/Athens,False,
GR,Radio Samos,,Samos,the Aegean islands,102.0,News & Talk,News & Talk + Music,Greek,None,No,https://cast4.my-control-panel.com/proxy/anastas2/stream,MP3,160,Working,127,https://www.radio984.gr/favicon.ico,"News, talk and Greek music; located from Karlovasi",wiki+radio-browser,Europe/Athens,False,
GR,Space (Xoros) FM,,Samos,the Aegean islands,94.2,Other,Other,Greek,None,No,,,,No stream found,0,,Student radio station of the University of the Aegean,wiki-only,Europe/Athens,False,
GR,Αρμονία 103.2,,Samos,Samos,,News & Talk,News & Talk + Music,Greek,None,Unknown,https://sh.onweb.gr/8500/;,MP3,32,Working,15,https://resources.live24.gr/resources/images/stations/55621409-f787-4eac-a8a6-fef20674b0a3.jpg,"tags: greek music,local news,news talk",radio-browser,Europe/Athens,False,
GR,Θάλασσα και Παράδοση,,Samos,Samos,,Other,Other,Greek,None,Unknown,http://i.streams.ovh:9391/stream,MP3,320,Working,22,,tags: ,radio-browser,Europe/Athens,False,
GR,Ράδιο Σάμος 102,,Samos,Samos,,News & Talk,News & Talk + Music,Greek,None,Unknown,https://everest.streams.ovh:1855/stream,MP3,160,Working,10,https://resources.live24.gr/resources/images/stations/20dba8e8-f01b-4daa-a255-35c98fb13fb0.jpg,"tags: greek music,news talk",radio-browser,Europe/Athens,False,
GR,Samothraki Web,,Samothrace,Internet-only,,News & Talk,News & Talk + Music,Greek,None,Yes,https://eco.onestreaming.com/proxy/samothraki/stream,MP3,128,Working,10,https://cdn.e-radio.gr/logos/gr/big/samothrakiwebradio.png,Entertainment,wiki+radio-browser,Europe/Athens,False,
GR,Σαντορίνη,,Santorini,Santorini,,News & Talk,News & Talk,Greek,None,Unknown,http://eco.onestreaming.com:8316/stream?type=http&nocache=22964,MP3,128,Working,15,,"tags: folk,greek,news,pop,talk",radio-browser,Europe/Athens,False,
GR,101 Radio 1,,Serres,Macedonia,101.0,Music,Rock / Alternative,Greek,None,No,http://s3.onweb.gr:8814/;,MP3,256,Working,15,http://www.facebook.com/favicon.ico,Foreign electronic and alternative rock; located from Serres,wiki+radio-browser,Europe/Athens,False,
GR,Akroama,,Serres,Macedonia,94.6,Music,Rock / Alternative,Greek,None,No,,,,No stream found,0,,Greek pop and rock music; located from Lefkonas,wiki-only,Europe/Athens,False,
GR,American Radio,,Serres,Macedonia,104.2,Music,Greek music,Greek,None,No,https://cast4.my-control-panel.com/proxy/anastas2/stream,MP3,160,Working,127,https://www.radio984.gr/favicon.ico,Greek and foreign pop music; located from Serres,wiki+radio-browser,Europe/Athens,False,
GR,Capital Serres,,Serres,Macedonia,104.8,Music,Pop / Hits,Greek,None,No,https://rdst.win:59354/stream,MP3,192,Working,15,http://resources.live24.gr/resources/images/stations/2a8d7315-4394-4bea-b5ff-47f0c494f983.png,Foreign music; rebroadcasting with _Capital 107 Kavala_,wiki+radio-browser,Europe/Athens,False,
GR,Epiloges FM,,Serres,Macedonia,105.5,News & Talk,News & Talk,Greek,None,No,,,,No stream found,0,,"News and talk; rebroadcasting with _Real FM 97,8 of Athens_",wiki-only,Europe/Athens,False,
GR,ERT Serres,ΕΡΤ Σερρών,Serres,Macedonia,101.5,Public,"News, Talk & Culture",Greek,State,No,https://radiostreaming.ert.gr/ert-serres,,,Working,0,,"News, talk and culture; Local station of Greek state radio",curated,Europe/Athens,False,
GR,Galaxy Radio Serres,,Serres,Macedonia,92.1,Music,Greek music,Greek,None,No,https://cast4.my-control-panel.com/proxy/anastas2/stream,MP3,160,Working,127,https://www.radio984.gr/favicon.ico,Greek éntekhno and laïko music (ex. Sintiki Radio 92.1),wiki+radio-browser,Europe/Athens,False,
GR,Kivotos FM 99.2,,Serres,Macedonia,99.2,Religious,Religious,Greek,None,No,,,,No stream found,0,,Religious radio; rebroadcasting with _Ecclesia Radio Athens_,wiki-only,Europe/Athens,False,
GR,Lemon 88.8 FM,,Serres,Macedonia,88.8,Music,Greek music,Greek,None,No,https://cast.streams.ovh/sc/radio888/stream/,MP3,128,Working,120,http://resources.live24.gr/resources/images/stations/0f10bc08-2fcc-48a2-a752-4a3c45145e96.jpg,Greek and foreign music; rebroadcasting with _Sfera Athens_,wiki+radio-browser,Europe/Athens,False,
GR,Master Serres,,Serres,Macedonia,102.7,Music,Electronic / Dance,Greek,None,No,https://stream1.468.gr/9902/stream,MP3,320,Working,78,,Greek laïko – rebetiko music; located from Irakleia,wiki+radio-browser,Europe/Athens,False,
GR,Mega FM 91.7 Stereo,,Serres,Macedonia,91.7,Sports,Sports,Greek,None,No,,,,No stream found,0,,Sports & talk with Greek pop music; located from Serres,wiki-only,Europe/Athens,False,
GR,Metropolis FM Serres,,Serres,Macedonia,97.2,Sports,Sports,Greek,None,No,http://onairmediagroup.live24.gr/metrofm978xanthi,MP3,160,Working,20,,Sports and talk; rebroadcasting with _Metropolis Thessaloniki_,wiki+radio-browser,Europe/Athens,False,
GR,Mousikos Galaxias,,Serres,Macedonia,92.6,Music,Greek laïkó,Greek,None,No,http://netradio.live24.gr/derty1000,AAC+,160,Working,925,,Greek laïko and rebetiko music; located from Strymonas,wiki+radio-browser,Europe/Athens,False,
GR,Noize Radio,,Serres,Macedonia,93.5,Music,Greek music,Greek,None,No,https://cast4.my-control-panel.com/proxy/anastas2/stream,MP3,160,Working,127,https://www.radio984.gr/favicon.ico,Greek and foreign music (ex. Radio Makedonia 935),wiki+radio-browser,Europe/Athens,False,
GR,Notes 106,,Serres,Serres,,Music,Traditional / Folk,Greek,None,Unknown,https://solid33.streamupsolutions.com/proxy/evllufwn?mp=//stream,MP3,192,Working,8,https://resources.live24.gr/resources/images/stations/1974e656-87cc-436f-bf0e-c56d2460e7ee.png,tags: greek folk,radio-browser,Europe/Athens,False,
GR,Notes 106 FM Serres,,Serres,Macedonia,106.0,Music,Rock / Alternative,Greek,None,No,https://neos.win:48720/stream,MP3,128,Working,29,http://resources.live24.gr/resources/images/stations/85c4f4b1-bc09-4956-a3ef-e79a0392991e.png,"Greek laïko, pop and rock music; located from Serres",wiki+radio-browser,Europe/Athens,False,
GR,Polis FM 100,,Serres,Macedonia,100.0,News & Talk,News & Talk + Music,Greek,None,No,http://eco.onestreaming.com:8334/;,MP3,128,Working,71,,Greek pop and rock music (ex. Serres Radio Palmos FM100),wiki+radio-browser,Europe/Athens,False,
GR,Radio Alfa 96,,Serres,Macedonia,96.0,Music,Rock / Alternative,Greek,None,No,https://cast4.my-control-panel.com/proxy/anastas2/stream,MP3,160,Working,127,https://www.radio984.gr/favicon.ico,Foreign pop and rock music; located from Serres,wiki+radio-browser,Europe/Athens,False,
GR,"Radio Alfa GR 96,7",,Serres,Macedonia,96.7,Music,Rock / Alternative,Greek,None,No,https://cast4.my-control-panel.com/proxy/anastas2/stream,MP3,160,Working,127,https://www.radio984.gr/favicon.ico,Greek éntekhno- laïko-pop-rock music; located from Serres,wiki+radio-browser,Europe/Athens,False,
GR,Radio E 103 FM,,Serres,Macedonia,103.0,News & Talk,News & Talk,Greek,None,No,,,,No stream found,0,,News and talk; rebroadcasting with _Skai 100.3_,wiki-only,Europe/Athens,False,
GR,"Radio Epikairotita 97,8",,Serres,Macedonia,97.8,News & Talk,News & Talk,Greek,None,No,https://cast4.my-control-panel.com/proxy/anastas2/stream,MP3,160,Working,127,https://www.radio984.gr/favicon.ico,News and talk; rebroadcasting with _We 89.4 Thessaloniki_,wiki+radio-browser,Europe/Athens,False,
GR,"Radio Serres 9,89",,Serres,Macedonia,98.9,News & Talk,News & Talk,Greek,None,No,https://cast4.my-control-panel.com/proxy/anastas2/stream,MP3,160,Working,127,https://www.radio984.gr/favicon.ico,News/ talk with Greek laïko and pop; located from Serres,wiki+radio-browser,Europe/Athens,False,
GR,Rodon 95,,Serres,Serres,,Music,Jazz / Soul,Greek,None,Unknown,http://live3.istoikona.net:8324/stream,MP3,128,Working,38,https://rodonfm.net/favicon.ico,"tags: alternative,electronica,jazz,pop,rock",radio-browser,Europe/Athens,False,
GR,Rodon FM,,Serres,Macedonia,95.0,Music,Mixed music,Greek,None,No,,,,No stream found,0,,"Foreign music; rebroadcasting with _Best FM 92,6_",wiki-only,Europe/Athens,False,
GR,Rythmos 9.82 Serres,,Serres,Macedonia,98.2,Music,Rock / Alternative,Greek,None,No,http://stream.radiojar.com/aw1w2xfx1vduv,MP3,0,Working,2374,,"Greek laïko, pop and rock music (ex. Radio Fyllida 9.82)",wiki+radio-browser,Europe/Athens,False,
GR,Sokolata FM,,Serres,Macedonia,102.4,Music,Rock / Alternative,Greek,None,No,https://radio.streamings.gr/proxy/sokolatafm?mp=/stream,MP3,320,Working,18,,Greek pop and rock music (ex. Diktyo FM & Echo FM),wiki+radio-browser,Europe/Athens,False,
GR,Ακρόαμα 94.6,,Serres,Serres,,Music,Greek music,Greek,None,Unknown,http://s1.onweb.gr:8066/;,MP3,192,Working,16,,"tags: greek,mainstream,pop",radio-browser,Europe/Athens,False,
GR,Γαλαξίας 92.1 Σέρρες,,Serres,Serres,,Music,Traditional / Folk,Greek,None,Unknown,https://tls-chrome.live24.gr/4072?http://cast.streams.ovh:12059/stream/,MP3,128,Working,2,https://resources.live24.gr/resources/images/stations/2fedc75b-e8fb-48d4-9c7c-a8a677b47713.jpg,tags: greek folk,radio-browser,Europe/Athens,False,
GR,Κιβωτός 99.2,,Serres,Serres,,Religious,Religious,Greek,None,Unknown,http://s3.onweb.gr:8452/;,MP3,128,Working,22,http://resources.live24.gr/resources/images/stations/32e5c494-cf64-4429-b8f9-7d41c2d14a08.jpg,"tags: orthodox christian,religion",radio-browser,Europe/Athens,False,
GR,Ράδιο Κιβωτός 99.2,,Serres,Serres,,Religious,Religious,Greek,None,Unknown,http://s3.onweb.gr:8452/,MP3,128,Working,345,,"tags: byzantine,ecclesia,greek,orthodox christian,orthodoxy,εκκλησία,ιερά μητρόπολις,ορθοδοξία",radio-browser,Europe/Athens,False,
GR,Σέρρες 98.9,,Serres,Serres,,Music,Greek music,Greek,None,Unknown,http://solid33.streamupsolutions.com:32014/stream,MP3,128,Working,16,,"tags: greek,mainstream,pop",radio-browser,Europe/Athens,False,
GR,Σοκολάτα 102.4,,Serres,Serres,,Music,Greek music,Greek,None,Unknown,http://radio.streamings.gr:8043/stream?1546865665943,MP3,320,Working,51,http://resources.live24.gr/resources/images/stations/f3517147-6ff8-4bbd-bc97-eb61ad4ccc25.jpg,"tags: greek,mainstream,pop",radio-browser,Europe/Athens,False,
GR,"Laikos 8,5MHz",,Short Wave (Sw Band),Short Wave (SW band),8500,Music,Greek music,Greek,None,No,http://sp2.streams.ovh:8106/;stream,MP3,128,Working,2,https://www.laikosradio.gr/laikosfm_logo.gif,"Pirate radio station with Greek laïko music, located in Amaliada",wiki+radio-browser,Europe/Athens,False,
GR,Ορθοδοξία και Παράδοση 103,,Siatista,Siatista (Greece),,Religious,Religious,Greek,None,Unknown,http://radio.lts-group.eu:52390/ANS,MP3,128,Working,183,,"tags: byzantine,ecclesia,greek,orthodox christian,orthodoxy,εκκλησία,ορθοδοξία",radio-browser,Europe/Athens,False,
GR,Melody 88,,Sitia,Sitia,,Music,Pop / Hits,Greek,None,Unknown,http://s4.onweb.gr:8466/;,MP3,128,Working,13,,"tags: mainstream,pop",radio-browser,Europe/Athens,False,
GR,Vasilis Pliakas,,South Aegean,SOUTH AEGEAN,,Other,Other,Greek,None,Unknown,https://mcr.streams.gr/listen/topfm1024,MP3,320,Working,0,,tags: ,radio-browser,Europe/Athens,False,
GR,"08.Libero 107,4",,South Macedonia,South Macedonia,,Other,Other,Greek,None,Unknown,https://radio.libero.fm:10750/live,MP3,64,Working,0,https://encrypted-tbn0.gstatic.com/images?q=tbn:ANd9GcQaZp80adEqwrDiPfkdUmKV468BuQwZxpU3lewPKZtjPQ&s=10,tags: ,radio-browser,Europe/Athens,False,
GR,Fly Σπάρτη,,Sparti,Sparti,,News & Talk,News & Talk,Greek,None,Unknown,http://eco.onestreaming.com:8272/;,MP3,64,Working,16,,"tags: folk,greek,news,pop,talk",radio-browser,Europe/Athens,False,
GR,Ι.Μ. Σπάρτης 88.8,,Sparti,Sparta,,Religious,Religious,Greek,None,Unknown,http://s4.onweb.gr:8862/,MP3,64,Working,780,,"tags: ecclesia,greek,orthodox christian,orthodoxy,εκκλησία,ιερά μητρόπολις,ορθοδοξία",radio-browser,Europe/Athens,False,
GR,Μουσικός Παλμός 94.5,,Sparti,Sparti,,Music,Traditional / Folk,Greek,None,Unknown,http://solid2.streamupsolutions.com:24977/stream?type=http&nocache=1049,MP3,128,Working,8,http://www.facebook.com/favicon.ico,tags: greek folk music,radio-browser,Europe/Athens,False,
GR,Πολιτεία Σπάρτη,,Sparti,Sparti,,News & Talk,News & Talk,Greek,None,Unknown,http://eco.onestreaming.com:8604/;,MP3,128,Working,12,http://resources.live24.gr/resources/images/stations/d687445f-b94a-4ac0-9099-1456568b0112.jpg,"tags: folk,greek,news,pop,talk",radio-browser,Europe/Athens,False,
GR,Star FM 104.6,,Symi,Internet-only,,Other,Other,Greek,None,Yes,https://onairmediagroup.live24.gr/star888xanthi,MP3,160,Working,71,,Entertainment,wiki+radio-browser,Europe/Athens,False,
GR,Symi Web Radio,,Symi,Internet-only,,Other,Other,Greek,None,Yes,https://cast4.my-control-panel.com/proxy/anastas2/stream,MP3,160,Working,127,https://www.radio984.gr/favicon.ico,Entertainment,wiki+radio-browser,Europe/Athens,False,
GR,Aigaio News,,Syros,Syros,,News & Talk,News & Talk,Greek,None,Unknown,http://europa.shoutca.st:8721/stream?type=http&nocache=24274,MP3,320,Working,20,https://aigaionews.gr/wp-content/uploads/2022/10/cropped-aigaionews-logo-12-180x180.png,"tags: folk,greek,news,pop",radio-browser,Europe/Athens,False,
GR,Αιγαίο Live 95.8,,Syros,Syros,,Music,Rock / Alternative,Greek,None,Unknown,https://n10.radiojar.com/nkqh9th47vzuv?rj-ttl=5&rj-tok=AAABeQrkPYYAnOvxMouarvernQ,MP3,,Working,28,https://aigaiolive.gr/wp-content/uploads/2021/02/cropped-aigaiolive-01-1-180x180.png,"tags: pop,rock",radio-browser,Europe/Athens,False,
GR,Stoxos Θάσος,,Thasos,Thasos,,News & Talk,News & Talk,Greek,None,Unknown,http://s3.onweb.gr:8016/stream?type=http&nocache=14923,MP3,128,Working,21,,"tags: folk,greek,news,pop,talk",radio-browser,Europe/Athens,False,
GR,Στόχος 99,,Thasos,Thasos,,Other,Other,Greek,None,Unknown,http://s3.onweb.gr:8016/stream?type=http&nocache=906097,MP3,128,Working,2,http://el-gr.facebook.com/favicon.ico,tags: ,radio-browser,Europe/Athens,False,
GR,Agrafa Voice,,The Rest Of Greece,Medium Wave (MW band),1440,Music,Greek music,Greek,None,No,https://stream.radiojar.com/u52ufw1qayduv?1777638187,MP3,0,Working,2,https://www.voice1025.gr/wp-content/uploads/2025/02/cropped-voice_logo.png,Amateur station with Greek laïko music,wiki+radio-browser,Europe/Athens,False,
GR,Amateur Radio Tripolis,,The Rest Of Greece,Medium Wave (MW band),1224,Music,Greek music,Greek,None,No,https://cast4.my-control-panel.com/proxy/anastas2/stream,MP3,160,Working,127,https://www.radio984.gr/favicon.ico,Greek laïko music,wiki+radio-browser,Europe/Athens,False,
GR,B19 Greek Original,,The Rest Of Greece,Medium Wave (MW band),1530,Music,Greek music,Greek,None,No,http://eco.onestreaming.com:8105/stream?type=http&nocache=117604,MP3,128,Down,211,,Pirate station with Greek laïko music,wiki+radio-browser,Europe/Athens,False,
GR,B19 International,,The Rest Of Greece,Medium Wave (MW band),1503,Music,Mixed music,Greek,None,No,,,,No stream found,0,,Pirate station with foreign music,wiki-only,Europe/Athens,False,
GR,Dimitris A10,,The Rest Of Greece,Medium Wave (MW band),1557,Music,Greek music,Greek,None,No,,,,No stream found,0,,Greek and foreign music,wiki-only,Europe/Athens,False,
GR,Dodoni's Oracle,,The Rest Of Greece,Medium Wave (MW band),1603,Music,Greek music,Greek,None,No,,,,No stream found,0,,Amateur station with Greek laïko music,wiki-only,Europe/Athens,False,
GR,Elpida Radio,,The Rest Of Greece,Medium Wave (MW band),1440,Music,Greek music,Greek,None,No,https://cast4.my-control-panel.com/proxy/anastas2/stream,MP3,160,Working,127,https://www.radio984.gr/favicon.ico,Greek and foreign music,wiki+radio-browser,Europe/Athens,False,
GR,Hawaii of Larissa,,The Rest Of Greece,Medium Wave (MW band),1395,Music,Greek music,Greek,None,No,,,,No stream found,0,,Greek laïko music,wiki-only,Europe/Athens,False,
GR,Kostas o Thessalos,,The Rest Of Greece,Medium Wave (MW band),1640,News & Talk,News & Talk + Music,Greek,None,No,https://eu7.fastcast4u.com/proxy/nmarog02?mp=/1,MP3,128,Working,60,http://resources.live24.gr/resources/images/stations/4f967b66-7ba0-4dd2-af9f-4d59390add4a.png,Greek laïko music,wiki+radio-browser,Europe/Athens,False,
GR,Lambros 3A,,The Rest Of Greece,Medium Wave (MW band),1629,Music,Greek music,Greek,None,No,,,,No stream found,0,,Amateur station with Greek laïko music,wiki-only,Europe/Athens,False,
GR,Larissa Radio Geronimo,,The Rest Of Greece,Medium Wave (MW band),1602,Music,Greek music,Greek,None,No,https://cast4.my-control-panel.com/proxy/anastas2/stream,MP3,160,Working,127,https://www.radio984.gr/favicon.ico,Greek and foreign pop music,wiki+radio-browser,Europe/Athens,False,
GR,National Radio Station of Komotini,,The Rest Of Greece,Medium Wave (MW band),1640,Music,Greek music,Greek,None,No,https://cast4.my-control-panel.com/proxy/anastas2/stream,MP3,160,Working,127,https://www.radio984.gr/favicon.ico,Greek laïko music,wiki+radio-browser,Europe/Athens,False,
GR,Olytsikas,,The Rest Of Greece,Medium Wave (MW band),1413,Music,Traditional / Folk,Greek,None,No,https://webinternetradio.eu:48790/,MP3,256,Working,14,,Amateur station with Greek laïko music,wiki+radio-browser,Europe/Athens,False,
GR,Ouranos Radio,,The Rest Of Greece,Medium Wave (MW band),1485,Religious,Religious,Greek,None,No,https://cast4.my-control-panel.com/proxy/anastas2/stream,MP3,160,Working,127,https://www.radio984.gr/favicon.ico,Orthodox amateur radio,wiki+radio-browser,Europe/Athens,False,
GR,Pagaseticos,,The Rest Of Greece,Medium Wave (MW band),1557,Music,Greek music,Greek,None,No,,,,No stream found,0,,Greek laïko music,wiki-only,Europe/Athens,False,
GR,Participatory Station,,The Rest Of Greece,Medium Wave (MW band),1287,Music,Traditional / Folk,Greek,None,No,https://i2.streams.ovh:2200/ssl/artfm?mp=/stream,MP3,192,Working,18,http://resources.live24.gr/resources/images/stations/393fb9a6-5d2a-4a45-ad5c-8a43f290aec8.jpg,Greek laïko music,wiki+radio-browser,Europe/Athens,False,
GR,Radio Adiaforos,,The Rest Of Greece,Medium Wave (MW band),1512,Music,Greek music,Greek,None,No,https://cast4.my-control-panel.com/proxy/anastas2/stream,MP3,160,Working,127,https://www.radio984.gr/favicon.ico,Greek and foreign pop music,wiki+radio-browser,Europe/Athens,False,
GR,Radio Alpha 1,,The Rest Of Greece,Medium Wave (MW band),1566,Music,Greek music,Greek,None,No,https://cast4.my-control-panel.com/proxy/anastas2/stream,MP3,160,Working,127,https://www.radio984.gr/favicon.ico,Amateur station with Greek laïko music,wiki+radio-browser,Europe/Athens,False,
GR,Radio Drastirios,,The Rest Of Greece,Medium Wave (MW band),1548,Music,Greek music,Greek,None,No,https://cast4.my-control-panel.com/proxy/anastas2/stream,MP3,160,Working,127,https://www.radio984.gr/favicon.ico,Greek laïko music,wiki+radio-browser,Europe/Athens,False,
GR,Radio Dynamite,,The Rest Of Greece,Medium Wave (MW band),1359,Music,Greek music,Greek,None,No,https://cast4.my-control-panel.com/proxy/anastas2/stream,MP3,160,Working,127,https://www.radio984.gr/favicon.ico,Greek laïko music,wiki+radio-browser,Europe/Athens,False,
GR,Radio Nostalgia,,The Rest Of Greece,Medium Wave (MW band),630,Music,Traditional / Folk,Greek,None,No,http://radionostalgiagr.dyndns.org:2314/,MP3,192,Working,175,,Greek laïko music,wiki+radio-browser,Europe/Athens,False,
GR,Radio Supersonic,,The Rest Of Greece,Medium Wave (MW band),1377,Music,Greek music,Greek,None,No,https://cast4.my-control-panel.com/proxy/anastas2/stream,MP3,160,Working,127,https://www.radio984.gr/favicon.ico,Greek laïko music,wiki+radio-browser,Europe/Athens,False,
GR,Sakis o Epikindynos,,The Rest Of Greece,Medium Wave (MW band),1341,Music,Greek music,Greek,None,No,,,,No stream found,0,,Greek laïko music,wiki-only,Europe/Athens,False,
GR,Sex Machine Patras,,The Rest Of Greece,Medium Wave (MW band),1206,Music,Greek music,Greek,None,No,,,,No stream found,0,,Greek and foreign music,wiki-only,Europe/Athens,False,
GR,Special Radio,,The Rest Of Greece,Medium Wave (MW band),1449,Music,Greek music,Greek,None,No,https://cast4.my-control-panel.com/proxy/anastas2/stream,MP3,160,Working,127,https://www.radio984.gr/favicon.ico,Greek laïko music,wiki+radio-browser,Europe/Athens,False,
GR,Studio A13,,The Rest Of Greece,Medium Wave (MW band),1539,Music,Traditional / Folk,Greek,None,No,https://stream-41.zeno.fm/8ynh3bbq8rhvv?zs=IYA2JvP4RVa3ITKCiWQsMw,MP3,128,Working,13,http://resources.live24.gr/resources/images/stations/2474c704-0068-4179-bcef-9c512d75c909.jpg,Greek and foreign music,wiki+radio-browser,Europe/Athens,False,
GR,Thespies,,Thespies,Thespies,,Music,Traditional / Folk,Greek,None,Unknown,https://webinternetradio.eu:48796/,MP3,256,Working,11,,tags: greek folk,radio-browser,Europe/Athens,False,
GR,4U Radio 93.1,,Thesprotia,Epirus,93.1,Music,Rock / Alternative,Greek,None,No,https://cast4.my-control-panel.com/proxy/anastas2/stream,MP3,160,Working,127,https://www.radio984.gr/favicon.ico,"Greek pop and rock music (ex. Ionian Radiowaves 9,33 FM)",wiki+radio-browser,Europe/Athens,False,
GR,Dryinoupolis,,Thesprotia,Epirus,89.0,News & Talk,News & Talk + Music,Greek,None,No,http://eco.onestreaming.com:8334/;,MP3,128,Working,71,,Religious radio; rebroadcasting with _Lydia FM 94.2_,wiki+radio-browser,Europe/Athens,False,
GR,En Plo 89.2,,Thesprotia,Epirus,89.2,News & Talk,News & Talk + Music,Greek,None,No,https://icecast.empneusi.net/enplofm,MP3,320,Working,4,https://resources.live24.gr/resources/images/stations/67cf1ec3-abae-416b-bb17-cdc4692afbd8.png,"News, Greek and foreign music; rebroadcasts _NG Radio_",wiki+radio-browser,Europe/Athens,False,
GR,Orthodox Logos,,Thesprotia,Epirus,105.1,Religious,Religious,Greek,None,No,https://sh.onweb.gr/8546/stream,MP3,96,Working,1,https://onradio.gr/wp-content/uploads/2020/04/ORT-FM-1.png,"Religious radio; rebroadcasting with _Ecclesia 89,5_",wiki+radio-browser,Europe/Athens,False,
GR,Radio Epirus 94.5,,Thesprotia,Epirus,94.5,Music,Greek music,Greek,None,No,https://neos.win:59454/stream,MP3,320,Working,2,https://www.radioepirus.gr/img/logo.png,Greek music; based in Ioannina with studio in Petrovouni,wiki+radio-browser,Europe/Athens,False,
GR,Radio Thesprotia,,Thesprotia,Epirus,97.1,Music,Greek music,Greek,None,No,https://cast4.my-control-panel.com/proxy/anastas2/stream,MP3,160,Working,127,https://www.radio984.gr/favicon.ico,Greek and foreign music; relays of _Easy 97.2 Athens_,wiki+radio-browser,Europe/Athens,False,
GR,"02.Στο Κόκκινο ΘΕΣΣΑΛΟΝΙΚΗ 91,4 FM",,Thessaloniki,Thessaloniki-Notia Macedonia,,Other,Other,Greek,None,Unknown,http://n09.radiojar.com/275p8ssmb?rj-ttl=5&rj-tok=AAABe5KoPq0A-SETCU2cfsnBjA,MP3,,Working,1,https://resources.live24.gr/resources/images/stations/06116ad4-8934-436e-922d-b799c057598e.png,tags: ,radio-browser,Europe/Athens,False,
GR,08.Libero 107.4 FM,,Thessaloniki,Thessaloniki-Notia Macedonia,,Other,Other,Greek,None,Unknown,https://radio.libero.fm:10770/live?178383342258,MP3,64,Working,0,https://cdn-profiles.tunein.com/s78742/images/logog.png?t=1,tags: ,radio-browser,Europe/Athens,False,
GR,1055 Rock,1055 Rock,Thessaloniki,Thessaloniki,105.5,Music,Rock / Heavy metal,Greek,None,No,http://radio.1055rock.gr:30000/1055,MP3,128,Working,2016,,"Foreign rock and heavy metal music (ex. Fresh Kiss & 105,3 Kiss FM Thessaloniki)",curated+radio-browser,Europe/Athens,False,
GR,"2.Στο Κόκκινο ΘΕΣΣΑΛΟΝΙΚΗ 91,4 FM",,Thessaloniki,Thessaloniki-Notia Macedonia,,Other,Other,Greek,None,Unknown,http://n09.radiojar.com/275p8ssmb?rj-ttl=5&rj-tok=AAABe5KoPq0A-SETCU2cfsnBjA,MP3,,Working,2,https://resources.live24.gr/resources/images/stations/06116ad4-8934-436e-922d-b799c057598e.png,tags: ,radio-browser,Europe/Athens,False,
GR,8.Libero 107.4 FM,,Thessaloniki,Thessaloniki-Notia Macedonia,,Sports,Sports,Greek,None,Unknown,https://radio.libero.fm:10770/live?178383342258,MP3,64,Working,1,https://cdn-profiles.tunein.com/s78742/images/logog.png?t=1,tags: sports news,radio-browser,Europe/Athens,False,
GR,89 Rainbow,,Thessaloniki,Thessaloniki,89.0,Music,Mixed music,Greek,None,No,http://n11.radiojar.com/4nwwcyesv8hvv?rj-ttl=5&rj-tok=AAABhU7fB_gAoW9W9YLC5FGQ7Q,MP3,0,Working,65,http://resources.live24.gr/resources/images/stations/e973da7b-6a00-4609-9862-4207baf9783c.jpg,"Foreign music (ex. DeeJay, TOP FM 89, Kanali 2 Makedonia)",wiki+radio-browser,Europe/Athens,False,
GR,90.4 Αριστερά στα FM,,Thessaloniki,Thessaloniki,,Other,Other,Greek,None,Unknown,https://icecast.902.gr:8001/904,MP3,320,Working,4,https://resources.live24.gr/resources/images/stations/25a34011-e412-48c2-8092-4e04c9e93a76.png,tags: ,radio-browser,Europe/Athens,False,
GR,904 Left on FM,904 Αριστερά στα FM,Thessaloniki,Thessaloniki,90.4,Political,News & Talk,Greek,Left,No,http://icecast.902.gr:8000/904,MP3,320,Working,59,,Radio of the Communist Party of Greece (KKE),curated+radio-browser,Europe/Athens,False,
GR,95.8 FM (ERT3),95.8 FM (ΕΡΤ3),Thessaloniki,National,95.8,Public,Culture,Greek,State,No,https://radiostreaming.ert.gr/ert-958fm,,,Working,0,,ERT3 culture station from Thessaloniki,curated,Europe/Athens,False,
GR,99 Ράδιο 1,,Thessaloniki,Thessaloniki,,Music,Greek pop,Greek,None,Unknown,http://n13.radiojar.com/t0x7dyqmsuhvv?rj-ttl=5&rj-tok=AAABhH0rD-QAgA2xJnC5B93PWQ,MP3,,Working,92,http://resources.live24.gr/resources/images/stations/22ca2fd7-6978-425c-96af-0345d0c6515a.png,"tags: greek pop,mainstream",radio-browser,Europe/Athens,False,
GR,AI Waves,,Thessaloniki,Internet-only,,Music,Rock / Alternative,Greek,None,Yes,https://sp1.32bit.gr/8018/;,MP3,128,Working,4,https://resources.live24.gr/resources/images/stations/8388afff-63dd-480c-b72b-d78efa4d60e1.png,Entertainment,wiki+radio-browser,Europe/Athens,False,
GR,Akous Web,,Thessaloniki,Internet-only,,Other,Other,Greek,None,Yes,,,,No stream found,0,,Entertainment,wiki-only,Europe/Athens,False,
GR,Akrites tou Pontou,Ακρίτες του Πόντου 102.3,Thessaloniki,Thessaloniki,102.3,Music,Pontic traditional,Greek,None,No,,,,No stream found,0,,Pontic Greeks traditional music; located from Stavroupoli,curated,Europe/Athens,False,
GR,Apopsi GR,,Thessaloniki,Thessaloniki,,Music,Pop,Greek,None,Unknown,http://n01.radiojar.com/radio-apopsi?rj-ttl=5&rj-tok=AAABjex_AsgA8qvCgqBfwSaMeQ,MP3,,Working,17,https://resources.live24.gr/resources/images/stations/54e8b384-b41f-48a9-bb8c-abe29f134522.jpg,tags: pop,radio-browser,Europe/Athens,False,
GR,Arion Radio GR,,Thessaloniki,Internet-only,,Other,Other,Greek,None,Yes,https://cast4.my-control-panel.com/proxy/anastas2/stream,MP3,160,Working,127,https://www.radio984.gr/favicon.ico,Entertainment,wiki+radio-browser,Europe/Athens,False,
GR,Arty,,Thessaloniki,Thessaloniki,,Other,Other,Greek,None,Unknown,https://radio.streamings.gr/proxy/artyradio?mp=/stream,MP3,128,Working,64,,tags: sounds of nature,radio-browser,Europe/Athens,False,
GR,Arty Web,,Thessaloniki,Internet-only,,Music,Traditional / Folk,Greek,None,Yes,https://i2.streams.ovh:2200/ssl/artfm?mp=/stream,MP3,192,Working,18,http://resources.live24.gr/resources/images/stations/393fb9a6-5d2a-4a45-ad5c-8a43f290aec8.jpg,Entertainment,wiki+radio-browser,Europe/Athens,False,
GR,Athletic Metropolis,Metropolis 95.5,Thessaloniki,Thessaloniki,95.5,Sports,Sports,Greek,None,No,http://onairmediagroup.live24.gr/metrofm978xanthi,MP3,160,Working,20,,"Sports, news and talk; located from Pylaia",curated+radio-browser,Europe/Athens,False,
GR,Athlitikos Libero,Libero 107.4,Thessaloniki,Thessaloniki,107.4,Sports,Sports,Greek,None,No,,,,No stream found,0,,"Sports, talk and entertainment (ex. Club FM 107.4 Thessaloniki)",curated,Europe/Athens,False,
GR,Back to Rave Radio,,Thessaloniki,Internet-only,,Other,Other,Greek,None,Yes,https://cast4.my-control-panel.com/proxy/anastas2/stream,MP3,160,Working,127,https://www.radio984.gr/favicon.ico,Entertainment,wiki+radio-browser,Europe/Athens,False,
GR,Ble,,Thessaloniki,Thessaloniki,,Music,Greek music,Greek,None,Unknown,http://radio.lancom.gr:8006/stream1,MP3,128,Working,20,,"tags: greek,pop",radio-browser,Europe/Athens,False,
GR,Ble 93.1 Θεσσαλονίκη,,Thessaloniki,Thessaloniki,,Other,Other,Greek,None,Unknown,https://radio.lancom.gr:9006/stream1?1706989300560,MP3,128,Working,45,https://resources.live24.gr/resources/images/stations/bd0f2136-2606-47a1-b702-273144447c15.jpg,tags: ,radio-browser,Europe/Athens,False,
GR,Ble.fm,,Thessaloniki,Thessaloniki,,Music,Pop,Greek,None,Unknown,http://radio.lancom.gr:8004/stream1,MP3,128,Working,13,http://ble.fm/images/apple-touch-icon.png,tags: pop,radio-browser,Europe/Athens,False,
GR,Blue Radio 92.5,,Thessaloniki,Thessaloniki,92.5,Music,Greek music,Greek,None,No,http://sip.blueradio.gr:8033/stream?type=http&nocache=308275,MP3,128,Working,65,http://resources.live24.gr/resources/images/stations/24d69c6a-dda6-456d-be7e-bb1e43cac029.jpg,"Greek éntekhno music (ex. Music Radio, Melody FM, Radio Agios)",wiki+radio-browser,Europe/Athens,False,
GR,Camara,,Thessaloniki,Thessaloniki,,Music,Electronic / Dance,Greek,None,Unknown,https://n06.radiojar.com/252ry9dgytzuv?rj-ttl=5&rj-tok=AAABeKi3emcATmr2vFF6A41gwQ,MP3,,Working,114,http://resources.live24.gr/resources/images/stations/48677bd9-c5db-4f55-aed3-e65af6bd4a66.jpg,"tags: deep house,ethnic house,house,tech house",radio-browser,Europe/Athens,False,
GR,Chroma FM,,Thessaloniki,Thessaloniki,105.8,Music,Greek music,Greek,None,No,,,,No stream found,0,,"Greek éntekhno and foreign music from eighties (ex. Mousikos Galaxias 105,8 fm)",wiki-only,Europe/Athens,False,
GR,City International,,Thessaloniki,Thessaloniki,,News & Talk,News & Talk,Greek,None,Unknown,http://radio.lancom.gr:8012/stream5,MP3,128,Working,31,,"tags: alternative,jazz,news,pop,rock,swing,talk",radio-browser,Europe/Athens,False,
GR,City of Primo 106.1,,Thessaloniki,Thessaloniki,,Sports,Sports,Greek,None,Unknown,http://radio.lancom.gr:8014/stream6,MP3,64,Working,70,,"tags: music,news,sport",radio-browser,Europe/Athens,False,
GR,City Radio 106.1,City 106.1,Thessaloniki,Thessaloniki,106.1,News & Talk,News & Talk,Greek,None,No,https://cast4.my-control-panel.com/proxy/anastas2/stream,MP3,160,Working,127,https://www.radio984.gr/favicon.ico,News and talk (ex. City of Primo and City International),curated+radio-browser,Europe/Athens,False,
GR,Classic 9.87,,Thessaloniki,Thessaloniki,98.7,Music,Pop,Greek,None,No,,,,No stream found,0,,Foreign pop music from 80's and 90's (ex. Athlitika Nea),wiki-only,Europe/Athens,False,
GR,Club 107.4fm,,Thessaloniki,Internet-only,,Other,Other,Greek,None,Yes,,,,No stream found,0,,Entertainment,wiki-only,Europe/Athens,False,
GR,Club FM GR,,Thessaloniki,Thessaloniki,,Music,Electronic / Dance,Greek,None,Unknown,https://stream-32.zeno.fm/z8cp1nqwhnruv?zs=sUtan8GnTDGarEqChfudfg&acu-uid=727435602967&triton-uid=cookie%3A83ca5b14-582e-4c12-a5ab-255cdb39e2cb,MP3,192,Working,225,https://zeno.fm/_next/image/?url=https%3A%2F%2Fimages.zeno.fm%2F1_VuaWf-x0NqMtgdnI3cfYNddylU1cHVFL_pnISaw3o%2Frs%3Afit%3A240%3A240%2Fg%3Ace%3A0%3A0%2FaHR0cHM6Ly9zdHJlYW0tdG9vbHMuemVub21lZGlhLmNvbS9jb250ZW50L3N0YXRpb25zL2FneHpmbnBsYm04dGMzUmhkSE55TWdzU0NrRjFkR2hEYkdsbGJuUVlnSURnZ2FQcW9nc01DeElPVTNSaGRHbHZibEJ5YjJacGJHVVlnSURnd1pLNzlRb01vZ0VFZW1WdWJ3L2ltYWdlLz9yZXNpemU9MjQweDI0MCZ1cGRhdGVkPTE2NjIwNDc2MTMwMDA.webp&w=1920&q=75,"tags: dark progressive,electronica,progressive house,progressive trance,techno",radio-browser,Europe/Athens,False,
GR,Cool 106.5fm,,Thessaloniki,Internet-only,,Music,Electronic / Dance,Greek,None,Yes,http://solid1.streamupsolutions.com:11004/coolfmnet?type=http&nocache=1258317,MP3,192,Working,24,,Entertainment,wiki+radio-browser,Europe/Athens,False,
GR,Cosmoradio 95.1,Cosmoradio 95.1,Thessaloniki,Thessaloniki,95.1,Music,Greek pop,Greek,None,No,http://eco.onestreaming.com:8689/,MP3,128,Working,1081,,Greek pop music; located from Thessaloniki,curated+radio-browser,Europe/Athens,False,
GR,DREAMER,,Thessaloniki,Thessaloniki,,Other,Other,English,None,Unknown,https://cast1.asurahosting.com/proxy/ermis/stream,MP3,192,Working,1,,"tags: chillout,epic,lounge,new age,soundtracks",radio-browser,Europe/Athens,False,
GR,Entropia Web,,Thessaloniki,Internet-only,,Other,Other,Greek,None,Yes,https://radio.hostchefs.net/proxy/entropiaradio?mp=/stream,MP3,128,Working,15,http://resources.live24.gr/resources/images/stations/84f27b61-b288-41b7-b1d8-e3918079086b.png,Entertainment,wiki+radio-browser,Europe/Athens,False,
GR,Eroticos FM 9.48,Eroticos 94.8,Thessaloniki,Thessaloniki,94.8,Music,Éntekhno,Greek,None,No,,,,No stream found,0,,Greek éntekhno music (ex. Thessaloniki Radio Days),curated,Europe/Athens,False,
GR,Fishbone,,Thessaloniki,Thessaloniki,,Other,Other,Greek,None,Unknown,http://icepool.silvacast.com/DEFJAY.mp3,MP3,128,Working,22,http://resources.live24.gr/resources/images/stations/aff99e31-9f82-431a-81e9-da8f672c73b3.png,"tags: hiphop,r & b,reggae",radio-browser,Europe/Athens,False,
GR,Flash 99.4,Flash 99.4,Thessaloniki,Thessaloniki,99.4,News & Talk,News & Talk + Greek pop,Greek,None,No,https://netradio.live24.gr/flash994thes,MP3,128,Working,1,https://resources.live24.gr/resources/images/stations/369f5b3c-7b1f-46e4-ba43-4d83ffc779ac.png,News and talk with Greek pop music; located from Thessaloniki,curated+radio-browser,Europe/Athens,False,
GR,FLY 104 Salonica,FLY 104,Thessaloniki,Thessaloniki,104.0,Music,Dance,Greek,None,No,https://imagine2.radioca.st/;,MP3,128,Working,212,https://fly104.gr/images/folder/logos/mobile-logos/logomobile.png,"Foreign dance music (ex. Rythmos, Banana, Kanali 104 & TOP FM)",curated+radio-browser,Europe/Athens,False,
GR,FM 100 Δημοτικό Ραδιόφωνο Θεσσαλονίκης,,Thessaloniki,Thessaloniki,,News & Talk,News & Talk + Music,Greek,None,Unknown,https://panel.gwebstream.com/stream/fm100skg/stream,MP3,128,Working,0,https://resources.live24.gr/resources/images/stations/c95bfa47-b7ce-480d-b89d-ca1cc4e6528d.png,"tags: greek music,municipal,news,news talk",radio-browser,Europe/Athens,False,
GR,FM 100.6 Δημοτικό Ραδιόφωνο Θεσσαλονίκης,,Thessaloniki,Thessaloniki,,Music,Mixed music,Greek,None,Unknown,https://panel.gwebstream.com/stream/fm1006stream/stream,MP3,128,Working,1,https://resources.live24.gr/resources/images/stations/585d666f-618c-40fc-b454-1108f000780d.png,"tags: culture,municipal,music",radio-browser,Europe/Athens,False,
GR,Focus FM 103.6,Focus 103.6,Thessaloniki,Thessaloniki,103.6,News & Talk,News & Talk,Greek,None,No,https://ice.greekstream.net/focusfm,MP3,128,Working,75,,"News and talk (ex. Studio 3 – formerly broadcast on 103.5, 103.4)",curated+radio-browser,Europe/Athens,False,
GR,Fresh Salad,,Thessaloniki,Thessaloniki,,Music,Greek music,Greek,None,Unknown,http://178.33.135.246:5262/stream,MP3,128,Working,18,https://www.fresh961.gr/wp-content/uploads/2021/05/cropped-logo-180x180.png,"tags: greek,mainstream,pop",radio-browser,Europe/Athens,False,
GR,Galaxy Music Acoustic Music,,Thessaloniki,Thessaloniki,,Other,Other,Greek,None,Unknown,https://stream-40.zeno.fm/wcp3bwwtruhvv?zs=o5FFtsz8Q3SjjkhpOzbelg,MP3,128,Working,36,https://www.wix.com/favicon.ico,tags: ,radio-browser,Europe/Athens,False,
GR,Galaxy Music Chillout & Lounge,,Thessaloniki,Thessaloniki,,Other,Other,Greek,None,Unknown,https://stream-50.zeno.fm/kn8byvtb6uhvv?zs=VA1nby_MTFC8RxrEYdOJaw,AAC,64,Working,105,https://www.wix.com/favicon.ico,tags: ,radio-browser,Europe/Athens,False,
GR,Galaxy Music Greek Mix,,Thessaloniki,Thessaloniki,,Other,Other,Greek,None,Unknown,https://stream-55.zeno.fm/ahwwv9myuxhvv?zs=CH4AwVsLSIG5lRqwzwM_Dw,MP3,192,Working,92,https://www.wix.com/favicon.ico,tags: ,radio-browser,Europe/Athens,False,
GR,Galaxy Music Soft Acoustic Music,,Thessaloniki,Thessaloniki,,Other,Other,Greek,None,Unknown,https://stream-50.zeno.fm/6s35tuptxc9uv?zs=81qRShQoSyS3VZbppEdQ7Q,MP3,192,Working,103,https://www.wix.com/favicon.ico,tags: ,radio-browser,Europe/Athens,False,
GR,Galaxy Music The 80's Channel,,Thessaloniki,Thessaloniki,,Other,Other,Greek,None,Unknown,https://stream-64.zeno.fm/af9c5urm9rhvv?zs=-NEmCk3BQmKHGHnPxbYrZg,MP3,192,Working,83,https://www.wix.com/favicon.ico,tags: ,radio-browser,Europe/Athens,False,
GR,Galaxy Music The Blues Rock,,Thessaloniki,Thessaloniki,,Other,Other,Greek,None,Unknown,https://stream-43.zeno.fm/g261akwwnuhvv?zs=IItfS4p6Ts-fl350XL4uqQ,MP3,128,Working,106,https://www.wix.com/favicon.ico,tags: ,radio-browser,Europe/Athens,False,
GR,Galaxy Music The Deep House,,Thessaloniki,Thessaloniki,,Other,Other,Greek,None,Unknown,https://stream-51.zeno.fm/sgehc2mzwd0uv?zs=DutBe-m5Sz6waLQy8l8ejg,MP3,192,Working,895,https://www.wix.com/favicon.ico,tags: ,radio-browser,Europe/Athens,False,
GR,Galaxy Music The Love Songs,,Thessaloniki,Thessaloniki,,Other,Other,Greek,None,Unknown,https://stream-40.zeno.fm/718bfqy5muhvv?zs=CeIL1d5-Q9y1zBcvtH9iQw,MP3,128,Working,56,https://www.wix.com/favicon.ico,tags: ,radio-browser,Europe/Athens,False,
GR,Galaxy Music The Rock,,Thessaloniki,Thessaloniki,,Other,Other,Greek,None,Unknown,https://stream-55.zeno.fm/qs656ttnfuhvv?zs=XZT0cVKtSJOweEnV6NKbjg,MP3,192,Working,28,https://www.wix.com/favicon.ico,tags: ,radio-browser,Europe/Athens,False,
GR,Galaxy Music The Rock Metal Ballads,,Thessaloniki,Thessaloniki,,Other,Other,Greek,None,Unknown,https://stream-52.zeno.fm/fe300c1tpuhvv?zs=ecFJNTpkQXKgNdGJebEOUQ,MP3,128,Working,254,https://www.wix.com/favicon.ico,tags: ,radio-browser,Europe/Athens,False,
GR,Gnomi FM,,Thessaloniki,Thessaloniki,93.7,News & Talk,News & Talk + Music,Greek,None,No,http://ice.greekstream.net/gnomi,MP3,160,Working,1,,"News, talk and Greek pop music; located from Thessaloniki",wiki+radio-browser,Europe/Athens,False,
GR,Ianos Radio,,Thessaloniki,Internet-only,,Music,Mixed music,Greek,None,Yes,https://radio.streamings.gr/proxy/feelmusic2021?mp=/stream,MP3,256,Working,2,https://resources.live24.gr/resources/images/stations/63f405d7-8808-40f3-b529-137c57a16396.png,Entertainment,wiki+radio-browser,Europe/Athens,False,
GR,"Imagine 897 Thessaloniki,gr ",,Thessaloniki,Thessaloniki,,Music,Rock / Alternative,Greek,None,Unknown,https://imagine897.radioca.st/stream,MP3,128,Working,808,https://www.imagine897.gr/images/IMAGINE897.jpg,"tags: internathional,pop,rock",radio-browser,Europe/Athens,False,
GR,"Imagine FM 89,7",Imagine 89.7,Thessaloniki,Thessaloniki,89.7,Music,Soul / Funk / Pop,Greek,None,No,https://imagine897.radioca.st/stream,MP3,128,Working,31,https://www.imagine897.gr/images/folder/logos/mobile-logos/logomobile.png,"Foreign soul, funk, pop and rock music (ex. Studio 5)",curated+radio-browser,Europe/Athens,False,
GR,Karamela FM 92.3,,Thessaloniki,Thessaloniki,92.3,Music,Greek pop,Greek,None,No,https://netradio.live24.gr/924fm-thess,MP3,128,Working,145,,"Greek music (formerly broadcast on 92.4 – ex. Ekfrasi, Radio Kivotos)",wiki+radio-browser,Europe/Athens,False,
GR,Laikos FM 87.6,Λαϊκός 87.6,Thessaloniki,Thessaloniki,87.6,Music,Greek laïkó,Greek,None,No,http://netradio.live24.gr/laikos876,MP3,128,Working,4791,https://www.laikos.gr/templates/bt_medical/favicon.ico,"Greek music (ex. Eroticos Forever, Kiss FM)",curated+radio-browser,Europe/Athens,False,
GR,Lelevose Pontos,Λελέβοσε Πόντος 101.3,Thessaloniki,Thessaloniki,101.3,Music,Pontic traditional,Greek,None,No,http://168.119.74.185:9652/stream,MP3,96,Working,113,,Pontic Greeks traditional music; relays of the namesake radio station of Kavala,curated+radio-browser,Europe/Athens,False,
GR,Libero 107.4 FM,,Thessaloniki,Thessaloniki-Notia Macedonia,,Sports,Sports,Greek,None,Unknown,https://radio.libero.fm:10770/live?178383342258,MP3,64,Working,44,https://cdn-profiles.tunein.com/s78742/images/logog.png?t=1,tags: sports news,radio-browser,Europe/Athens,False,
GR,Love 106.5,,Thessaloniki,Internet-only,,Music,Pop / Hits,Greek,None,Yes,http://solid1.streamupsolutions.com:24929/stream,MP3,192,Working,57,https://loveradio882.gr/wp-content/uploads/2019/10/Love882_logo2.png,Entertainment,wiki+radio-browser,Europe/Athens,False,
GR,Lydia Philippisia,Λυδία η Φιλιππησία 94.2,Thessaloniki,Thessaloniki,94.2,Religious,Orthodox religious,Greek,None,No,,,,No stream found,0,,Orthodox religious radio station (formerly broadcast on 94),curated,Europe/Athens,False,
GR,Macedonia 102 FM (ERT3),102 FM (ΕΡΤ3),Thessaloniki,National,102.0,Public,News & Talk,Greek,State,No,https://radiostreaming.ert.gr/ert-102fm,,,Working,0,,ERT3 first programme from Thessaloniki,curated,Europe/Athens,False,
GR,Makedonia 88Miso,Makedonia 88Miso,Thessaloniki,Thessaloniki,88.5,Music,Soul / Jazz / Pop,Greek,None,No,https://solid33.streamupsolutions.com/proxy/sxxaojkx?mp=/stream,MP3,192,Working,40,https://resources.live24.gr/resources/images/stations/93b86ea3-f84e-438d-b232-27ccabc597db.png,"Foreign soul, jazz, pop and rock music; located from Thessaloniki",curated+radio-browser,Europe/Athens,False,
GR,Melodia 98 FM,Μελωδία 98 (Θεσ/νίκη),Thessaloniki,Thessaloniki,98.0,Music,Greek music,Greek,None,No,,,,No stream found,0,,Relays Melodia 99.2 Athens,curated,Europe/Athens,False,
GR,Minore Radio 96.1,,Thessaloniki,Thessaloniki,96.1,Music,Greek music,Greek,None,No,https://cast4.my-control-panel.com/proxy/anastas2/stream,MP3,160,Working,127,https://www.radio984.gr/favicon.ico,"Greek music (ex. Fresh Radio, Fresh Salad, Fair Play, Next, Mylos Radio, S'Agapo)",wiki+radio-browser,Europe/Athens,False,
GR,Monkey Bros,,Thessaloniki,Thessaloniki,,Music,Jazz / Soul,Greek,None,Unknown,http://n01.radiojar.com/5tyqrwpgpfeuv?rj-ttl=5&rj-tok=AAABeL13ku4Ae8jgeSRH6aWTyA,MP3,,Working,66,,"tags: afrobeats,reggae,soul",radio-browser,Europe/Athens,False,
GR,Mood Web Radio,,Thessaloniki,Internet-only,,Other,Other,Greek,None,Yes,https://cast4.my-control-panel.com/proxy/anastas2/stream,MP3,160,Working,127,https://www.radio984.gr/favicon.ico,Entertainment,wiki+radio-browser,Europe/Athens,False,
GR,More Radio 103,,Thessaloniki,Internet-only,,Music,Oldies / 80s-90s,Greek,None,Yes,http://s3.onweb.gr:8814/;,MP3,256,Working,101,http://resources.live24.gr/resources/images/stations/aeb10c36-ed7d-4645-a308-bd213a7ed860.jpg,Entertainment,wiki+radio-browser,Europe/Athens,False,
GR,Mythos FM,,Thessaloniki,Thessaloniki,93.4,Music,Rock / Alternative,Greek,None,No,,,,No stream found,0,,"Greek éntekhno music (ex. Sto Kokkino, Procka, Mythos FM)",wiki-only,Europe/Athens,False,
GR,Nitro Thessaloniki,,Thessaloniki,Internet-only,,Music,Electronic / Dance,Greek,None,Yes,https://politismedia-sec.live24.gr/streameepride,AAC+,128,Working,17,https://nitro986.gr/wp-content/uploads/2025/11/cropped-896-logo-1.png,Entertainment,wiki+radio-browser,Europe/Athens,False,
GR,Notes Web Radio,,Thessaloniki,Internet-only,,Other,Other,Greek,None,Yes,https://cast4.my-control-panel.com/proxy/anastas2/stream,MP3,160,Working,127,https://www.radio984.gr/favicon.ico,Entertainment,wiki+radio-browser,Europe/Athens,False,
GR,Nowhere,,Thessaloniki,Thessaloniki,,Music,Jazz / Soul,Greek,None,Unknown,http://i.streams.ovh:9364/stream,MP3,128,Working,32,https://radionw.gr/favicon.ico,"tags: blues,electronica,rock,soul",radio-browser,Europe/Athens,False,
GR,Off Salonica,,Thessaloniki,Internet-only,,Other,Other,Greek,None,Yes,,,,No stream found,0,,Entertainment,wiki-only,Europe/Athens,False,
GR,Old Radio,,Thessaloniki,Internet-only,,Other,Other,Greek,None,Yes,https://cast4.my-control-panel.com/proxy/anastas2/stream,MP3,160,Working,127,https://www.radio984.gr/favicon.ico,Entertainment,wiki+radio-browser,Europe/Athens,False,
GR,Orthodox Presence,Ορθόδοξη Παρουσία 106.8,Thessaloniki,Thessaloniki,106.8,Religious,Orthodox religious,Greek,None,No,https://sh.onweb.gr/8546/stream,MP3,96,Working,1,https://onradio.gr/wp-content/uploads/2020/04/ORT-FM-1.png,Relays Ecclesia FM 89.5 Athens,curated+radio-browser,Europe/Athens,False,
GR,Paidaki FM,,Thessaloniki,Thessaloniki,,Other,Other,Greek,None,Unknown,https://paidaki975.radioca.st/stream?type=http&nocache=9025,MP3,128,Working,4,,tags: ,radio-browser,Europe/Athens,False,
GR,Palmos FM 96.5,,Thessaloniki,Thessaloniki,96.5,News & Talk,News & Talk + Music,Greek,None,No,http://ice.streamcloud.mediacdn.com/palmos983,MP3,128,Working,41,http://resources.live24.gr/resources/images/stations/44c7a23d-53b3-41ce-a2fa-f839c6c63387.png,"Greek and foreign music (ex. Alpha Radio, Alpha Polis, Alpha News, Radio Kronos)",wiki+radio-browser,Europe/Athens,False,
GR,Panorama 9.84,,Thessaloniki,Thessaloniki,98.4,Music,Rock / Alternative,Greek,None,No,https://netradio.live24.gr/orama1017,MP3,96,Working,1,https://resources.live24.gr/resources/images/stations/7f6faefa-6756-4b35-859b-d068242dff3f.png,Greek pop and rock music; located from Thessaloniki,wiki+radio-browser,Europe/Athens,False,
GR,Plus 102.6,,Thessaloniki,Thessaloniki,,Music,Pop,Greek,None,Unknown,http://eco.onestreaming.com:8039/streamexternal%20stream%20link,MP3,128,Working,26,https://plusradio.gr/images/folder/favicon.ico,tags: pop music,radio-browser,Europe/Athens,False,
GR,Plus Radio 102.6,Plus 102.6,Thessaloniki,Thessaloniki,102.6,Music,Foreign pop,Greek,None,No,http://eco.onestreaming.com:8039/,MP3,128,Working,938,http://plusradio.gr/images/folder/favicon.ico,Foreign pop music (ex. Melody Maker and Kalamaria Children),curated+radio-browser,Europe/Athens,False,
GR,Praktoreio FM,Πρακτορείο 104.9,Thessaloniki,Thessaloniki,104.9,News & Talk,News (APE-MPE),Greek,None,No,,,,No stream found,0,,Run by Athens-Macedonian News Agency + TIF,curated,Europe/Athens,False,
GR,PRAKTORIO F.M.,,Thessaloniki,Thessaloniki,,Other,Other,Greek,None,Unknown,http://s3.onweb.gr:8436/;,MP3,64,Working,49,http://www.praktoreiofm.gr/favicon.ico,tags: ,radio-browser,Europe/Athens,False,
GR,Radio 1,,Thessaloniki,Thessaloniki,99.0,Music,Rock / Alternative,Greek,None,No,http://s3.onweb.gr:8814/;,MP3,256,Working,101,http://resources.live24.gr/resources/images/stations/aeb10c36-ed7d-4645-a308-bd213a7ed860.jpg,"Greek laïko, pop and rock music; located from Thessaloniki",wiki+radio-browser,Europe/Athens,False,
GR,"Radio Agapi 88,3",Ράδιο Αγάπη 88.3,Thessaloniki,Thessaloniki,88.3,Music,Greek laïkó / Rebetiko,Greek,None,No,https://cast4.my-control-panel.com/proxy/anastas2/stream,MP3,160,Working,127,https://www.radio984.gr/favicon.ico,Greek laïko and rebetiko music (daily broadcast 10:00 to 14:00),curated+radio-browser,Europe/Athens,False,
GR,Radio Ekrixi,,Thessaloniki,Thessaloniki,99.8,Sports,Sports,Greek,None,No,https://cast4.my-control-panel.com/proxy/anastas2/stream,MP3,160,Working,127,https://www.radio984.gr/favicon.ico,Sports and talk with Greek laïko and rebetiko; located from Evosmos,wiki+radio-browser,Europe/Athens,False,
GR,Radio Fantasy,,Thessaloniki,Internet-only,,Other,Other,Greek,None,Yes,https://cast4.my-control-panel.com/proxy/anastas2/stream,MP3,160,Working,127,https://www.radio984.gr/favicon.ico,Entertainment,wiki+radio-browser,Europe/Athens,False,
GR,Radio Live FM,,Thessaloniki,Thessaloniki,98.6,Music,Greek music,Greek,None,No,https://cast4.my-control-panel.com/proxy/anastas2/stream,MP3,160,Working,127,https://www.radio984.gr/favicon.ico,Greek and foreign pop music; located from Asprovalta,wiki+radio-browser,Europe/Athens,False,
GR,Radio Paidaki,Ράδιο Παιδάκι 97.5,Thessaloniki,Thessaloniki,97.5,Music,Children,Greek,None,No,https://cast4.my-control-panel.com/proxy/anastas2/stream,MP3,160,Working,127,https://www.radio984.gr/favicon.ico,"Children's music (ex. Easy FM, Antenna Radio Thessaloniki)",curated+radio-browser,Europe/Athens,False,
GR,Radio Thessaloniki,Radio Θεσσαλονίκη 94.5,Thessaloniki,Thessaloniki,94.5,News & Talk,News & Talk,Greek,Right,No,https://cast4.my-control-panel.com/proxy/anastas2/stream,MP3,160,Working,127,https://www.radio984.gr/favicon.ico,Rebroadcasts Real FM 97.8 Athens,curated+radio-browser,Europe/Athens,False,
GR,Rainbow 89,,Thessaloniki,Thessaloniki,,Music,Rock / Alternative,Greek,None,Unknown,http://n0e.radiojar.com/083wqknmsuhvv?rj-ttl=5&rj-tok=AAABhHgFMdoAMjpYSw5BtqF9Zg,MP3,,Working,1352,http://resources.live24.gr/resources/images/stations/6a29d644-eaca-4282-89b1-468d4504cf65.png,"tags: oldies,pop,rock",radio-browser,Europe/Athens,False,
GR,Rainbow 89 Alternative,,Thessaloniki,Thessaloniki,,Other,Other,Greek,None,Unknown,https://n0c.radiojar.com/vhknc3c8ktuvv?rj-ttl=5&rj-tok=AAABjW_ZdaoAXabhOqjfpH7GNg,MP3,,Working,63,https://resources.live24.gr/resources/images/stations/6a29d644-eaca-4282-89b1-468d4504cf65.png,tags: ,radio-browser,Europe/Athens,False,
GR,Rainbow 89 Christmas,,Thessaloniki,Thessaloniki,,Religious,Religious,Greek,None,Unknown,http://stream.radiojar.com/4nwwcyesv8hvv,MP3,,Working,10,,"tags: christmas,christmas music,christmas songs,pop",radio-browser,Europe/Athens,False,
GR,Rainbow 89 Pop,,Thessaloniki,Thessaloniki,,Other,Other,Greek,None,Unknown,https://n05.radiojar.com/ztqh29c8ktuvv?rj-ttl=5&rj-tok=AAABjW_eWdoAP4LPpPaNlupsMA,MP3,,Working,135,https://resources.live24.gr/resources/images/stations/6a29d644-eaca-4282-89b1-468d4504cf65.png,tags: ,radio-browser,Europe/Athens,False,
GR,Rainbow 89 Μπλε,,Thessaloniki,Thessaloniki,,Music,Greek music,Greek,None,Unknown,https://n06.radiojar.com/akf7zea5kzuvv?rj-ttl=5&rj-tok=AAABjW_i2S8Az6X2ujnqoLooNA,MP3,,Working,25,https://resources.live24.gr/resources/images/stations/6a29d644-eaca-4282-89b1-468d4504cf65.png,tags: greek music,radio-browser,Europe/Athens,False,
GR,Republic 100.3,,Thessaloniki,Internet-only,,Music,Jazz / Soul,Greek,None,Yes,https://netradio.live24.gr/republicthess,MP3,128,Working,19,https://resources.live24.gr/resources/images/stations/548cc5b1-bf78-4b02-8f88-54af327d9916.png,Entertainment,wiki+radio-browser,Europe/Athens,False,
GR,Rock Lab Web,,Thessaloniki,Internet-only,,Music,Rock / Alternative,Greek,None,Yes,https://s9.yesstreaming.net:2199/proxy/anyhowmo/stream,MP3,128,Down,23,https://resources.live24.gr/resources/images/stations/cbdce89d-dc5d-45cd-9b97-6ef014c134e2.png,Entertainment,wiki+radio-browser,Europe/Athens,False,
GR,Rock Radio 104.7,Rock Radio 104.7,Thessaloniki,Thessaloniki,104.7,Music,Rock,Greek,None,No,https://cast4.my-control-panel.com/proxy/anastas2/stream,MP3,160,Working,127,https://www.radio984.gr/favicon.ico,"Foreign rock music (ex. Music Information, Jeronimo Groovy, Radio Koufalia)",curated+radio-browser,Europe/Athens,False,
GR,Rockarolla,,Thessaloniki,Internet-only,,Music,Rock / Alternative,Greek,None,Yes,https://s9.yesstreaming.net:2199/proxy/anyhowmo/stream,MP3,128,Down,23,https://resources.live24.gr/resources/images/stations/cbdce89d-dc5d-45cd-9b97-6ef014c134e2.png,Entertainment,wiki+radio-browser,Europe/Athens,False,
GR,"RSO 91,7",,Thessaloniki,Thessaloniki,91.7,Music,Rock / Alternative,Greek,None,No,https://rso917greece.radioca.st/;,MP3,128,Working,9,https://resources.live24.gr/resources/images/stations/33705328-6c67-48e2-ba75-a385a317c175.png,Foreign pop and rock music; located from Pylaia,wiki+radio-browser,Europe/Athens,False,
GR,RSO 91.7 Thessaloniki,,Thessaloniki,Thessaloniki,,Music,Greek music,Greek,None,Unknown,http://tachyon.shoutca.st:8594/stream,MP3,128,Working,599,http://www.rso.gr/templates/gk_hotel/images/touch-device.png,"tags: greek,pop,thessaloniki",radio-browser,Europe/Athens,False,
GR,Salonica Fresh,,Thessaloniki,Internet-only,,Music,Pop,Greek,None,Yes,http://178.33.135.244:3062/stream,MP3,128,Working,11,,Entertainment,wiki+radio-browser,Europe/Athens,False,
GR,Sarothron Radio,,Thessaloniki,Internet-only,,Other,Other,Greek,None,Yes,https://cast4.my-control-panel.com/proxy/anastas2/stream,MP3,160,Working,127,https://www.radio984.gr/favicon.ico,Entertainment,wiki+radio-browser,Europe/Athens,False,
GR,Shook Radio 104.4,,Thessaloniki,Thessaloniki,104.4,Music,Rock / Alternative,Greek,None,No,https://cast4.my-control-panel.com/proxy/anastas2/stream,MP3,160,Working,127,https://www.radio984.gr/favicon.ico,Foreign pop and rock music from 80's and 90's (ex. Radiokymata 104.4),wiki+radio-browser,Europe/Athens,False,
GR,Simple Web Radio,,Thessaloniki,Internet-only,,Other,Other,Greek,None,Yes,https://cast4.my-control-panel.com/proxy/anastas2/stream,MP3,160,Working,127,https://www.radio984.gr/favicon.ico,Entertainment,wiki+radio-browser,Europe/Athens,False,
GR,SKYLINE THESSALONIKI ,,Thessaloniki,Thessaloniki,,Music,Electronic / Dance,"Deutch,English,Greek",None,Unknown,https://a10.asurahosting.com:8140/radio.mp3,MP3,192,Working,8,https://skyline-thessaloniki.com/logos/logo.jpg,"tags: afro house,ambient and relaxation music,chillout,chillout+lounge,dance,electronic,house",radio-browser,Europe/Athens,False,
GR,Smooth Web Radio,,Thessaloniki,Internet-only,,Other,Other,Greek,None,Yes,https://cast4.my-control-panel.com/proxy/anastas2/stream,MP3,160,Working,127,https://www.radio984.gr/favicon.ico,Entertainment,wiki+radio-browser,Europe/Athens,False,
GR,Sohos FM 88.7,,Thessaloniki,Thessaloniki,88.7,Music,Greek laïkó,Greek,None,No,http://212.95.45.82:32032/stream,MP3,128,Working,149,,"Greek éntekhno, laïko and rebetiko music; located from Sochos",wiki+radio-browser,Europe/Athens,False,
GR,Splash 108 FM,,Thessaloniki,Internet-only,,Other,Other,Greek,None,Yes,,,,No stream found,0,,Entertainment,wiki-only,Europe/Athens,False,
GR,Status FM 107.7,Status 107.7,Thessaloniki,Thessaloniki,107.7,News & Talk,News & Talk,Greek,Center-Right,No,https://loki.mental-media.gr/proxy/statusf1?mp=/stream:8000/;stream/1,MP3,128,Working,96,http://resources.live24.gr/resources/images/stations/3753356a-ebb0-4ba6-b5b7-633ffce756c1.jpg,Rebroadcasts Skai 100.3 Athens,curated+radio-browser,Europe/Athens,False,
GR,"Sto Mauve 91,4",,Thessaloniki,Internet-only,,Other,Other,Greek,None,Yes,,,,No stream found,0,,Entertainment,wiki-only,Europe/Athens,False,
GR,Studio 110,,Thessaloniki,Internet-only,,Music,Traditional / Folk,Greek,None,Yes,http://s3.onweb.gr:8872/;,MP3,128,Working,105,http://resources.live24.gr/resources/images/stations/ddeaa37c-c245-4c97-bd18-a7aefede445e.png,Entertainment,wiki+radio-browser,Europe/Athens,False,
GR,Studio 3,,Thessaloniki,Internet-only,,Other,Other,Greek,None,Yes,,,,No stream found,0,,Entertainment,wiki-only,Europe/Athens,False,
GR,Super FM 101,,Thessaloniki,Internet-only,,Music,Pop / Hits,Greek,None,Yes,http://dione.shoutca.st:8530/;?1644228381005,MP3,192,Working,88,http://resources.live24.gr/resources/images/stations/7211bd9b-8e7a-421f-8404-e29d6070621d.png,Entertainment,wiki+radio-browser,Europe/Athens,False,
GR,Thita Radio 107.1,,Thessaloniki,Thessaloniki,107.1,News & Talk,News & Talk + Music,Greek,None,No,https://cast4.my-control-panel.com/proxy/anastas2/stream,MP3,160,Working,127,https://www.radio984.gr/favicon.ico,"News, talk and foreign music (ex. Music Radio, Ellinikos, Real FM, Safari)",wiki+radio-browser,Europe/Athens,False,
GR,Tivoli,,Thessaloniki,Thessaloniki,,Other,Other,Greek,None,Unknown,https://radio.streamings.gr/proxy/yellownewstream?mp=/stream,MP3,192,Working,0,,tags: ,radio-browser,Europe/Athens,False,
GR,To Pikap,,Thessaloniki,Thessaloniki,,Other,Other,Greek,None,Unknown,http://comet.shoutca.st:8430/live?1513679743968,MP3,192,Working,17,https://www.topikap.gr/favicon.ico,tags: ,radio-browser,Europe/Athens,False,
GR,Transistor FM,,Thessaloniki,Thessaloniki,100.3,Music,Rock / Alternative,Greek,None,No,,,,No stream found,0,,Greek pop and rock music (ex. Republic 100.3 and Planet Radio Thessaloniki),wiki-only,Europe/Athens,False,
GR,Velvet Ballads 96.8,,Thessaloniki,Thessaloniki,,Other,Other,Greek,None,Unknown,https://metromedia.live24.gr/velvetbaladsthess,MP3,128,Working,5,https://radiodune.com/api/logos/96_8_velvet_fm___ballads_web.jpg,tags: ballads,radio-browser,Europe/Athens,False,
GR,Velvet Radio,,Thessaloniki,Thessaloniki,96.8,Music,Rock / Alternative,Greek,None,No,https://cast4.my-control-panel.com/proxy/anastas2/stream,MP3,160,Working,127,https://www.radio984.gr/favicon.ico,"Foreign pop and rock music (ex. Dallas, Melodikos FM, Radio Chalastra)",wiki+radio-browser,Europe/Athens,False,
GR,Velvet Rock 96.8,,Thessaloniki,Thessaloniki,,Music,Rock / Alternative,Greek,None,Unknown,https://metromedia.live24.gr/velvetrockthess,MP3,128,Working,3,https://radiodune.com/api/logos/96_8_velvet_fm___rock_web.jpg,tags: rock,radio-browser,Europe/Athens,False,
GR,VFM 91.1,,Thessaloniki,Thessaloniki,91.1,Music,Rock / Alternative,Greek,None,No,,,,No stream found,0,,"Foreign pop and rock music (ex. Venus FM, Radio Odysseia – Stathmos)",wiki-only,Europe/Athens,False,
GR,Vorras Radio,,Thessaloniki,Internet-only,,Other,Other,Greek,None,Yes,https://cast4.my-control-panel.com/proxy/anastas2/stream,MP3,160,Working,127,https://www.radio984.gr/favicon.ico,Entertainment,wiki+radio-browser,Europe/Athens,False,
GR,We Radio 89.4,,Thessaloniki,Thessaloniki,89.4,Music,Pop / Hits,Greek,None,No,https://radio.1055rock.gr:32667/live,MP3,128,Working,2,https://resources.live24.gr/resources/images/stations/b4d7fa92-e97d-45a4-abfe-d23114dbc18a.png,"Foreign music (ex. Arena, DeeJay, Lampsi, Gramophone)",wiki+radio-browser,Europe/Athens,False,
GR,XROMA 105.8,,Thessaloniki,Thessaloniki,,Other,Other,Greek,None,Unknown,http://hroma1058thess.live24.gr/hroma1058thess,MP3,128,Working,113,,tags: ,radio-browser,Europe/Athens,False,
GR,Yellow Radio 101.7,Yellow 101.7,Thessaloniki,Thessaloniki,101.7,Sports,Sports & Talk,Greek,None,No,https://cast4.my-control-panel.com/proxy/anastas2/stream,MP3,160,Working,127,https://www.radio984.gr/favicon.ico,"Sports, news and talk (ex. Kalamaria FM, Sindos Radio and Fresh Radio)",curated+radio-browser,Europe/Athens,False,
GR,Zeppelin 106.7,Zeppelin 106.7,Thessaloniki,National,106.7,Public,Rock / Heavy metal,Greek,State,No,https://radiostreaming.ert.gr/ert-zeppelin,,,Working,0,,ERT3 rock/metal station (studio in Thessaloniki),curated,Europe/Athens,False,
GR,Zoo 90.8,,Thessaloniki,Thessaloniki,,Music,Electronic / Dance,Greek,None,Unknown,https://netradio.live24.gr/zoo908thess,MP3,192,Working,106,,"tags: mainstream,pop dance",radio-browser,Europe/Athens,False,
GR,ZOO New Hits,,Thessaloniki,Thessaloniki,,Other,Other,Greek,None,Unknown,https://metromedia.live24.gr/zoohitsthess,MP3,128,Working,34,http://resources.live24.gr/resources/images/stations/afccc27a-370a-42e8-81f3-c7d0c405c88b.png,tags: ,radio-browser,Europe/Athens,False,
GR,ZOO Radio 90.8,ZOO 90.8,Thessaloniki,Thessaloniki,90.8,Music,Foreign pop / rock,Greek,None,No,https://cast4.my-control-panel.com/proxy/anastas2/stream,MP3,160,Working,127,https://www.radio984.gr/favicon.ico,"Foreign pop and rock music (ex. Kiss FM Thessaloniki, Mousikes Epiloges)",curated+radio-browser,Europe/Athens,False,
GR,ZOO RnB,,Thessaloniki,Thessaloniki,,Other,Other,Greek,None,Unknown,https://metromedia.live24.gr/zoornbthess,MP3,128,Working,44,http://resources.live24.gr/resources/images/stations/bc46997b-856c-46f8-b04f-faae97ccec92.png,tags: ,radio-browser,Europe/Athens,False,
GR,Άξενος,,Thessaloniki,Thessaloniki,,Music,Traditional / Folk,Greek,None,Unknown,https://s14.myradiostream.com/29172/listen.mp3,MP3,192,Working,20,,"tags: greek,pontos,traditional",radio-browser,Europe/Athens,False,
GR,Ακρίτες,,Thessaloniki,Thessaloniki,,Music,Traditional / Folk,Greek,None,Unknown,http://akritespontou.live24.gr/akritespontou,MP3,128,Working,20,,"tags: greek,pontos,traditional",radio-browser,Europe/Athens,False,
GR,Γνώμη 93.7,,Thessaloniki,Thessaloniki,,News & Talk,News & Talk + Music,Greek,None,Unknown,https://ice.greekstream.net/gnomi,MP3,160,Working,20,https://liveonlineradio.net/wp-content/uploads/2012/09/radio-gnomi-937-1.jpg,"tags: greek music,news",radio-browser,Europe/Athens,False,
GR,Ερωτικός 94.8,,Thessaloniki,Thessaloniki,,Other,Other,Greek,None,Unknown,http://eu1.fastcast4u.com:21624/stream,MP3,128,Working,252,,tags: slow,radio-browser,Europe/Athens,False,
GR,Ερωτικός FM 94.8,,Thessaloniki,Thessaloniki,,Music,Greek music,Greek,None,Unknown,https://eu1.fastcast4u.com/proxy/nmarog01,MP3,128,Working,155,https://www.eroticos.gr/favicon.ico,tags: greek,radio-browser,Europe/Athens,False,
GR,"Λαϊκός 87,6",,Thessaloniki,Thessaloniki,,Other,Other,Greek,None,Unknown,http://derti.live24.gr/laikos876,MP3,128,Working,1368,,tags: ,radio-browser,Europe/Athens,False,
GR,Λυδία 94.2,,Thessaloniki,Thessaloniki,,Religious,Religious,Greek,None,Unknown,http://eu1.radiolydia.com:1086/stream,MP3,128,Working,21,https://resources.live24.gr/resources/images/stations/32467e44-f554-4493-9c40-64bc44e070fb.png,tags: orthodox christian,radio-browser,Europe/Athens,False,
GR,Μελωδία Θεσσαλονίκης 98,,Thessaloniki,Thessaloniki,,Music,Greek music,Greek,None,Unknown,https://netradio.live24.gr/north98thess,MP3,128,Working,197,https://live24.gr/resrc/styles/custom-popups/melodia98/melodia98-Thess-logo.png,tags: greek music,radio-browser,Europe/Athens,False,
GR,Μύθος 93.4,,Thessaloniki,Thessaloniki,,Music,Greek music,Greek,None,Unknown,https://stream.mythosradio.gr/listen/mythos/radio.mp3,MP3,192,Working,1,https://encrypted-tbn0.gstatic.com/images?q=tbn:ANd9GcQ_vxqSypp0DL3YjplX4Ia5iM5QDOo0Gj80Vw&s,tags: greek music,radio-browser,Europe/Athens,False,
GR,Ορθόδοξη Παρουσία 106.8,,Thessaloniki,Thessaloniki,,Religious,Religious,Greek,None,Unknown,https://panel.gwebstream.com/stream/imlagada/stream,MP3,128,Working,4,https://resources.live24.gr/resources/images/stations/221df493-b08c-46e1-9975-51aedf6d7809.jpg,"tags: orthodox christian,religion",radio-browser,Europe/Athens,False,
GR,Πανόραμα 98.4,,Thessaloniki,Thessaloniki,,Music,Greek pop,Greek,None,Unknown,http://netradio.live24.gr/panorama984,MP3,128,Working,1,https://live24.gr/resrc/styles/custom-popups/panorama/images/logo-panorama-new.png,"tags: greek pop,mainstream",radio-browser,Europe/Athens,False,
GR,Παύλος Βασιλείου Live,,Thessaloniki,Thessaloniki,,Music,Greek music,Greek,None,Unknown,https://azuracast.streams.gr/listen/paulosvasileioulive/radio.mp3,MP3,128,Working,141,https://resources.live24.gr/resources/images/stations/54b14e4a-60ae-40cc-a173-62806932b6b9.png,tags: greek music,radio-browser,Europe/Athens,False,
GR,Πρακτορείο,,Thessaloniki,Thessaloniki,,News & Talk,News & Talk + Music,Greek,None,Unknown,https://sh.onweb.gr:7048/;,MP3,64,Working,12,,"tags: mna,music,news,talk",radio-browser,Europe/Athens,False,
GR,Ράδιο Θεσσαλονίκη 94.5 FM,,Thessaloniki,Thessaloniki,,Other,Other,Greek,None,Unknown,https://eu7.fastcast4u.com/proxy/nmarog02?mp=/1,MP3,128,Working,52,,tags: ,radio-browser,Europe/Athens,False,
GR,Σάρωθρον,,Thessaloniki,Thessaloniki,,Music,Greek music,Greek,None,Unknown,https://radios.studio110.eu/radio/8010/radio.mp3,MP3,128,Working,2,https://cdn.e-radio.gr/logos/gr/big/radiosarothron.jpg,tags: greek music,radio-browser,Europe/Athens,False,
GR,"Στο Κόκκινο ΘΕΣΣΑΛΟΝΙΚΗ 91,4 FM",,Thessaloniki,Thessaloniki,,Other,Other,Greek,None,Unknown,http://n09.radiojar.com/275p8ssmb?rj-ttl=5&rj-tok=AAABe5KoPq0A-SETCU2cfsnBjA,MP3,,Working,149,https://resources.live24.gr/resources/images/stations/06116ad4-8934-436e-922d-b799c057598e.png,"tags: guevarista,left wing,radical",radio-browser,Europe/Athens,False,
GR,Τρανζίστορ 100.3,,Thessaloniki,Thessaloniki,,Music,Greek pop,Greek,None,Unknown,https://metromedia.live24.gr/tranzistor1003thess,MP3,128,Working,44,https://tranzistor1003.gr/wp-content/uploads/2022/06/cropped-android-chrome-512x512-1-180x180.png,"tags: greek pop,mainstream",radio-browser,Europe/Athens,False,
GR,"Χρώμα 105,8 Θεσσαλονίκη",,Thessaloniki,Thessaloniki,,Other,Other,Greek,None,Unknown,https://hroma1058thess.live24.gr/hroma1058thess,MP3,128,Working,202,https://hroma.gr/wp-content/uploads/2021/12/hroma-1058-thessaloniki-removebg-preview.png,tags: ,radio-browser,Europe/Athens,False,
GR,Merakia.Gr,,Thessaly,Thessaly,,Other,Other,Greek,None,Unknown,https://stream.zeno.fm/r4k1wdsshkhvv,AAC,128,Working,10,https://zeno.fm/static/icons/apple-icon-120x120.png,tags: ,radio-browser,Europe/Athens,False,
GR,Yolo 102.1,,Thiva,Thiva,,Music,Greek music,Greek,None,Unknown,http://netradio.live24.gr/yoloradio,MP3,128,Working,21,,"tags: greek,mainstream,pop",radio-browser,Europe/Athens,False,
GR,Θήβα 97.5,,Thiva,Thiva,,News & Talk,News & Talk,Greek,None,Unknown,https://streaming.sbzsystems.com/proxy/radiothiva/stream/,MP3,80,Working,3,https://resources.live24.gr/resources/images/stations/4e0df87a-b08a-4f17-a192-98d8199dbac6.png,"tags: greek folk,news talk",radio-browser,Europe/Athens,False,
GR,Agios Oikoumenios,,Trikala,Thessaly,102.0,Religious,Religious,Greek,None,No,,,,No stream found,0,,"Religious radio; rebroadcasting with _Ecclesia 89,5_",wiki-only,Europe/Athens,False,
GR,Anemos Thessalia,,Trikala,Thessaly,92.0,Music,Greek laïkó,Greek,None,No,https://solid48.streamupsolutions.com/proxy/vqdawvmf/stream;,MP3,128,Working,13,https://resources.live24.gr/resources/images/stations/b5e8fd37-e180-44fa-a54d-e7095c4d30dc.png,Greek laïko and rebetiko music (ex. Trikala Music Channel 1),wiki+radio-browser,Europe/Athens,False,
GR,Deep Studio,,Trikala,Internet-only,,Other,Other,Greek,None,Yes,,,,No stream found,0,,Entertainment,wiki-only,Europe/Athens,False,
GR,Easy FM Thessalia,,Trikala,Thessaly,105.3,Music,Rock / Alternative,Greek,None,No,https://stream.radiojar.com/cthtwxk5yvduv.mp3,MP3,0,Working,2457,,Foreign music; rebroadcasting with _Easy 97.2 Athens_,wiki+radio-browser,Europe/Athens,False,
GR,Laikos FM Trikala,,Trikala,Thessaly,88.0,Music,Greek laïkó,Greek,None,No,http://sp2.streams.ovh:8106/;stream,MP3,128,Working,2,https://www.laikosradio.gr/laikosfm_logo.gif,"Greek laïko; rebroadcasting with _Laikos 105,7 of Larissa_",wiki+radio-browser,Europe/Athens,False,
GR,Merakia,,Trikala,Trikala,,Music,Traditional / Folk,Greek,None,Unknown,https://stream-57.zeno.fm/r4k1wdsshkhvv?zs=1oZXErYwSLei_qvBzZxyag&acu-uid=727435602967&triton-uid=cookie%3A83ca5b14-582e-4c12-a5ab-255cdb39e2cb,AAC,128,Working,87,https://zeno.fm/favicon.ico,"tags: greek folk,greek traditional",radio-browser,Europe/Athens,False,
GR,Meteora FM 90.3,,Trikala,Thessaly,90.3,News & Talk,News & Talk + Music,Greek,None,No,,,,No stream found,0,,"News and Greek music; rebroadcasting with _Real 97,8 Athens_",wiki-only,Europe/Athens,False,
GR,Oixalia ,,Trikala,Trikala,,Other,Other,Greek,None,Unknown,https://uk1.streamingpulse.com/ssl/ChristianityRadio,MP3,64,Working,9,http://www.radioixalia.gr/templates/as002066free/images/logo.png,"tags: pentecostalism,religion",radio-browser,Europe/Athens,False,
GR,Paranomos,,Trikala,Trikala,,Music,Traditional / Folk,Greek,None,Unknown,https://stream-57.zeno.fm/ycvstp7s8hhvv?zs=V7Hd7pSnRDOrBfONi7Zoyw,MP3,128,Working,13,http://resources.live24.gr/resources/images/stations/28522f90-5084-411d-98ed-11298d6e49d8.jpg,"tags: greek folk,greek pop,mainstream",radio-browser,Europe/Athens,False,
GR,"Radio Stagon 87,6",,Trikala,Thessaly,87.6,News & Talk,News & Talk,Greek,None,No,https://cast4.my-control-panel.com/proxy/anastas2/stream,MP3,160,Working,127,https://www.radio984.gr/favicon.ico,News and talk; rebroadcasting with _Skai 100.3 Athens_,wiki+radio-browser,Europe/Athens,False,
GR,Radio Trikala 103.5,,Trikala,Thessaly,103.5,Music,Greek laïkó,Greek,None,No,https://cast4.my-control-panel.com/proxy/anastas2/stream,MP3,160,Working,127,https://www.radio984.gr/favicon.ico,Greek laïko and rebetiko music; located from Trikala,wiki+radio-browser,Europe/Athens,False,
GR,Stournaraiika FM,,Trikala,Thessaly,95.5,Music,Greek laïkó,Greek,None,No,,,,No stream found,0,,Amateur radio station with Greek laïko and rebetiko music,wiki-only,Europe/Athens,False,
GR,Zygos FM Trikala,,Trikala,Thessaly,100.0,News & Talk,News & Talk,Greek,None,No,,,,No stream found,0,,News and talk; rebroadcasting with _Parapolitika FM_,wiki-only,Europe/Athens,False,
GR,Άγιος Οικουμένιος 102,,Trikala,Trikala (Greece),,Religious,Religious,Greek,None,Unknown,http://s5.onweb.gr:8508/,MP3,96,Working,171,,"tags: ecclesia,greek,orthodox christian,orthodoxy,ιερά μητρόπολις,ορθοδοξία",radio-browser,Europe/Athens,False,
GR,Άνεμος 92,,Trikala,Trikala,,Music,Traditional / Folk,Greek,None,Unknown,http://s4.onweb.gr:8842/;,MP3,128,Working,78,http://www.anemos92.gr/favicon.ico,"tags: folk,greek",radio-browser,Europe/Athens,False,
GR,Ζυγός Τρίκαλα,,Trikala,Trikala,,News & Talk,News & Talk,Greek,None,Unknown,http://zygos.onweb.gr:8870/;,MP3,128,Working,9,https://www.facebook.com/favicon.ico,"tags: greek,news,pop,talk",radio-browser,Europe/Athens,False,
GR,Ι.Μ. Τρίκκης Γαρδικίου και Πύλης 102,,Trikala,Trikala,,Religious,Religious,Greek,None,Unknown,http://s5.onweb.gr:8508/;,MP3,96,Working,44,http://resources.live24.gr/resources/images/stations/c452fdf8-141d-47f2-b240-ae49f3acf345.jpg,"tags: orthodox christian,religion",radio-browser,Europe/Athens,False,
GR,Λαϊκός 88,,Trikala,Trikala,,Music,Traditional / Folk,Greek,None,Unknown,http://sp2.streams.ovh:8098/stream?type=http&nocache=556,MP3,128,Working,36,http://resources.live24.gr/resources/images/stations/8b09884f-91dc-4c4f-af64-ae06a43c054f.gif,tags: greek folk music,radio-browser,Europe/Athens,False,
GR,Μελωδία 106.8,,Trikala,Trikala,,Music,Greek music,Greek,None,Unknown,http://eu5.fastcast4u.com:5020/stream,MP3,128,Working,33,,"tags: greek,pop",radio-browser,Europe/Athens,False,
GR,Μετέωρα 90.3,,Trikala,Trikala,,Music,Greek music,Greek,None,Unknown,http://s1.onweb.gr:8834/stream?type=http&nocache=18995,MP3,96,Working,14,,"tags: greek,mainstream,pop",radio-browser,Europe/Athens,False,
GR,Ρυθμός 89.2,,Trikala,Trikala,,Music,Greek music,Greek,None,Unknown,http://s4.onweb.gr:8892/stream?type=http&nocache=136101,MP3,192,Working,1421,http://resources.live24.gr/resources/images/stations/c6d7573c-7187-4b33-8d98-cd336145612b.jpg,"tags: greek,mainstream,pop",radio-browser,Europe/Athens,False,
GR,Στουρναραίικα 92.5,,Trikala,Trikala,,Music,Traditional / Folk,Greek,None,Unknown,https://i8.streams.ovh/sc/radiostournareika/stream,MP3,192,Working,35,,"tags: folk,greek",radio-browser,Europe/Athens,False,
GR,Τρίκαλα,,Trikala,Trikala,,News & Talk,News & Talk,Greek,None,Unknown,http://s6.onweb.gr:8004/;,MP3,128,Working,16,https://el-gr.facebook.com/favicon.ico,"tags: folk,greek,news,pop,talk",radio-browser,Europe/Athens,False,
GR,99.7 Δίαυλος 1,,Tripoli,Tripoli,,Other,Other,Greek,None,Unknown,http://stream.kncdn.net:7512/1/?1671793270131,MP3,128,Working,10,,"tags: pentecostalism,religion",radio-browser,Europe/Athens,False,
GR,Arcadia Τρίπολη,,Tripoli,Tripoli,,News & Talk,News & Talk,Greek,None,Unknown,https://n01.radiojar.com/g34k4f92n74tv?rj-ttl=5&rj-tok=AAABePYsSwQAd5jwm_Rp-BQitw,MP3,,Working,9,http://resources.live24.gr/resources/images/stations/fd272f1c-b1b6-4f59-bfcb-02cf69a5df6e.png,"tags: greek,news,pop,talk",radio-browser,Europe/Athens,False,
GR,Diva 106.1,,Tripoli,Tripoli,,Music,Greek music,Greek,None,Unknown,http://divafm.yourstreaming.gr:9996/;,MP3,320,Working,20,,"tags: greek,mainstream,pop",radio-browser,Europe/Athens,False,
GR,ERT Tripolis,ΕΡΤ Τρίπολης,Tripoli,the Peloponnese,101.5,Public,News & Talk,Greek,State,No,https://radiostreaming.ert.gr/ert-tripoli,,,Working,0,,News and talk; Local station of Greek state radio,curated,Europe/Athens,False,
GR,"Velika 9,22",,Velika,Internet-only,,Other,Other,Greek,None,Yes,,,,No stream found,0,,Entertainment,wiki-only,Europe/Athens,False,
GR,Παύλειος Λόγος 90.2,,Veria,Veria,,Religious,Religious,Greek,None,Unknown,http://eco.onestreaming.com:8548/;,MP3,96,Working,58,,tags: orthodox christian,radio-browser,Europe/Athens,False,
GR,101 Rock Fthiotida,,Viotia,Central Greece,101.0,Music,Rock / Alternative,Greek,None,No,https://neos.win:59261/stream,MP3,128,Working,30,http://resources.live24.gr/resources/images/stations/d3c8bcf5-ac4f-483c-8236-57f4086fe402.png,Foreign rock music; rebroadcasts _1055 Rock Thessaloniki_,wiki+radio-browser,Europe/Athens,False,
GR,Blackman Athens,,Viotia,Central Greece,87.6,Music,Greek music,Greek,None,No,,,,No stream found,0,,"Greek music (formerly on 103.1, 103.2, 103.3 & 104.9)",wiki-only,Europe/Athens,False,
GR,City 92 Livadia,,Viotia,Central Greece,92.0,Music,Mixed music,Greek,None,No,https://radio.lancom.gr:9012/stream5?1700927157379,MP3,128,Working,57,https://www.city1061.gr/images/full-window/CITY1061_LOGO_ORANGE_TRANSPARENT_NEGATIVE.png,Foreign music; rebroadcasting with _En Lefko 87.7_,wiki+radio-browser,Europe/Athens,False,
GR,Lychnos FM,,Viotia,Central Greece,92.7,Religious,Religious,Greek,None,No,,,,No stream found,0,,"Religious radio; rebroadcasting with _Christianity 104,3_",wiki-only,Europe/Athens,False,
GR,Mega Radio,,Viotia,Central Greece,98.2,Music,Traditional / Folk,Greek,None,No,https://cast4.my-control-panel.com/proxy/anastas2/stream,MP3,160,Working,127,https://www.radio984.gr/favicon.ico,Greek traditional music; located from Livadeia,wiki+radio-browser,Europe/Athens,False,
GR,Radio Distomo,,Viotia,Central Greece,106.1,Music,Greek music,Greek,None,No,https://cast4.my-control-panel.com/proxy/anastas2/stream,MP3,160,Working,127,https://www.radio984.gr/favicon.ico,Greek and foreign music; located from Distomo,wiki+radio-browser,Europe/Athens,False,
GR,Radio Enosi,,Viotia,Central Greece,97.3,News & Talk,News & Talk,Greek,None,No,https://cast4.my-control-panel.com/proxy/anastas2/stream,MP3,160,Working,127,https://www.radio984.gr/favicon.ico,News and talk; rebroadcasting with _ERT Open_,wiki+radio-browser,Europe/Athens,False,
GR,"Radio Thiva 9,75",,Viotia,Central Greece,97.5,News & Talk,News & Talk,Greek,None,No,https://cast4.my-control-panel.com/proxy/anastas2/stream,MP3,160,Working,127,https://www.radio984.gr/favicon.ico,News and talk; located from Thebes,wiki+radio-browser,Europe/Athens,False,
GR,"Sirius FM 95,8",,Viotia,Central Greece,95.8,News & Talk,News & Talk,Greek,None,No,,,,No stream found,0,,"News and talk; rebroadcasts _Real FM_, _NG Radio_",wiki-only,Europe/Athens,False,
GR,Viotiki Ecclesia,,Viotia,Central Greece,99.2,Religious,Religious,Greek,None,No,,,,No stream found,0,,Religious radio; rebroadcasting with _Peiraiki Ecclesia_,wiki-only,Europe/Athens,False,
GR,X-Radio Livadia,,Viotia,Central Greece,91.3,Music,Rock / Alternative,Greek,None,No,https://cast4.my-control-panel.com/proxy/anastas2/stream,MP3,160,Working,127,https://www.radio984.gr/favicon.ico,Foreign pop and rock music (ex. Viotia TOP 104 FM),wiki+radio-browser,Europe/Athens,False,
GR,"YOLO Radio 102,1",,Viotia,Central Greece,102.1,Music,Greek music,Greek,None,No,https://cast4.my-control-panel.com/proxy/anastas2/stream,MP3,160,Working,127,https://www.radio984.gr/favicon.ico,"Greek and foreign music (ex. Thiva Start FM 102,1 Stereo)",wiki+radio-browser,Europe/Athens,False,
GR,ERT Volos,ΕΡΤ Βόλου,Volos,Thessaly,100.7,Public,News & Talk,Greek,State,No,https://radiostreaming.ert.gr/ert-volos,,,Working,0,,News and talk; Local station of Greek state radio,curated,Europe/Athens,False,
GR,"Katergaris 91,2 fm",,Volos,Internet-only,,Other,Other,Greek,None,Yes,,,,No stream found,0,,Entertainment,wiki-only,Europe/Athens,False,
GR,Kiss 98 ,,Volos,Volos,,Music,Rock / Alternative,Greek,None,Unknown,https://s6.onweb.gr:7029/stream,MP3,128,Working,91,http://resources.live24.gr/resources/images/stations/7d298746-9fdf-4e1d-b1b6-04f77e53cd5d.jpg,"tags: pop,rock",radio-browser,Europe/Athens,False,
GR,Melody Music,,Volos,Internet-only,,Music,Traditional / Folk,Greek,None,Yes,http://sp.streams.ovh/8052/stream,MP3,192,Working,65,,Entertainment,wiki+radio-browser,Europe/Athens,False,
GR,Neo 103.3,,Volos,Volos,,News & Talk,News & Talk,Greek,None,Unknown,https://www.gointernet.gr:7020/stream,MP3,128,Working,6,https://www.thenewspaper.gr/wp-content/uploads/2024/10/455138728_1041206267719231_134104521128688293_n-975x630.jpg,"tags: news talk,pop,rock",radio-browser,Europe/Athens,False,
GR,Nova 106,,Volos,Volos,,Music,Jazz / Soul,Greek,None,Unknown,http://novafm106.media.friktoria.net:8000/novafm106.mp3,MP3,,Working,63,http://resources.live24.gr/resources/images/stations/028ef2a7-2447-44be-995c-221bc9e975be.png,"tags: acid,blues,disco,drum&bass,electro,ethnic,funk,jazz,latin,rock,swing",radio-browser,Europe/Athens,False,
GR,Perfect Web,,Volos,Internet-only,,Other,Other,Greek,None,Yes,,,,No stream found,0,,Entertainment,wiki-only,Europe/Athens,False,
GR,Radio 69,,Volos,Internet-only,,Other,Other,Greek,None,Yes,https://cast4.my-control-panel.com/proxy/anastas2/stream,MP3,160,Working,127,https://www.radio984.gr/favicon.ico,Entertainment,wiki+radio-browser,Europe/Athens,False,
GR,Star 95.3,,Volos,Volos,,Music,Pop / Hits,Greek,None,Unknown,https://solid2.streamupsolutions.com/proxy/starfm953?mp=/;type=mp3&1666625037762,MP3,128,Working,0,https://resources.live24.gr/resources/images/stations/bf7944b6-85ca-4016-8fec-7064ccccbb92.jpg,"tags: mainstream,pop",radio-browser,Europe/Athens,False,
GR,Top 106.4,,Volos,Volos,,Music,Greek music,Greek,None,Unknown,http://s6.onweb.gr:8012/stream?type=http&nocache=231154,MP3,128,Working,75,http://resources.live24.gr/resources/images/stations/582741e3-e96b-4f3a-8bde-8eb92b1d9473.jpg,"tags: greek,mainstream,pop",radio-browser,Europe/Athens,False,
GR,Volos FM 879,,Volos,Internet-only,,News & Talk,News & Talk + Music,Greek,None,Yes,http://www.gointernet.gr:8014/;stream.mp3,MP3,128,Working,10,,Entertainment,wiki+radio-browser,Europe/Athens,False,
GR,Ένα 102.5,,Volos,Volos,,Music,Greek music,Greek,None,Unknown,http://solid55.streamupsolutions.com:32015/stream,MP3,128,Working,5,,tags: greek music,radio-browser,Europe/Athens,False,
GR,Ένα Βόλος,,Volos,Volos,,News & Talk,News & Talk,Greek,None,Unknown,http://solid55.streamupsolutions.com:32015/stream,MP3,128,Working,16,http://www.facebook.com/favicon.ico,"tags: folk,greek,news,pop,talk",radio-browser,Europe/Athens,False,
GR,Βέρα Βόλος,,Volos,Volos,,News & Talk,News & Talk,Greek,None,Unknown,http://www.gointernet.gr:8003/;stream.mp3,MP3,128,Working,27,http://resources.live24.gr/resources/images/stations/fa900466-c9d2-4069-b681-d86cd0321b74.png,"tags: greek,news,pop,talk",radio-browser,Europe/Athens,False,
GR,Βόλος,,Volos,Volos,,News & Talk,News & Talk,Greek,None,Unknown,http://www.gointernet.gr:8014/;stream.mp3,MP3,128,Working,74,,"tags: greek,news,pop,talk",radio-browser,Europe/Athens,False,
GR,Δειλινά 103 FM,,Volos,Volos,,Music,Traditional / Folk,Greek,None,Unknown,https://cast2.radiohost.ovh/dilina103?mp=/stream,MP3,128,Working,28,,tags: greek folk music,radio-browser,Europe/Athens,False,
GR,Ζημιά 96.5,,Volos,Volos,,Music,Traditional / Folk,Greek,None,Unknown,https://www.gointernet.gr:9012/streams,MP3,128,Working,27,,"tags: folk,greek,pop",radio-browser,Europe/Athens,False,
GR,Λάμψη 88.6,,Volos,Volos,,Music,Traditional / Folk,Greek,None,Unknown,http://s6.onweb.gr:8036/stream?type=http&nocache=238878,MP3,128,Working,25,http://resources.live24.gr/resources/images/stations/f91da2ed-1eeb-4a40-862a-88d34b9c46ed.png,"tags: folk,greek,pop",radio-browser,Europe/Athens,False,
GR,Μοναχική Διακονία 87.5,,Volos,Volos,,Religious,Religious,Greek,None,Unknown,http://eco.onestreaming.com:8019/;stream.mp3,MP3,24,Working,382,,"tags: christian,orthodox",radio-browser,Europe/Athens,False,
GR,Ορθόδοξη Μαρτυρία 104,,Volos,Volos,,Religious,Religious,Greek,None,Unknown,http://streamyourdream.org:18042/imd,MP3,128,Working,49,https://orthodoximartyria.blogspot.com/favicon.ico,"tags: christian,orthodox",radio-browser,Europe/Athens,False,
GR,Πήλιο 93.4,,Volos,Volos,,Music,Traditional / Folk,Greek,None,Unknown,http://s3.myradiostream.com:4060/;,MP3,128,Working,56,http://resources.live24.gr/resources/images/stations/850d1106-d489-408b-8f95-98d6ccaa6937.png,"tags: folk,greek",radio-browser,Europe/Athens,False,
GR,Σφαίρα Θεσσαλίας 90.7,,Volos,Volos,,Other,Other,Greek,None,Unknown,http://cast3.radiohost.ovh:8243/stream,MP3,128,Working,5,,tags: ,radio-browser,Europe/Athens,False,
GR,Χρώμα 88.2,,Volos,Volos,,Music,Greek music,Greek,None,Unknown,http://metrovolos882.live24.gr/metrovolos882,MP3,128,Working,13,http://resources.live24.gr/resources/images/stations/3f3df66a-c19e-4e95-8df2-4c2437a55a16.jpg,tags: greek music,radio-browser,Europe/Athens,False,
GR,Μελωδικός 105.7,,Xanhi,Xanhi,,Music,Greek music,Greek,None,Unknown,http://eco.onestreaming.com:8054/;,MP3,128,Working,13,,"tags: greek,pop",radio-browser,Europe/Athens,False,
GR,Diakonia FM 93.8,,Xanthi,Thrace,93.8,Religious,Religious,Greek,None,No,,,,No stream found,0,,Religious station; rebroadcasting with _Ecclesia Athens_,wiki-only,Europe/Athens,False,
GR,Dream FM Xanthi,,Xanthi,Thrace,96.9,Music,Electronic / Dance,Greek,None,No,https://solid41.streamupsolutions.com/proxy/jhhzdwjo?mp=/stream,MP3,320,Working,6,,"Foreign electronica music (ex. Top FM, Democritus Radio)",wiki+radio-browser,Europe/Athens,False,
GR,Erotikos 103 Xanthi,,Xanthi,Thrace,103.0,Music,Greek music,Greek,None,No,,,,No stream found,0,,Greek music (ex. Paradosiakos Lepeniotis),wiki-only,Europe/Athens,False,
GR,"Glenti 101,1",,Xanthi,Thrace,101.1,Music,Greek laïkó,Greek,None,No,,,,No stream found,0,,Greek laïko and rebetiko music (ex. Radio Coral 101),wiki-only,Europe/Athens,False,
GR,Goal 105.1,,Xanthi,Xanthi,,Sports,Sports,Greek,None,Unknown,http://onairmediagroup.live24.gr/goalfm1051xanthi,MP3,160,Working,36,http://resources.live24.gr/resources/images/stations/3fd7c347-9cf8-46ff-a1bb-8b70da3dc905.jpg,"tags: pop,sports news,talk",radio-browser,Europe/Athens,False,
GR,Goal 105.1 Xanthi,,Xanthi,Thrace,105.1,Sports,Sports,Greek,None,No,http://onairmediagroup.live24.gr/goalfm1051xanthi,MP3,160,Working,36,http://resources.live24.gr/resources/images/stations/3fd7c347-9cf8-46ff-a1bb-8b70da3dc905.jpg,Sports; rebroadcasting with _Metropolis FM 95.5_,wiki+radio-browser,Europe/Athens,False,
GR,Kral (King) 100,,Xanthi,Thrace,100.0,Other,Other,Greek,None,No,,,,No stream found,0,,Turkish speaking station; rebroadcasting with _Alpha 98.9 fm_,wiki-only,Europe/Athens,False,
GR,Kral 100,,Xanthi,Xanthi,,Music,Pop,Greek,None,Unknown,https://onairmediagroup.live24.gr/kralfm100xanthi,MP3,160,Working,116,https://resources.live24.gr/resources/images/stations/0e0ff04b-8c02-4183-83e7-4f851879466d.jpg,tags: pop,radio-browser,Europe/Athens,False,
GR,"Legend FM 101,6",,Xanthi,Thrace,101.6,Music,Rock / Alternative,Greek,None,No,https://stream.radiojar.com/gphtvb4env5tv,AAC,0,Working,41,https://www.legend886.gr/casinoly/img/favicon.ico,Foreign rock music (ex. Omega Radio),wiki+radio-browser,Europe/Athens,False,
GR,Life Radio 92.1,,Xanthi,Thrace,92.1,News & Talk,News & Talk + Music,Greek,None,No,https://cast4.my-control-panel.com/proxy/anastas2/stream,MP3,160,Working,127,https://www.radio984.gr/favicon.ico,"News- talk, culture and Greek music; located from Xanthi",wiki+radio-browser,Europe/Athens,False,
GR,Melodikos 105.7,,Xanthi,Thrace,105.7,Music,Greek music,Greek,None,No,,,,No stream found,0,,Greek and foreign music; located from Xanthi,wiki-only,Europe/Athens,False,
GR,Nova 93.1,,Xanthi,Xanthi,,Music,Greek music,Greek,None,Unknown,http://stream-mp3aac.live24.gr/nova931,MP3,256,Working,20,https://novaradio.gr/favicon.ico,"tags: greek,mainstream,pop",radio-browser,Europe/Athens,False,
GR,"Nova Radio 93,1",,Xanthi,Thrace,93.1,News & Talk,News & Talk,Greek,None,No,https://cast4.my-control-panel.com/proxy/anastas2/stream,MP3,160,Working,127,https://www.radio984.gr/favicon.ico,"News and talk; rebroadcasting with _Sfera 102,2 of Athens_",wiki+radio-browser,Europe/Athens,False,
GR,Omorfi Poli,,Xanthi,Thrace,89.9,News & Talk,News & Talk,Greek,None,No,,,,No stream found,0,,"Xanthi municipal news, talk and culture radio station",wiki-only,Europe/Athens,False,
GR,Play 91.5,,Xanthi,Xanthi,,Music,Traditional / Folk,Greek,None,Unknown,http://s6.onweb.gr:8058/stream,MP3,128,Working,28,http://resources.live24.gr/resources/images/stations/7ec1818e-4e3e-4d7e-b4a8-a7271cf626a3.png,"tags: folk,greek,pop",radio-browser,Europe/Athens,False,
GR,"Radio Play 91,5",,Xanthi,Internet-only,,Other,Other,Greek,None,Yes,https://cast4.my-control-panel.com/proxy/anastas2/stream,MP3,160,Working,127,https://www.radio984.gr/favicon.ico,Entertainment,wiki+radio-browser,Europe/Athens,False,
GR,Radio Xanthi 93.5,,Xanthi,Thrace,93.5,News & Talk,News & Talk + Music,Greek,None,No,https://cast4.my-control-panel.com/proxy/anastas2/stream,MP3,160,Working,127,https://www.radio984.gr/favicon.ico,"News- talk, culture and Greek music; located from Xanthi",wiki+radio-browser,Europe/Athens,False,
GR,Star 88.8,,Xanthi,Xanthi,,Music,Traditional / Folk,Greek,None,Unknown,http://onairmediagroup.live24.gr/star888xanthi,MP3,160,Working,405,,"tags: folk,greek,pop",radio-browser,Europe/Athens,False,
GR,Star FM 88.8,,Xanthi,Thrace,88.8,News & Talk,News & Talk + Music,Greek,None,No,https://onairmediagroup.live24.gr/star888xanthi,MP3,160,Working,71,,"News, talk, culture and Greek music (ex. Radio Arvila)",wiki+radio-browser,Europe/Athens,False,
GR,"Sugar FM 105,5",,Xanthi,Thrace,105.5,News & Talk,News & Talk + Music,Greek,None,No,https://onairmediagroup.live24.gr/virus1055xanthi,MP3,160,Working,0,https://sugar1055.gr/Sugar.png,News/ talk; rebroadcasting with _Radio Thessaloniki_,wiki+radio-browser,Europe/Athens,False,
GR,Super 88 Radio,,Xanthi,Thrace,88.0,News & Talk,News & Talk,Greek,None,No,https://cast4.my-control-panel.com/proxy/anastas2/stream,MP3,160,Working,127,https://www.radio984.gr/favicon.ico,"News and talk; rebroadcasting with _Real 97,8 of Athens_",wiki+radio-browser,Europe/Athens,False,
GR,Top 96.9,,Xanthi,Xanthi,,Music,Greek pop,Greek,None,Unknown,https://netradio.live24.gr/topfm969xanthi,MP3,160,Working,11,http://www.facebook.com/favicon.ico,"tags: greek pop,mainstream",radio-browser,Europe/Athens,False,
GR,Underground GR,,Xanthi,Xanthi,,Other,Other,Greek,None,Unknown,https://duthradio.ddns.net:8000/radio.mp3?refresh=1723580064779,MP3,320,Working,9,https://www.undergroundradio.gr/images/logo.png,tags: student radio,radio-browser,Europe/Athens,False,
GR,Velvet Xanthi,,Xanthi,Thrace,98.4,Music,Mixed music,Greek,None,No,http://s10.voscast.com:9942/;,MP3,128,Working,1392,https://velvet968.gr/wp-content/uploads/2021/09/ms-icon-310x310-1-100x100.png,Foreign music; rebroadcasting with _Velvet 968 Thessaloniki_,wiki+radio-browser,Europe/Athens,False,
GR,Virus 105.5,,Xanthi,Xanthi,,Music,Greek pop,Greek,None,Unknown,https://onairmediagroup.live24.gr/virus1055xanthi,MP3,160,Working,12,http://resources.live24.gr/resources/images/stations/71c93f88-7d70-49a9-8cc9-d3eedc6f2b52.jpg,"tags: greek pop,mainstream",radio-browser,Europe/Athens,False,
GR,Xanthi Dee Jay 94.6,,Xanthi,Xanthi,,Music,Electronic / Dance,Greek,None,Unknown,http://onairmediagroup.live24.gr/radiodeejay946xanthi,MP3,160,Working,62,,"tags: electronic,hiphop,pop,rnb,techno",radio-browser,Europe/Athens,False,
GR,Xanthi DeeJay,,Xanthi,Thrace,94.6,Music,Rock / Alternative,Greek,None,No,http://s4.onweb.gr:8470/;,MP3,192,Working,174,,Foreign music; rebroadcasting with _95.2 Athens DeeJay_,wiki+radio-browser,Europe/Athens,False,
GR,Γλέντι 101.1,,Xanthi,Xanthi,,Music,Traditional / Folk,Greek,None,Unknown,http://onairmediagroup.live24.gr/glenti1011xanthi,MP3,160,Working,702,,"tags: folk,greek",radio-browser,Europe/Athens,False,
GR,Ερωτικός 103,,Xanthi,Xanthi,,Music,Greek music,Greek,None,Unknown,https://onairmediagroup.live24.gr/erotikosxanthi,MP3,160,Working,6,https://resources.live24.gr/resources/images/stations/2a415927-c59c-4200-9026-7be6b0cb7f4b.gif,tags: greek music,radio-browser,Europe/Athens,False,
GR,Ιερά Μητρόπολη Ξάνθης,,Xanthi,Xanthi,,Religious,Religious,Greek,None,Unknown,https://radio.streamings.gr/proxy/imxanthis?mp=/stream,MP3,256,Working,42,https://im-xanthis.gr/favicon.ico,"tags: orthodox christian,religion",radio-browser,Europe/Athens,False,
GR,Ρυθμός 106,,Xanthi,Xanthi,,Music,Greek music,Greek,None,Unknown,http://onairmediagroup.live24.gr/rythmos106xanthi,MP3,160,Working,13,,"tags: greek,mainstream,pop",radio-browser,Europe/Athens,False,
GR,Όμορφη Πόλη 89.9,,Xanthi,Xanthi,,News & Talk,News & Talk + Music,Greek,None,Unknown,https://radio.streamings.gr/proxy/radioxanthis?mp=/stream&1668711454106,MP3,256,Working,3,http://resources.live24.gr/resources/images/stations/0479236a-2e30-4c36-89f6-2a45ed4b5756.png,"tags: greek music,news",radio-browser,Europe/Athens,False,
GR,Magia 104.7,,Xiromero,Xiromero,,Music,Traditional / Folk,Greek,None,Unknown,https://s2.e-resellers.gr/proxy/magiafm1047/stream,MP3,320,Working,2,https://resources.live24.gr/resources/images/stations/3c65b087-cc81-4ffe-82f9-151f69d87fe5.jpg,tags: greek folk,radio-browser,Europe/Athens,False,
GR,Bravo FM 89.6,,Zakynthos,the Ionian islands,89.6,Music,Rock / Alternative,Greek,None,No,https://sp3.streams.ovh/8046/stream,MP3,192,Working,46,https://sp3.streams.ovh/cp/widgets/player/single/images/mp3_cover2.jpg,Greek pop and rock music (ex. Shock Radio Zakynthos),wiki+radio-browser,Europe/Athens,False,
GR,Ermis FM 91.8,,Zakynthos,the Ionian islands,91.8,News & Talk,News & Talk + Music,Greek,None,No,https://streams.upg.gr/ermis,MP3,320,Working,7,https://ermisnews.gr/wp-content/uploads/2020/10/ermis_radio_logo.jpg,News and talk; rebroadcasting with _Skai 100.3_,wiki+radio-browser,Europe/Athens,False,
GR,ERT Zakynthos,ΕΡΤ Ζακύνθου,Zakynthos,the Ionian islands,95.2,Public,News & Culture,Greek,State,No,https://radiostreaming.ert.gr/ert-zakynthos,,,Working,0,,News and talk; Local station of Greek state radio,curated,Europe/Athens,False,
GR,Island Radio,,Zakynthos,the Ionian islands,88.6,Sports,Sports,Greek,None,No,https://cast4.my-control-panel.com/proxy/anastas2/stream,MP3,160,Working,127,https://www.radio984.gr/favicon.ico,"Foreign music; rebroadcasting with _Sport FM 94,6 Athens_",wiki+radio-browser,Europe/Athens,False,
GR,Prisma FM 90.2,,Zakynthos,the Ionian islands,90.2,News & Talk,News & Talk,Greek,None,No,http://eco.onestreaming.com:8414/;,MP3,128,Working,43,,News and talk; rebroadcasting with _Alpha Radio 98.9_,wiki+radio-browser,Europe/Athens,False,
GR,Stigma FM 97.6,,Zakynthos,the Ionian islands,97.6,News & Talk,News & Talk,Greek,None,No,,,,No stream found,0,,News and talk; rebroadcasting with _Parapolitika Radio_,wiki-only,Europe/Athens,False,
GR,Πρίσμα 90.2,,Zakynthos,Zakynthos,,News & Talk,News & Talk + Music,Greek,None,Unknown,https://sonic.streams.ovh/8014/stream%20,MP3,192,Working,17,https://prisma902.gr/wp-content/uploads/2022/12/400-3.jpg,"tags: greek music,news,news talk",radio-browser,Europe/Athens,False,
GR,Ρυθμός 94.3,,Zakynthos,Zakynthos,,Music,Greek music,Greek,None,Unknown,http://eco.onestreaming.com:8217/;,MP3,128,Working,111,,"tags: greek,mainstream,pop",radio-browser,Europe/Athens,False,
GR,Στίγμα 97.6,,Zakynthos,Zakynthos,,Other,Other,Greek,None,Unknown,https://sp3.streams.ovh/8062/stream,MP3,192,Working,9,http://resources.live24.gr/resources/images/stations/b432cf45-5f44-423f-9535-e00fbba88711.png,tags: ,radio-browser,Europe/Athens,False,
GR,Ράδιο Ελπίδα 96.1,,Αλεξανδρούπολις (Greece),Αλεξανδρούπολις (Greece),,Religious,Religious,Greek,None,Unknown,http://eco.onestreaming.com:8564/,MP3,128,Working,142,https://imalex.gr/wp-content/plugins/under-construction-page/themes/images/favicon.png,"tags: byzantine,ecclesia,greek,orthodox christian,orthodoxy,εκκλησία,ιερά μητρόπολις,ορθοδοξία",radio-browser,Europe/Athens,False,
GR,Ράδιο Ελληνικά Ακούσματα,,Αττικής (Νησιά),Αττικής (Νησιά),,Other,Other,Greek,None,Unknown,https://s2.e-resellers.gr/proxy/kviwebradio/stream,MP3,128,Working,2,,tags: ,radio-browser,Europe/Athens,False,
GR,Παύλειος Λόγος - Ι.M.Β.Ν.Κ 90.2,,Βέροια (Greece),Βέροια (Greece),,Religious,Religious,Greek,None,Unknown,http://eco.onestreaming.com:8548/,MP3,96,Working,218,,"tags: byzantine,ecclesia,greek,orthodox christian,orthodoxy,εκκλησία,ιερά μονή,ορθοδοξία",radio-browser,Europe/Athens,False,
GR,Ράδιο Δίφωνο,,Θεσσαλονίκη,Θεσσαλονίκη,,Other,Other,Greek,None,Unknown,https://i4.streams.ovh/sc/difono/stream?1769840900373,MP3,320,Working,4,https://cdn.e-radio.gr/logos/gr/500/RadioDifono.png,tags: ,radio-browser,Europe/Athens,False,
GR,I.M. Καστοριάς 97.9,,Καστοριά,Καστοριά,,Religious,Religious,Greek,None,Unknown,http://eco.onestreaming.com:8498/,MP3,128,Working,240,,"tags: christian,ecclesia,greek,ortodox,ορθοδοξία,χριστιανισμός",radio-browser,Europe/Athens,False,
GR,Ιερά Μονή Παμμεγίστων Ταξιαρχών,,Μαγνησία (Greece),Μαγνησία (Greece),,Religious,Religious,Greek,None,Unknown,http://eco.onestreaming.com:8019/,MP3,24,Working,344,,"tags: christian,greek,monastery,orthodox,ιερά μονή,ορθοδοξία,χριστιανισμός",radio-browser,Europe/Athens,False,
GR,Ράδιο Μάγκας,,Μαρούσι Αττικής,Μαρούσι Αττικής,,Music,Greek laïkó,Greek,None,Unknown,https://solid1.streamupsolutions.com/proxy/cqbyibwg?mp=/stream,MP3,192,Working,0,https://www.radioguide.fm/uploads/images/radiostation/rmptixs6.jpg,tags: παλιά λαϊκά,radio-browser,Europe/Athens,False,
GR,1 News,,—,(unlisted),,Music,Pop,Greek,None,Unknown,https://cast2.radiohost.ovh/onenewsradio?mp=/stream,MP3,128,Working,13,http://resources.live24.gr/resources/images/stations/c19a032b-3df9-4656-8c49-7364f5504214.jpg,tags: pop,radio-browser,Europe/Athens,False,
GR,24.Γνήσιος,,—,(unlisted),,Music,Traditional / Folk,Greek,None,Unknown,https://streamyourdream.org:8138/stream,MP3,128,Working,2,https://www.gnisios.gr/images/favicon.png,tags: greek folk music,radio-browser,Europe/Athens,False,
GR,2MM,,—,(unlisted),,Other,Other,Greek,None,Unknown,http://110.175.9.78:8001/8001,MP3,96,Working,4,,tags: ,radio-browser,Europe/Athens,False,
GR,2o laika,,—,(unlisted),,Other,Other,Greek,None,Unknown,https://radiostreaming.ert.gr/ert-talaika,MP3,256,Working,254,https://www.ertecho.com/wp-content/uploads/2023/08/cropped-ertecho-favicon-180x180.png,tags: ,radio-browser,Europe/Athens,False,
GR,2o ΠΑΡΑΔΟΣΙΑΚΑ,,—,(unlisted),,Music,Traditional / Folk,Greek,None,Unknown,https://radiostreaming.ert.gr/ert-defteroparadosiaka,MP3,256,Working,405,https://www.ertecho.com/wp-content/uploads/2023/08/cropped-ertecho-favicon-180x180.png,tags: folk,radio-browser,Europe/Athens,False,
GR,4Life Greek,,—,(unlisted),,Music,Greek music,Greek,None,Unknown,https://cast.radiohost.ovh:2200/proxy/fourlife1?mp=/stream,MP3,128,Working,19,https://4liferadio.gr/wp-content/uploads/2019/04/baner-gr-player-5-150x150.png,tags: greek music,radio-browser,Europe/Athens,False,
GR,4Life International,,—,(unlisted),,Music,Pop,Greek,None,Unknown,https://cast2.radiohost.ovh:2200/proxy/fourlife2?mp=/stream,MP3,128,Working,8,https://4liferadio.gr/wp-content/uploads/2019/04/int-player-small-150x150.png,tags: pop,radio-browser,Europe/Athens,False,
GR,80smania,,—,(unlisted),,Music,Rock / Alternative,Greek,None,Unknown,http://158.69.114.190:8024/stream,MP3,128,Working,182,http://resources.live24.gr/resources/images/stations/b7f246d3-780f-4969-8d78-d2c1ec563917.png,"tags: 80s,oldies,pop,rock",radio-browser,Europe/Athens,False,
GR,80smania GR,,—,(unlisted),,Music,Oldies / 80s-90s,Greek,None,Unknown,https://solid9.streamupsolutions.com/proxy/glzzkced/streamor,MP3,128,Working,42,https://raw.githubusercontent.com/chalazonihost/freefreehosting/master/80sspot.png,tags: 80s,radio-browser,Europe/Athens,False,
GR,902.gr,,—,(unlisted),,Other,Other,Greek,None,Unknown,https://icecast.902.gr:8001/904,MP3,320,Working,85,https://www.902.gr/sites/all/themes/theme902/logo.gif,tags: ,radio-browser,Europe/Athens,False,
GR,904,,—,(unlisted),,Other,Other,Greek,None,Unknown,http://icecast.902.gr:8000/904,MP3,320,Working,59,,tags: ,radio-browser,Europe/Athens,False,
GR,90s Heaven,,—,(unlisted),,Music,Rock / Alternative,Greek,None,Unknown,https://sp3.streams.ovh/8070/stream,MP3,128,Working,225,http://resources.live24.gr/resources/images/stations/b2c23b2c-1d52-422c-8b84-f2cb172e4a7c.jpg,"tags: 80s,90s,eurodance,greek,house,pop,rap,rnb,rock",radio-browser,Europe/Athens,False,
GR,A48,,—,(unlisted),,Music,Traditional / Folk,Greek,None,Unknown,http://195.154.217.103:8069/stream,MP3,320,Working,22,,"tags: folk,greek,oldies",radio-browser,Europe/Athens,False,
GR,Abdulbasit Abdulsamad,,—,(unlisted),,Other,Other,Arabic,None,Unknown,https://radio.mp3islam.com/listen/abdulbasit/radio.mp3,AAC,64,Working,4,,tags: ,radio-browser,Europe/Athens,False,
GR,Acropol 1242,,—,(unlisted),,Music,Traditional / Folk,Greek,None,Unknown,https://webinternetradio.eu:59373/,MP3,256,Working,40,,tags: greek traditional,radio-browser,Europe/Athens,False,
GR,Amartia ,,—,(unlisted),,Music,Greek pop,Greek,None,Unknown,http://cast.innviweb.com:9030/stream?type=http&nocache=624478,MP3,160,Working,15,http://resources.live24.gr/resources/images/stations/63b1ada8-8dbc-4921-83c5-e8a024a4d037.jpg,"tags: greek pop,mainstream",radio-browser,Europe/Athens,False,
GR,Ant1 Patra,,—,(unlisted),,Other,Other,Greek,None,Unknown,https://netradio.live24.gr/ant1patra1053,MP3,128,Working,6,https://antennapatras.gr/wp-content/uploads/2021/11/image02cp-copy2px-768x299.png,tags: ,radio-browser,Europe/Athens,False,
GR,Antena Aegina,,—,(unlisted),,Music,Traditional / Folk,Greek,None,Unknown,http://i3.streams.ovh:12043/autodj,MP3,320,Working,22,https://www.antenaaegina.com/default_images/icon.png?v=1.04,"tags: folk,greek",radio-browser,Europe/Athens,False,
GR,Athens Noise Rocks,,—,(unlisted),,Music,Rock / Alternative,Greek,None,Unknown,https://radio.athensnoise.rocks/listen/athensnoise.rocks/radio.mp3,MP3,128,Working,128,,"tags: alternative rock,classic hip hop,crust,hardcore,post-hardcore,punk rock,rock,roots reggae,ska punk",radio-browser,Europe/Athens,False,
GR,Backtorave.com - Old School Techno Rave,,—,(unlisted),,Other,Other,Greek,None,Unknown,https://radiospromo.com/listen/tracksaudio.com_-_old_school/radio.mp3,MP3,128,Working,14,https://www.backtorave.com/wp-content/uploads/2025/12/cropped-512x512-1-180x180.png,tags: ,radio-browser,Europe/Athens,False,
GR,Bhasa FM,,—,(unlisted),,Other,Other,Greek,None,Unknown,https://audio.cloudrad.io/32760028/live,MP3,192,Working,18,,tags: ,radio-browser,Europe/Athens,False,
GR,Ble 93.3 Kozani,,—,(unlisted),,Other,Other,Greek,None,Unknown,http://radio.lancom.gr:8006/stream3,MP3,128,Working,4,http://www.ble.fm/images/apple-touch-icon.png,tags: ,radio-browser,Europe/Athens,False,
GR,Bootleg,,—,(unlisted),,Music,Pop,Greek,None,Unknown,http://netradio.live24.gr/bootleg,MP3,128,Working,17,,tags: pop,radio-browser,Europe/Athens,False,
GR,BOREIOS HXOS,,—,(unlisted),,Other,Other,Greek,None,Unknown,http://live.boreioshxos.gr:9126/,MP3,256,Working,7,https://webinternetradio.net/photo/boreioshxos/TN_184268_125178C965F4.jpg,tags: ,radio-browser,Europe/Athens,False,
GR,Bottle O' Groove,,—,(unlisted),,Other,Other,Greek,None,Unknown,http://n06.radiojar.com/n8buhxbsk9duv?rj-ttl=5&rj-tok=AAABeD060SkAnhYCEHekyrYV6g,MP3,,Working,80,https://static.wixstatic.com/media/39db5b_ccab40b8dea442d8af3d91f595ff79b5%7emv2.jpg/v1/fill/w_32%2ch_32%2clg_1%2cusm_0.66_1.00_0.01/39db5b_ccab40b8dea442d8af3d91f595ff79b5%7emv2.jpg,tags: ,radio-browser,Europe/Athens,False,
GR,Cavo Paradiso,,—,(unlisted),,Music,Electronic / Dance,English,None,Unknown,http://s5.onweb.gr:8488/,MP3,128,Working,240,,"tags: deep house,edm,electro,electronic,house,raggaeton,techno,trance,various",radio-browser,Europe/Athens,False,
GR,Chill FM GR,,—,(unlisted),,Music,Electronic / Dance,Greek,None,Unknown,https://stream-61.zeno.fm/p2rk6a1pfg0uv?zs=vzCFMjdPQzq1cC0zehM5Aw&acu-uid=727435602967&triton-uid=cookie%3A83ca5b14-582e-4c12-a5ab-255cdb39e2cb,MP3,192,Working,127,https://zeno.fm/_next/image/?url=https%3A%2F%2Fimages.zeno.fm%2FNIaZb6Abd5aX8bVFB-F7PouqC6x_e2tPDxStauSRC_M%2Frs%3Afit%3A240%3A240%2Fg%3Ace%3A0%3A0%2FaHR0cHM6Ly9zdHJlYW0tdG9vbHMuemVub21lZGlhLmNvbS9jb250ZW50L3N0YXRpb25zL2FneHpmbnBsYm04dGMzUmhkSE55TWdzU0NrRjFkR2hEYkdsbGJuUVlnSURnZ2FQcW9nc01DeElPVTNSaGRHbHZibEJ5YjJacGJHVVlnSURRMXR5U3BBb01vZ0VFZW1WdWJ3L2ltYWdlLz9yZXNpemU9MjQweDI0MCZ1cGRhdGVkPTE2NjE1ODEzNDUwMDA.webp&w=1920&q=75,"tags: downtempo,electronic chill-out,lounge,trip-hop",radio-browser,Europe/Athens,False,
GR,Chillout Tree Pines,,—,(unlisted),,Other,Other,Greek,None,Unknown,http://n0f.radiojar.com/n4dzb3znn3quv.mp3?rj-ttl=5&rj-tok=AAABeKi_TokAUTY4EzBEHHiJzQ,MP3,,Working,997,,"tags: chillout,downtempo,lounge",radio-browser,Europe/Athens,False,
GR,Chillout TreePines ,,—,(unlisted),,Music,Electronic / Dance,Greek,None,Unknown,https://n07.radiojar.com/n4dzb3znn3quv.mp3?rj-ttl=5&rj-tok=AAABhNTTrbwAVrK_m_qtIxI5pQ,MP3,,Working,243,http://resources.live24.gr/resources/images/stations/f86a8c94-2a69-459b-b545-f1e7addd96e6.jpg,"tags: chillout,downtempo,electronic,lounge",radio-browser,Europe/Athens,False,
GR,Chroma 105.8 - Thessaloniki,,—,(unlisted),,Other,Other,Greek,None,Unknown,https://hroma1058thess.live24.gr/hroma1058thess,MP3,128,Working,70,https://hroma.gr/wp-content/uploads/2021/12/hroma-1058-thessaloniki-removebg-preview.png,tags: ,radio-browser,Europe/Athens,False,
GR,City 106.1,,—,(unlisted),,Other,Other,Greek,None,Unknown,https://radio.lancom.gr:9012/stream5?1700927157379,MP3,128,Working,57,https://www.city1061.gr/images/full-window/CITY1061_LOGO_ORANGE_TRANSPARENT_NEGATIVE.png,tags: ,radio-browser,Europe/Athens,False,
GR,Clearjet,,—,(unlisted),,Music,Electronic / Dance,Greek,None,Unknown,http://fra-pioneer01.dedicateware.com:1090/stream,MP3,320,Working,22,http://resources.live24.gr/resources/images/stations/ea900ea9-0186-469e-b1e8-2d271d5254e4.jpg,"tags: acoustic,disco,french,greek,house,italian",radio-browser,Europe/Athens,False,
GR,Dance Wave!,,—,(unlisted),,Music,Electronic / Dance,Greek,None,Unknown,https://dancewave.online/dance.mp3,MP3,128,Working,536,https://dancewave.online/dw_logo.png,tags: club dance electronic house trance,radio-browser,Europe/Athens,False,
GR,Demostream von Streamserver24.com,,—,(unlisted),,Other,Other,Greek,None,Unknown,http://s10.streamingcloud.online:13686/stream,MP3,256,Working,2,https://www.streamserver24.com/lib/assets/img/logo/logo_streamserver24.png,tags: ,radio-browser,Europe/Athens,False,
GR,Diathesh,,—,(unlisted),,Other,Other,Greek,None,Unknown,https://stream-64.zeno.fm/yzgw9e9sua0uv?zs=ceq6i1VjRc2mYulKH5t5Tw&acu-uid=727435602967&triton-uid=cookie%3A83ca5b14-582e-4c12-a5ab-255cdb39e2cb,MP3,128,Working,4,https://zeno.fm/favicon.ico,tags: ,radio-browser,Europe/Athens,False,
GR,Dj Grigoris 306,,—,(unlisted),,Other,Other,Greek,None,Unknown,https://rdst.win:48140/stream,AAC+,128,Working,17,http://resources.live24.gr/resources/images/stations/bc8b833f-27bf-407c-b04c-99a9c616c901.png,tags: ,radio-browser,Europe/Athens,False,
GR,DMST,,—,(unlisted),,Other,Other,Greek,None,Unknown,http://n04.radiojar.com/opa-radio?rj-ttl=5&rj-tok=AAABeKlHl-AAZu5lL1pWJGUkog,MP3,,Working,9,https://issuu.com/apple-touch-icon.png,tags: student radio,radio-browser,Europe/Athens,False,
GR,Downtuned,,—,(unlisted),,Music,Rock / Alternative,Greek,None,Unknown,https://free.rcast.net/62232,MP3,192,Working,47,https://resources.live24.gr/resources/images/stations/3eb06838-7792-43d6-a4a9-c0e5c86d4e88.jpg,tags: rock,radio-browser,Europe/Athens,False,
GR,Dream City,,—,(unlisted),,Music,Pop,"English,Greek",None,Unknown,http://cast.streams.ovh:9362/;stream.mp3,MP3,128,Working,29,https://dreamcity.gr/wp-content/uploads/2023/09/cropped-dc_favico-180x180.png,tags: pop,radio-browser,Europe/Athens,False,
GR,Déftero Laïká,,—,(unlisted),,Other,Other,Greek,None,Unknown,http://radiostreaming.ert.gr/ert-talaika,MP3,256,Working,977,,tags: ,radio-browser,Europe/Athens,False,
GR,Edit GR,,—,(unlisted),,Other,Other,Greek,None,Unknown,https://sc.cast-control.eu:8054/stream,MP3,128,Working,2,,tags: ,radio-browser,Europe/Athens,False,
GR,Elegant,,—,(unlisted),,Music,Rock / Alternative,Greek,None,Unknown,https://servidor16.brlogic.com:8088/live,MP3,128,Working,6,http://resources.live24.gr/resources/images/stations/b8813977-254f-43f6-9fb6-b475ec28bfd0.png,"tags: pop,rock",radio-browser,Europe/Athens,False,
GR,Elium Club,,—,(unlisted),,Music,Rock / Alternative,Greek,None,Unknown,http://streaming.radionomy.com/JamendoLounge,MP3,128,Working,11,http://resources.live24.gr/resources/images/stations/6ee779fd-455c-4ecd-832b-22f7698ef54d.png,"tags: club dance,pop,rock",radio-browser,Europe/Athens,False,
GR,ELLADA SPORTS,,—,(unlisted),,Other,Other,Greek,None,Unknown,https://tls-chrome.live24.gr/3297?http://stream.ellada943.gr:10198/radio.mp3,MP3,320,Working,259,https://www.e-tetradio.gr/img/path/b106202a-fed8-40a0-8e8c-bbc057305f20_image.jpg,tags: ,radio-browser,Europe/Athens,False,
GR,Ellada Sports 94.3 FM,,—,(unlisted),,Sports,Sports,Greek,None,Unknown,https://stream.ellada943.gr:10308/live.ogg,MP3,320,Working,14,https://onradio.gr/wp-content/uploads/2021/09/Ellada-Sports-FM-94.3.jpg,tags: sports talk,radio-browser,Europe/Athens,False,
GR,Ellinadiko FM,,—,(unlisted),,Music,Greek music,Greek,None,Unknown,http://ellinadikofm.gr:8020/stream,MP3,128,Working,42,https://ellinadikofm.gr/wp-content/uploads/2021/10/logo-2-e1635543792780.png,tags: greek music,radio-browser,Europe/Athens,False,
GR,Envy,,—,(unlisted),,Music,Pop / Hits,Greek,None,Unknown,https://i6.streams.ovh:2200/ssl/envyradi?mp=/stream,MP3,192,Working,8,,"tags: mainstream,pop",radio-browser,Europe/Athens,False,
GR,Epsilon,,—,(unlisted),,Music,Traditional / Folk,Greek,None,Unknown,https://webinternetradio.eu:48805/,MP3,256,Working,16,,tags: greek folk,radio-browser,Europe/Athens,False,
GR,ERA Deytero laika,,—,(unlisted),,Other,Other,Greek,None,Unknown,https://radiostreaming.ert.gr/ert-talaika,MP3,256,Working,3,,tags: ,radio-browser,Europe/Athens,False,
GR,Eternal,,—,(unlisted),,Music,Pop,Greek,None,Unknown,http://n04.radiojar.com/su1eg54afzwtv?rj-ttl=5&rj-tok=AAABeK3YzL0AyUMdHHcNo4y0oA,MP3,,Working,10,http://resources.live24.gr/resources/images/stations/438aa998-8fdb-4944-8227-e0c3f8e76f70.png,tags: pop,radio-browser,Europe/Athens,False,
GR,Fahrenheit,,—,(unlisted),,Music,Traditional / Folk,Greek,None,Unknown,http://88.198.70.25:8477/stream,MP3,128,Working,7,,tags: greek folk music,radio-browser,Europe/Athens,False,
GR,Fanos GR,,—,(unlisted),,Other,Other,Greek,None,Unknown,https://sh.onweb.gr:7007/;,MP3,96,Working,5,,tags: ,radio-browser,Europe/Athens,False,
GR,Fidelio Erotica,,—,(unlisted),,Other,Other,Greek,None,Unknown,https://stream-59.zeno.fm/98g6y8a8m5zuv?zs=umdG3XPaRUm8qVwFMWMM3Q&acu-uid=727435602967&triton-uid=cookie%3A83ca5b14-582e-4c12-a5ab-255cdb39e2cb,MP3,128,Working,229,https://zeno.fm/static/icons/apple-icon-120x120.png,tags: ,radio-browser,Europe/Athens,False,
GR,Figaro Discotheque,,—,(unlisted),,Other,Other,Greek,None,Unknown,https://s2.free-shoutcast.com/stream/18148,MP3,320,Working,14,https://figarodisco.odoo.com/web/image/465-9d3163ba/DALL%C2%B7E%202025-01-22%2013.07.42%20-%20A%20vibrant%20and%20dynamic%20design%20representing%20a%20disco%20theme%20with%20a%20red%20and%20black%20color%20palette.%20The%20image%20features%20a%20retro-style%20disco%20ball%20reflecting%20col.webp,"tags: disco,italo disco",radio-browser,Europe/Athens,False,
GR,Flocafe London,,—,(unlisted),,Music,Pop / Hits,English,None,Unknown,http://radio.anim8.gr:1290/stream,MP3,128,Working,17,,tags: hits,radio-browser,Europe/Athens,False,
GR,FM 106.5 GR,,—,(unlisted),,Other,Other,Greek,None,Unknown,https://shoutcast.k-planet.eu/9400/stream;,MP3,192,Working,8,,tags: ,radio-browser,Europe/Athens,False,
GR,Fraoulitsa,,—,(unlisted),,Music,Traditional / Folk,Greek,None,Unknown,https://webinternetradio.eu:59402/,MP3,256,Working,17,https://cbox.im/i/yZ8YF.png,tags: greek folk,radio-browser,Europe/Athens,False,
GR,Freakout,,—,(unlisted),,Music,Rock / Alternative,Greek,None,Unknown,http://192.99.14.191:8004/;stream&nocache=1,MP3,256,Working,17,http://resources.live24.gr/resources/images/stations/e196adb0-debc-46cd-82aa-ac70b31fb984.png,"tags: pop,rock",radio-browser,Europe/Athens,False,
GR,Freespirits Services,,—,(unlisted),,Other,Other,Greek,None,Unknown,https://aphrodite.freespirits.gr:8000/radio.mp3,MP3,192,Working,5,,tags: ,radio-browser,Europe/Athens,False,
GR,"Galaxy 106,1 Patra",,—,(unlisted),,Other,Other,Greek,None,Unknown,https://sh.onweb.gr/8818/stream,MP3,160,Working,10,https://galaxy1061.gr/wp-content/uploads/2016/02/galaxy1061.png,tags: ,radio-browser,Europe/Athens,False,
GR,Gavdos 88.8FM,,—,(unlisted),,Other,Other,Greek,None,Unknown,https://sc2.streamwithq.com:2000/stream/GavdosFm/,MP3,128,Working,42,https://gavdos888.gr/wp-content/uploads/2018/03/gavdosfm888logo.png,tags: ,radio-browser,Europe/Athens,False,
GR,Gemini 949,,—,(unlisted),,Other,Other,Greek,None,Unknown,https://stream-152.zeno.fm/beda1nygec9uv?zs=Ozvj_16xTHS4EXdjJec9cA&acu-uid=839046402730&triton-uid=cookie%3Af3b3361e-d7f7-4761-a933-78dbd8e5afb0,MP3,128,Working,25,https://zeno.fm/favicon.ico,tags: ,radio-browser,Europe/Athens,False,
GR,Grande Rock ,,—,(unlisted),,Other,Other,Greek,None,Unknown,https://stream-54.zeno.fm/8h3fwqrrm9duv?zs=DGCbnSGKQE6KNL0xYGZB1A&acu-uid=727623927764&triton-uid=cookie%3A97417799-0507-444e-aeee-7c56cebe52ac,MP3,128,Working,15,,tags: ,radio-browser,Europe/Athens,False,
GR,Hit Eclectic,,—,(unlisted),,Other,Other,Greek,None,Unknown,http://netradio.live24.gr/bootleg,MP3,128,Working,23,,tags: ,radio-browser,Europe/Athens,False,
GR,Hit Ellinikos,,—,(unlisted),,Music,Greek music,Greek,None,Unknown,https://solid9.streamupsolutions.com/proxy/zvbgdllc?mp=/stream,MP3,128,Working,90,,"tags: greek,mainstream,pop",radio-browser,Europe/Athens,False,
GR,Home 89.1,,—,(unlisted),,Other,Other,Greek,None,Unknown,https://streaming.home891.gr/stream?type=http&nocache=808,MP3,128,Working,3,https://www.home891.gr/media/logo-white-small.png,tags: ,radio-browser,Europe/Athens,False,
GR,http://wz0liw.scahw.com.au/live/backyard-bbq.stream/playlist.m3u8,,—,(unlisted),,Other,Other,Greek,None,Unknown,http://wz0liw.scahw.com.au/live/backyard-bbq.stream/playlist.m3u8,UNKNOWN,,Working,2,,tags: ,radio-browser,Europe/Athens,False,
GR,HXO fm,,—,(unlisted),,Other,Other,Greek,None,Unknown,https://eco.onestreaming.com/proxy/hxofm/stream,MP3,64,Working,4,,tags: ,radio-browser,Europe/Athens,False,
GR,Ikariaki,,—,(unlisted),,News & Talk,News & Talk + Music,Greek,None,Unknown,http://sc2.streamwithq.com:8042/;,MP3,128,Working,24,https://www.ikariaki.gr/wp-content/uploads/2020/11/ikariaki-logo-2020.png,"tags: music,news",radio-browser,Europe/Athens,False,
GR,Imera FM 90.4,,—,(unlisted),,Other,Other,Greek,None,Unknown,http://molonotiradio.gr:8000/molonoti-radio-stream,MP3,320,Working,19,,tags: ,radio-browser,Europe/Athens,False,
GR,Island FM Zakynthos,,—,(unlisted),,Other,Other,Greek,None,Unknown,https://sp3.streams.ovh/cp/links.php?p=8014&m=pls,UNKNOWN,,Working,10,https://sp3.streams.ovh/cp/widgets/player/single/images/mp3_cover2.jpg,tags: ,radio-browser,Europe/Athens,False,
GR,Jackson Palace,,—,(unlisted),,Music,Oldies / 80s-90s,Greek,None,Unknown,https://jacksonspalace.radioca.st/stream?type=http&nocache=220,MP3,128,Working,55,https://jacksonpalace.gr/wp-content/uploads/2021/03/jp-150x150.png,"tags: 70s,80s,90s",radio-browser,Europe/Athens,False,
GR,Jadore,,—,(unlisted),,Music,Pop,Greek,None,Unknown,https://i6.streams.ovh:2200/ssl/jadore?mp=/stream,MP3,320,Working,124,http://resources.live24.gr/resources/images/stations/b0f07a53-2314-4d03-b135-a8b6db00fb2a.jpg,tags: pop,radio-browser,Europe/Athens,False,
GR,Jay,,—,(unlisted),,Music,Electronic / Dance,Greek,None,Unknown,http://s2.e-resellers.gr:8000/stream?type=http&nocache=1555,MP3,160,Working,31,http://resources.live24.gr/resources/images/stations/28e8e5a5-22a9-42ec-8fec-d0e464e5c083.png,tags: dance hits,radio-browser,Europe/Athens,False,
GR,Jockey ,,—,(unlisted),,Music,Pop,Greek,None,Unknown,https://ec4.yesstreaming.net:2135/stream,AAC,192,Working,120,https://cosmopolitanradio.com/favicon.ico,tags: pop,radio-browser,Europe/Athens,False,
GR,Katara,,—,(unlisted),,Music,Pop,Greek,None,Unknown,http://www.katrafm.net:9000/live,AAC+,80,Working,32,https://www.facebook.com/favicon.ico,tags: pop,radio-browser,Europe/Athens,False,
GR,Kokkini Velona,,—,(unlisted),,Music,Oldies / 80s-90s,Greek,None,Unknown,https://radio.streamings.gr/proxy/kokkinos2023?mp=/stream,MP3,256,Working,2,https://resources.live24.gr/resources/images/stations/059549fe-622d-4584-8c42-5b398e6afc80.jpg,tags: oldies,radio-browser,Europe/Athens,False,
GR,Koukla,,—,(unlisted),,Music,Greek pop,Greek,None,Unknown,https://stream-153.zeno.fm/c5jgbgfbh4pvv?zt=eyJhbGciOiJIUzI1NiJ9.eyJzdHJlYW0iOiJjNWpnYmdmYmg0cHZ2IiwiaG9zdCI6InN0cmVhbS0xNTMuemVuby5mbSIsInJ0dGwiOjUsImp0aSI6Ikh0RUxhQTAxVF9TQ1FoOFJyRlpwTUEiLCJpYXQiOjE3MjUwNDQyNDYsImV4cCI6MTcyNTA0NDMwNn0.ZGUJNfrosq5QDdZ4jUrIZ020-EkW8Fopfwn5jUxRHKk,MP3,128,Working,4,https://koukla-radio.blogspot.com/favicon.ico,"tags: greek pop,mainstream",radio-browser,Europe/Athens,False,
GR,Kyklos,,—,(unlisted),,Music,Greek music,Greek,None,Unknown,https://azuracast.streams.ovh/radio/8120/radio.mp3?,MP3,320,Working,40,http://resources.live24.gr/resources/images/stations/bfbbd71a-2ac6-4663-a47d-2189da4fe06b.png,"tags: greek,hiphop",radio-browser,Europe/Athens,False,
GR,Laikofono.gr,,—,(unlisted),,Other,Other,Greek,None,Unknown,https://cast5.magicstreams.gr/sc/laikofono/stream,MP3,192,Working,25,https://laikofono.gr/wp-content/uploads/2021/05/cropped-laikofono-favicon-180x180.png,tags: ,radio-browser,Europe/Athens,False,
GR,Libero FM 107.4,,—,(unlisted),,Other,Other,Greek,None,Unknown,https://radio.libero.fm:10750/live?1697856170939,MP3,64,Working,535,,tags: ,radio-browser,Europe/Athens,False,
GR,LiveFm 97.8,,—,(unlisted),,Other,Other,Greek,None,Unknown,https://s2.e-resellers.gr/proxy/live978/stream,MP3,128,Working,2,https://www.live978.gr/images/coming.png,tags: ,radio-browser,Europe/Athens,False,
GR,loop,,—,(unlisted),,Music,Electronic / Dance,Greek,None,Unknown,http://eu2.fastcast4u.com/proxy/loopradiostation?mp=/;,MP3,128,Working,7,https://fastcast4u.com/player/loopradiostation/_user/logo/l/loopradiostation.png,"tags: deep,melodic,techno",radio-browser,Europe/Athens,False,
GR,Luciano Pavarotti,,—,(unlisted),,Other,Other,English,None,Unknown,http://air.radioart.com/fLuciano_pavarotti.mp3,MP3,96,Working,71,https://www.radioart.com/images/channels/169_pavarotti-600x400.jpg,tags: opera,radio-browser,Europe/Athens,False,
GR,Mavento,,—,(unlisted),,Music,Rock / Alternative,Greek,None,Unknown,https://s12.ssl-stream.com/8024/;,MP3,192,Working,3,https://resources.live24.gr/resources/images/stations/992388d0-3467-42ce-b117-b7604e7ecbcf.png,tags: rock,radio-browser,Europe/Athens,False,
GR,Metal Lab ,,—,(unlisted),,Other,Other,Greek,None,Unknown,https://stream-42.zeno.fm/x7e4uu23dm8uv?zs=p2fXqIYZTZyw7qnWV8s4uQ&acu-uid=727435602967&triton-uid=cookie%3A83ca5b14-582e-4c12-a5ab-255cdb39e2cb,MP3,128,Working,597,https://zeno.fm/favicon.ico,tags: ,radio-browser,Europe/Athens,False,
GR,Metalwar,,—,(unlisted),,Music,Rock / Alternative,Greek,None,Unknown,https://c2.radioboss.fm:8674//stream?type=.mp3,MP3,320,Working,5,,"tags: hard rock,heavy metal,metal",radio-browser,Europe/Athens,False,
GR,Minima,,—,(unlisted),,Other,Other,Greek,None,Unknown,http://62.171.166.54:8010/radio.mp3,MP3,128,Working,23,,tags: misc,radio-browser,Europe/Athens,False,
GR,Mousikotherapia,,—,(unlisted),,Other,Other,Greek,None,Unknown,https://everestcast.streams.ovh:1940/stream,MP3,320,Working,6,,tags: ,radio-browser,Europe/Athens,False,
GR,Music Art Club,,—,(unlisted),,Music,Jazz / Soul,Greek,None,Unknown,https://eu9.fastcast4u.com/proxy/musicart?mp=/1,MP3,128,Working,59,,"tags: jazz,pop",radio-browser,Europe/Athens,False,
GR,Music Corner,,—,(unlisted),,Music,Jazz / Soul,Greek,None,Unknown,https://stream1.468.gr/8010/stream,MP3,320,Working,84,http://musicorneradio.com/wp-content/uploads/2021/04/musicorner-icon.png,"tags: disco,rnb,smooth jazz,soul",radio-browser,Europe/Athens,False,
GR,Music Star GR,,—,(unlisted),,Other,Other,Greek,None,Unknown,https://azura.streams.ovh/radio/8130/radio.mp3,MP3,320,Working,7,https://resources.live24.gr/resources/images/stations/90d11795-f0a7-418e-922a-5cafbefd3901.jpg,tags: ,radio-browser,Europe/Athens,False,
GR,Music Ward,,—,(unlisted),,Music,Rock / Alternative,Greek,None,Unknown,http://n04.radiojar.com/opa-radio?rj-ttl=5&rj-tok=AAABeL2lZi0AP1rw53sYM5PgdA,MP3,,Working,9,,"tags: greek,pop,rock",radio-browser,Europe/Athens,False,
GR,Must Cafe GR,,—,(unlisted),,Music,Jazz / Soul,Greek,None,Unknown,https://stream.radiomustathens.com/must-cafe?app=true&refer=,MP3,192,Working,9,https://app.radiomustathens.com/assets/artwork_must_cafe.png,"tags: pop,soul",radio-browser,Europe/Athens,False,
GR,Must X,,—,(unlisted),,Other,Other,Greek,None,Unknown,https://stream.radiomustathens.com/must-x,MP3,192,Working,4,https://app.radiomustathens.com/assets/artwork_must_x.png,tags: ,radio-browser,Europe/Athens,False,
GR,Oasis FM GR,,—,(unlisted),,Music,Greek pop,Greek,None,Unknown,https://sp3.streams.ovh/8114/stream,MP3,128,Working,15,https://www.oasisfm.gr/img/logo.png,"tags: greek pop,mainstream",radio-browser,Europe/Athens,False,
GR,Oasis GR,,—,(unlisted),,Other,Other,Greek,None,Unknown,https://ams-pioneer02.dedicateware.com:2315/stream?x=1694811989100,MP3,192,Working,6,,tags: ,radio-browser,Europe/Athens,False,
GR,Olouthe,,—,(unlisted),,Music,Traditional / Folk,Greek,None,Unknown,https://webinternetradio.eu:48784/,MP3,256,Working,19,,tags: greek folk,radio-browser,Europe/Athens,False,
GR,Opa,,—,(unlisted),,Music,Greek music,Greek,None,Unknown,https://eu3.fastcast4u.com/proxy/opar?mp=/1,MP3,320,Working,115,,"tags: greek,mainstream,pop",radio-browser,Europe/Athens,False,
GR,Orthodoxia kai Paradosi,,—,(unlisted),,Religious,Religious,Greek,None,Unknown,http://radio.lts-group.eu:52390/ANS,MP3,128,Working,95,https://siatistaagiosnikolaos.files.wordpress.com/2011/10/orthodo.jpg,"tags: christian,greek traditional",radio-browser,Europe/Athens,False,
GR,Paranoise,,—,(unlisted),,Other,Other,Greek,None,Unknown,https://paranoisewebcast.radioca.st/stream,MP3,320,Working,61,https://d3e54v103j8qbb.cloudfront.net/static/designer_favicon.5ea478d03e.png,tags: intriguing sounds,radio-browser,Europe/Athens,False,
GR,Parea,,—,(unlisted),,Music,Traditional / Folk,Greek,None,Unknown,https://webinternetradios.eu:59492/,MP3,256,Working,20,https://www.radioparea.eu/favicon.ico,tags: greek folk,radio-browser,Europe/Athens,False,
GR,Pemptousia,,—,(unlisted),,Religious,Religious,Greek,None,Unknown,http://n11.radiojar.com/48cz219puzzuv?rj-ttl=5&rj-tok=AAABeRN9wesAFTQFvTg0K7vGZg,MP3,,Working,69,https://www.pemptousia.gr/wp-content/themes/pemptousia_gr/favicon/apple-icon-120x120.png,"tags: christian,orthodox",radio-browser,Europe/Athens,False,
GR,Play Gold,,—,(unlisted),,Music,Oldies / 80s-90s,Greek,None,Unknown,http://n02.radiojar.com/431m8b6qcm5tv?rj-ttl=5&rj-tok=AAABeMb0Lj0AJxDa01j50hVL0Q,MP3,,Working,279,http://resources.live24.gr/resources/images/stations/786f0ab8-7135-4d2b-bbe9-f8eb55350dcf.png,"tags: 00s,80s,90s,pop",radio-browser,Europe/Athens,False,
GR,Play Lounge,,—,(unlisted),,Other,Other,Greek,None,Unknown,https://stream.radiojar.com/n6frf0ct274tv,MP3,,Working,481,https://playradio.one/upload/favicon.ico,tags: ,radio-browser,Europe/Athens,False,
GR,Playfm.gr,,—,(unlisted),,Other,Other,Greek,None,Unknown,https://c36.radioboss.fm:8106/stream,MP3,192,Working,3,,tags: ,radio-browser,Europe/Athens,False,
GR,Pylia,,—,(unlisted),,Music,Traditional / Folk,Greek,None,Unknown,https://webinternetradio.eu:59415/,MP3,256,Working,10,,tags: greek folk,radio-browser,Europe/Athens,False,
GR,Rebetiko Sealabs,,—,(unlisted),,Other,Other,Greek,None,Unknown,https://rebetiko.sealabs.net/radio,MP3,40,Working,674,,tags: ,radio-browser,Europe/Athens,False,
GR,Rempetissa,,—,(unlisted),,Music,Greek pop,Greek,None,Unknown,https://webinternetradios.eu:59339/,MP3,256,Working,65,https://cbox.im/i/sX67t.jpg,"tags: greek pop,mainstream",radio-browser,Europe/Athens,False,
GR,REPLAY NEWS - Ελληνικά,,—,(unlisted),,News & Talk,News & Talk,Greek,None,Unknown,https://replaynewsgr.ice.infomaniak.ch/replaynewsgr-128.mp3,MP3,128,Working,3,https://www.publicsante.com/BIENVENU/LOGO%20REPLAY%20NEWS-EL.png,"tags: information,news",radio-browser,Europe/Athens,False,
GR,Retro 937,,—,(unlisted),,Music,Traditional / Folk,Greek,None,Unknown,https://sp.streams.ovh/8056/stream,MP3,128,Working,68,http://resources.live24.gr/resources/images/stations/4a98b420-e096-43d0-9804-bc239edb6984.jpg,"tags: folk,greek,oldies",radio-browser,Europe/Athens,False,
GR,Rizes,,—,(unlisted),,Music,Traditional / Folk,Greek,None,Unknown,https://rdst.win:59670/stream,MP3,128,Working,14,http://resources.live24.gr/resources/images/stations/7f629cfe-a611-4fef-a14c-c1bfdc59c5ea.png,"tags: greek folk music,greek pop",radio-browser,Europe/Athens,False,
GR,Rock Lab Ballads,,—,(unlisted),,Other,Other,Greek,None,Unknown,https://stream.zeno.fm/xqyzz6vzmg8uv?acu-uid=727435602967&triton-uid=cookie%3A83ca5b14-582e-4c12-a5ab-255cdb39e2cb,MP3,128,Working,194,,tags: ,radio-browser,Europe/Athens,False,
GR,Rokkea,,—,(unlisted),,Music,Rock / Alternative,Greek,None,Unknown,https://hotsoft.net.gr:9103/stream?1723237899345,AAC+,16,Working,7,http://goodradio.gr/wp-content/uploads/2023/05/rokea-logo-250-orange.gif,"tags: adult hits,indie,rock",radio-browser,Europe/Athens,False,
GR,Rooftops,,—,(unlisted),,Other,Other,Greek,None,Unknown,https://stream-52.zeno.fm/tkr863hrz68uv?zs=v3pefBSMRSKL6ZeJ0S0Sfg&acu-uid=727435602967&triton-uid=cookie%3A83ca5b14-582e-4c12-a5ab-255cdb39e2cb,MP3,128,Working,6,https://zeno.fm/static/icons/apple-icon-120x120.png,tags: ,radio-browser,Europe/Athens,False,
GR,Roxx,,—,(unlisted),,Music,Rock / Alternative,Greek,None,Unknown,http://n0f.radiojar.com/aay95tkmb?rj-ttl=5&rj-tok=AAABeM0nPCUAKtKvym5LvOsNmQ,MP3,,Working,12,,tags: rock,radio-browser,Europe/Athens,False,
GR,S-Fresh 91.2,,—,(unlisted),,Other,Other,Greek,None,Unknown,https://ams-pioneer02.dedicateware.com:1060/;listen.pls,MP3,192,Working,8,https://s-fresh.gr/wp-content/uploads/2022/08/cropped-SFRASH-LOGO-ver2.png,tags: ,radio-browser,Europe/Athens,False,
GR,Sampotaz,,—,(unlisted),,Music,Rock / Alternative,Greek,None,Unknown,https://eu10.fastcast4u.com/sampotaz,MP3,192,Working,28,http://resources.live24.gr/resources/images/stations/a4003147-38de-4ffa-9cb6-fd33f2504269.png,"tags: blues,folk,pank,rock",radio-browser,Europe/Athens,False,
GR,Serra,,—,(unlisted),,Music,Traditional / Folk,Greek,None,Unknown,https://cast2.radiohost.ovh/serraradio?mp=/stream,MP3,128,Working,20,,"tags: greek,pontos,traditional",radio-browser,Europe/Athens,False,
GR,Setta ,,—,(unlisted),,Music,Traditional / Folk,Greek,None,Unknown,http://cast.magicstreams.gr:9028/live,MP3,128,Working,25,http://resources.live24.gr/resources/images/stations/634061b1-5c6c-4f80-8782-847b1d2bb78f.jpg,tags: folk,radio-browser,Europe/Athens,False,
GR,Sevi,,—,(unlisted),,Music,Traditional / Folk,Greek,None,Unknown,http://cast.streams.ovh:9035/live,MP3,128,Working,28,http://resources.live24.gr/resources/images/stations/41ef3649-0fdc-4009-a3aa-d76418ccde35.png,"tags: folk,greek",radio-browser,Europe/Athens,False,
GR,SKAI TV,,—,(unlisted),,Other,Other,Greek,None,Unknown,https://skai-live-back.siliconweb.com/media/cambria4/index.m3u8,AAC,3249,Working,354,https://www.skaitv.gr/dist/images/favicons/apple-icon-120x120.png,tags: tv,radio-browser,Europe/Athens,False,
GR,Skyfox,,—,(unlisted),,Music,Greek music,Greek,None,Unknown,https://i4.streams.ovh:2200/ssl/foxradio?mp=/stream&1666695852355,MP3,320,Working,3,https://resources.live24.gr/resources/images/stations/a7f1dbb3-fd5e-480f-a1fc-853024aa1fff.jpg,"tags: greek music,pop",radio-browser,Europe/Athens,False,
GR,Sok FM 104.8,,—,(unlisted),,Other,Other,Greek,None,Unknown,https://stream.radiojar.com/zeqcyyvu48hvv,AAC,,Working,34,https://sokfm.gr/favicon.ico,tags: ,radio-browser,Europe/Athens,False,
GR,Souxe,,—,(unlisted),,Music,Traditional / Folk,Greek,None,Unknown,https://n09.radiojar.com/ugs98yvkb?rj-ttl=5&rj-tok=AAABhSUTgCAAJJ7vOqIw4wkuXw,MP3,,Working,11,https://radiosouxe.com/wp-content/uploads/2020/06/radiosouxe-1.png,"tags: greek folk,greek pop",radio-browser,Europe/Athens,False,
GR,stigma Zakynthos,,—,(unlisted),,Other,Other,Greek,None,Unknown,https://sp3.streams.ovh/cp/links.php?p=8062&m=pls,UNKNOWN,,Working,5,https://sp3.streams.ovh/cp/widgets/player/single/images/mp3_cover2.jpg,tags: ,radio-browser,Europe/Athens,False,
GR,SUBURBiA Planet Hardcore,,—,(unlisted),,Music,Electronic / Dance,Greek,None,Unknown,https://srv01.suburbiaparties.com/listen/suburbia/radio.mp3,AAC+,128,Working,2,https://www.suburbiaparties.com/images/logo_header_white_800.png,"tags: jungle,oldskool hardcore,rave,techno,trance",radio-browser,Europe/Athens,False,
GR,Techno Base 103.1,,—,(unlisted),,Other,Other,Greek,None,Unknown,https://stream-10.zeno.fm/izyb6gtfozpuv?zs=hRR4wSYGTi2FdjV89bXz5g&acu-uid=727435602967&triton-uid=cookie%3A83ca5b14-582e-4c12-a5ab-255cdb39e2cb,MP3,128,Working,139,,tags: ,radio-browser,Europe/Athens,False,
GR,The Sound FM,,—,(unlisted),,Music,Oldies / 80s-90s,Greek,None,Unknown,https://cast.radiohost.ovh/soundfm?mp=/stream,MP3,128,Working,7,https://olddj.gr/wp-content/uploads/2020/06/article-hero-637.png,tags: oldies,radio-browser,Europe/Athens,False,
GR,Thrakifm 99.8,,—,(unlisted),,Other,Other,Greek,None,Unknown,http://eco.onestreaming.com:8010/,MP3,128,Working,388,https://thrakifm.gr/wp-content/uploads/2012/09/keraia1.png,tags: ,radio-browser,Europe/Athens,False,
GR,Tracksaudio.com - 80s Music,,—,(unlisted),,Other,Other,Greek,None,Unknown,https://radiospromo.com/listen/tracksaudio.com_-_80s_music/radio.mp3,MP3,128,Working,10,https://www.tracksaudio.com/wp-content/uploads/2024/02/cropped-cropped-TracksAudio-Logo-Trans-1-80-black-180x180.png,tags: ,radio-browser,Europe/Athens,False,
GR,Tracksaudio.com - Chill House Music,,—,(unlisted),,Other,Other,Greek,None,Unknown,https://radiospromo.com/listen/tracksaudio.com_-_chill_house_music/radio.mp3,MP3,128,Working,11,https://www.tracksaudio.com/wp-content/uploads/2024/02/cropped-cropped-TracksAudio-Logo-Trans-1-80-black-180x180.png,tags: ,radio-browser,Europe/Athens,False,
GR,Traffic FM 91.8,,—,(unlisted),,Other,Other,Greek,None,Unknown,http://s5.onweb.gr:8506/stream,MP3,96,Working,4,https://www.trafficfm.gr/favicon.ico,tags: ,radio-browser,Europe/Athens,False,
GR,Trance Athena,,—,(unlisted),,Music,Electronic / Dance,English,None,Unknown,http://cast.streams.ovh:8008/stream,MP3,320,Working,10372,"https://static.wixstatic.com/media/7f073d_ed80ca4374ef48449f0a212faf03c149%7Emv2.jpg/v1/fit/w_2500,h_1330,al_c/7f073d_ed80ca4374ef48449f0a212faf03c149%7Emv2.jpg","tags: electronic,melodic trance,music,trance,uplifting trance",radio-browser,Europe/Athens,False,
GR,Tyflos GR,,—,(unlisted),,Music,Greek music,Greek,None,Unknown,https://solid48.streamupsolutions.com/proxy/monaytgo?mp=/stream,MP3,128,Working,4,https://tyflos.gr/wp-content/uploads/2023/04/Cover_tyflos-300x111.jpg,tags: greek music,radio-browser,Europe/Athens,False,
GR,Velvet Ballads 96.8 FM ,,—,(unlisted),,Music,Pop / Hits,"English,Greek",None,Unknown,https://metromedia.live24.gr/velvet968thess,MP3,128,Working,42,https://velvet968.gr/wp-content/uploads/2021/09/ms-icon-310x310-1-100x100.png,"tags: ballads,hits",radio-browser,Europe/Athens,False,
GR,Wave FM 974 Patras,,—,(unlisted),,Music,Rock / Alternative,Greek,None,Unknown,https://sp1.32bit.gr/cp/links.php?p=8018&m=pls,UNKNOWN,,Working,4,,"tags: alternative,pop,rock",radio-browser,Europe/Athens,False,
GR,Weird Fishes,,—,(unlisted),,Music,Rock / Alternative,Greek,None,Unknown,http://n12.radiojar.com/w47v0ekgzp5tv.m4a?rj-ttl=5&rj-tok=AAABeNc8lwUA6BG833qwmOENGw,MP3,,Working,41,,tags: rock,radio-browser,Europe/Athens,False,
GR,XFM GR,,—,(unlisted),,Other,Other,Greek,None,Unknown,https://solid1.streamupsolutions.com/proxy/zizthduh?mp=/=stream,MP3,192,Working,6,https://blogger.googleusercontent.com/img/a/AVvXsEgLLjuukVion4V_2dvg4KUwq0OnOh-0t9YTVNxPE16fRI8ULJuKaQ_SQvk9Kqo9a1ZyvuQT31rrRzn2hEp0aON5P7YdiJskMZOwS31356ZBau5IGbrExdpOus1u64MuToeEwTdnaxQPNFNr4zqQgGxmWeoq5H0v7EFljurXDSkcTc8S29rjb91vXh-o=s333,tags: ,radio-browser,Europe/Athens,False,
GR,Xilia Diamantia,,—,(unlisted),,Music,Greek pop,Greek,None,Unknown,https://i8.streams.ovh/ic/xiliadiamantia/stream,MP3,320,Working,12,http://resources.live24.gr/resources/images/stations/77b3dfec-7175-484c-898d-106a16116f63.jpg,"tags: greek pop,mainstream",radio-browser,Europe/Athens,False,
GR,Xryses Notes,,—,(unlisted),,Other,Other,Greek,None,Unknown,https://cast.radiohost.ovh:9031/live,MP3,128,Working,5,https://xrysesnotes.com/images/2ahccx3.jpg.png,tags: ,radio-browser,Europe/Athens,False,
GR,Zarpa News,,—,(unlisted),,News & Talk,News & Talk,Greek,None,Unknown,https://sh.onweb.gr/8454/stream,MP3,96,Working,3,,"tags: cretan,news",radio-browser,Europe/Athens,False,
GR,zeno fm - Pame Rebetiko kai laiko ,,—,(unlisted),,Other,Other,Greek,None,Unknown,https://stream-174.zeno.fm/wqcp8gq67vzuv?zt=eyJhbGciOiJIUzI1NiJ9.eyJzdHJlYW0iOiJ3cWNwOGdxNjd2enV2IiwiaG9zdCI6InN0cmVhbS0xNzQuemVuby5mbSIsInJ0dGwiOjUsImp0aSI6Im5nLXVzMFhrVGVTWTFQVkplaGhrcVEiLCJpYXQiOjE3MzEzMTc2MjIsImV4cCI6MTczMTMxNzY4Mn0.wy5ztQfuz1ks3t1FzSxlAiZfQvMeAsPuiz07qc0JeGs,MP3,128,Working,294,https://zeno.fm/apple-icon-120x120.png,tags: ,radio-browser,Europe/Athens,False,
GR,Zucca,,—,(unlisted),,Other,Other,Greek,None,Unknown,http://stream.zuccaradio.com/stream?,MP3,128,Working,212,https://zuccaradio.com/favicon.ico,tags: ,radio-browser,Europe/Athens,False,
GR,Άρωμα FM 88.2 (Aroma),,—,(unlisted),,Other,Other,Greek,None,Unknown,http://streams.enjoyfm.gr:48500/aroma.mp3,MP3,128,Working,84,,tags: ,radio-browser,Europe/Athens,False,
GR,Έντεχνα,,—,(unlisted),,Other,Other,Greek,None,Unknown,https://rasp35.ddnsfree.com:3535/stream,MP3,128,Working,3,,tags: ,radio-browser,Europe/Athens,False,
GR,"Ακούστε το Χριστιανισμό 104,3 FM",,—,(unlisted),,Other,Other,Greek,None,Unknown,https://eu1.fastcast4u.com/proxy/afreeapo?mp=/1,MP3,48,Working,77,,tags: ελλάδα,radio-browser,Europe/Athens,False,
GR,"Αλέξιος Κομηνός 105,8",,—,(unlisted),,Other,Other,Greek,None,Unknown,http://eco.onestreaming.com:8027/stream,MP3,128,Working,6,https://www.facebook.com/favicon.ico,tags: ,radio-browser,Europe/Athens,False,
GR,"Αλέξιος Κομηνός 105,8 FM",,—,(unlisted),,Other,Other,Greek,None,Unknown,http://eco.onestreaming.com:8027/stream,MP3,128,Working,6,https://www.facebook.com/favicon.ico,tags: ,radio-browser,Europe/Athens,False,
GR,Αργοσαρωνικός,,—,(unlisted),,Music,Traditional / Folk,Greek,None,Unknown,http://s3.onweb.gr:8536/;,MP3,128,Working,39,http://resources.live24.gr/resources/images/stations/93e4df80-f7f3-48b0-8339-46e59da156ec.jpg,"tags: folk,greek",radio-browser,Europe/Athens,False,
GR,Αυθεντικό GR,,—,(unlisted),,Other,Other,Greek,None,Unknown,https://solid33.streamupsolutions.com/proxy/xbygwcwv/stream,MP3,128,Working,3,,tags: ,radio-browser,Europe/Athens,False,
GR,Γνήσιος,,—,(unlisted),,Music,Traditional / Folk,Greek,None,Unknown,https://streamyourdream.org:8138/stream,MP3,128,Working,68,https://www.gnisios.gr/images/favicon.png,tags: greek folk,radio-browser,Europe/Athens,False,
GR,ΔΙΑΥΛΟΣ FM 99.2,,—,(unlisted),,Other,Other,Greek,None,Unknown,https://server.el1.info:37060/stream,MP3,128,Working,30,,tags: ,radio-browser,Europe/Athens,False,
GR,Εκκλησία Χριστιανών Ελλάδος,,—,(unlisted),,Other,Other,Greek,None,Unknown,https://sonic.streams.ovh/9942/;,MP3,128,Working,25,https://resources.live24.gr/resources/images/stations/c0757837-9002-4fc0-9144-cd50a0a56f9b.png,tags: ,radio-browser,Europe/Athens,False,
GR,Ελληνικό Παραδοσιακό Ραδιόφωνο,,—,(unlisted),,Music,Traditional / Folk,Greek,None,Unknown,http://i2.streams.ovh:7058/stream1,MP3,128,Working,79,,"tags: folk,greek,traditional",radio-browser,Europe/Athens,False,
GR,Ελληνικό Φαινόμενο,,—,(unlisted),,Music,Traditional / Folk,Greek,None,Unknown,https://rdst.win:59888/live,MP3,128,Working,10,http://resources.live24.gr/resources/images/stations/6f5418b6-c850-4414-836d-1d901cb9f27b.png,"tags: greek folk,greek pop,mainstream",radio-browser,Europe/Athens,False,
GR,Ηχώ των Σαρακατσαναίων,,—,(unlisted),,Other,Other,Greek,None,Unknown,https://cloudwebradio.com/8158/stream,MP3,128,Working,5,https://resources.live24.gr/resources/images/stations/0421508b-f76c-4774-a14e-20885fe2a090.png,tags: ,radio-browser,Europe/Athens,False,
GR,κλαρινόβιος,,—,(unlisted),,Music,Traditional / Folk,Greek,None,Unknown,https://s6.e-resellers.gr/8040/stream,MP3,192,Working,6,,tags: folk,radio-browser,Europe/Athens,False,
GR,Κύκλος,,—,(unlisted),,Music,Pop,Greek,None,Unknown,http://c30.radioboss.fm:8299/stream,AAC,160,Working,3,http://resources.live24.gr/resources/images/stations/d2c30df2-07b0-47d2-9104-40690a17564b.jpg,tags: pop,radio-browser,Europe/Athens,False,
GR,Λαϊκή Κιβωτός,,—,(unlisted),,Music,Traditional / Folk,Greek,None,Unknown,http://everest.streams.ovh:1310/stream,MP3,320,Working,35,,tags: greek folk,radio-browser,Europe/Athens,False,
GR,Λαϊκό Ραδιόφωνο,,—,(unlisted),,Music,Traditional / Folk,Greek,None,Unknown,http://i2.streams.ovh:7017/;s.mp3%2613142580629?1561638450138,MP3,320,Working,52,http://resources.live24.gr/resources/images/stations/20540cba-6eb8-4d5f-b6b4-3575d24ff57e.jpg,"tags: folk,greek,oldies,pop",radio-browser,Europe/Athens,False,
GR,Λυδία FM 94.2,,—,(unlisted),,Other,Other,Greek,None,Unknown,http://eu1.radiolydia.com:1086/;,MP3,128,Working,102,,tags: undefined,radio-browser,Europe/Athens,False,
GR,Μουσικά Ταξίδια,,—,(unlisted),,Music,Traditional / Folk,Greek,None,Unknown,https://i5.streams.ovh:14099/stream,MP3,320,Working,9,http://www.facebook.com/favicon.ico,"tags: greek folk,greek pop,mainstream",radio-browser,Europe/Athens,False,
GR,Ξηρόμερο 88.3,,—,(unlisted),,Music,Greek pop,Greek,None,Unknown,https://cast.magicstreams.gr/ic/raxfm/stream,MP3,128,Working,4,https://resources.live24.gr/resources/images/stations/d6db6ac6-be84-45e9-be16-9a5f14d31b2d.png,"tags: greek pop,mainstream",radio-browser,Europe/Athens,False,
GR,ΟΚ! Anytime Markets,,—,(unlisted),,Other,Other,Greek,None,Unknown,http://okshop.live24.gr/okshop,MP3,128,Working,13,https://www.lifo.gr/sites/default/files/styles/facebook/public/articles/2020-07-29/logo-ok-anytime-markets.jpg?h=7ce3e8c5&itok=2r0-0OCH,tags: ,radio-browser,Europe/Athens,False,
GR,Ορθοδοξία Άγιος Παϊσιος,,—,(unlisted),,Other,Other,Greek,None,Unknown,https://rasp35.ddnsfree.com:3535/pss,MP3,32,Working,5,https://rasp35.ddnsfree.com/icons/pss.jpg,"tags: ομιλίες,ορθοδοξία,χριστιανισμός",radio-browser,Europe/Athens,False,
GR,Πάλκο,,—,(unlisted),,Music,Traditional / Folk,Greek,None,Unknown,https://cast4.magicstreams.gr:10194/stream,MP3,192,Working,23,https://radiopalko.gr/favicon.ico,tags: greek folk,radio-browser,Europe/Athens,False,
GR,Πίνδαρος,,—,(unlisted),,Other,Other,Greek,None,Unknown,https://stream-47.zeno.fm/2veaqcf5u7zuv?zs=ekoV3lSTR1OPYeg_m4Q7Tw&acu-uid=727435602967&triton-uid=cookie%3A83ca5b14-582e-4c12-a5ab-255cdb39e2cb,MP3,128,Working,2,https://zeno.fm/favicon.ico,tags: ,radio-browser,Europe/Athens,False,
GR,Πειραϊκή Εκκλησία,,—,(unlisted),,Other,Other,Greek,None,Unknown,https://impradio.bytemasters.gr/8002/stream,MP3,192,Working,484,,tags: ,radio-browser,Europe/Athens,False,
GR,Πορτοκαλί,,—,(unlisted),,News & Talk,News & Talk,Greek,None,Unknown,https://n07.radiojar.com/un4tp96kb.mp3?rj-ttl=5&rj-tok=AAABeROITdYAtrTuiqqUuR0D8Q,MP3,,Working,11,https://el-gr.facebook.com/favicon.ico,"tags: news,pop,rock,talk",radio-browser,Europe/Athens,False,
GR,Ράδιο 322,,—,(unlisted),,Music,Greek music,Greek,None,Unknown,https://stream-174.zeno.fm/qdi2wkplpdwuv?zt=eyJhbGciOiJIUzI1NiJ9.eyJzdHJlYW0iOiJxZGkyd2twbHBkd3V2IiwiaG9zdCI6InN0cmVhbS0xNzQuemVuby5mbSIsInJ0dGwiOjUsImp0aSI6IlIzVnE3dDZ4VFlpMFIyb0tZSVFUOHciLCJpYXQiOjE3NDc1OTU2NjksImV4cCI6MTc0NzU5NTcyOX0.DFUsugp-EF6XfjermbcNQM1YOvPDrpezpVSjZCgEHcU,MP3,320,Working,2,https://resources.live24.gr/resources/images/stations/c8e574a4-1b4d-47aa-a6e5-fce5de4d79da.jpg,tags: greek music,radio-browser,Europe/Athens,False,
GR,Ράδιο Μαρτίνο,,—,(unlisted),,Other,Other,Greek,None,Unknown,https://eu1.fastcast4u.com/proxy/radiomartino?mp=/1,MP3,128,Working,4,,tags: ,radio-browser,Europe/Athens,False,
GR,Ρίζες,,—,(unlisted),,Music,Traditional / Folk,Greek,None,Unknown,https://rdst.win:59670/stream,MP3,128,Working,25,,"tags: folk,greek",radio-browser,Europe/Athens,False,
GR,Στο κόκκινο 105.5,,—,(unlisted),,Other,Other,Greek,None,Unknown,https://n0a.radiojar.com/kokkino-ath.mp3?rj-ttl=5&rj-tok=AAABh-0eIcYAVz1x8OviF1g8jw,MP3,,Working,241,https://typologies.gr/wp-content/uploads/2019/10/kokkino.jpg,tags: ,radio-browser,Europe/Athens,False,
GR,Χρυσές Νότες,,—,(unlisted),,Music,Traditional / Folk,Greek,None,Unknown,http://cast.radiohost.ovh:9031/live,MP3,128,Working,17,,"tags: folk,greek,pop",radio-browser,Europe/Athens,False,
